コード,銘柄名,市場,規模
1301,極洋,プライム,TOPIX Small 1
1305,iFreeETF TOPIX(年1回決算型),ETF・ETN,
1306,NEXT FUNDS TOPIX連動型上場投信,ETF・ETN,
1308,上場インデックスファンドTOPIX,ETF・ETN,
1309,NEXT FUNDS ChinaAMC・中国株式・上証50連動型上場投信,ETF・ETN,
130A,Veritas In Silico,グロース,
1311,NEXT FUNDS TOPIX Core 30連動型上場投信,ETF・ETN,
1319,NEXT FUNDS 日経300株価指数連動型上場投信,ETF・ETN,
1320,iFreeETF 日経225(年1回決算型),ETF・ETN,
1321,NEXT FUNDS 日経225連動型上場投信,ETF・ETN,
1322,上場インデックスファンド中国A株(パンダ)E Fund CSI300,ETF・ETN,
1325,NEXT FUNDS ブラジル株式指数・ボベスパ連動型上場投信,ETF・ETN,
1326,SPDRゴールド・シェア,ETF・ETN,
1328,NEXT FUNDS 金価格連動型上場投信,ETF・ETN,
1329,iシェアーズ・コア 日経225 ETF,ETF・ETN,
1330,上場インデックスファンド225,ETF・ETN,
1332,ニッスイ,プライム,TOPIX Mid400
1333,Umios,プライム,TOPIX Mid400
133A,グローバルX 超短期米国債 ETF,ETF・ETN,
1343,NEXT FUNDS 東証REIT 指数連動型上場投信,ETF・ETN,
1345,上場インデックスファンドJリート(東証REIT指数)隔月分配型,ETF・ETN,
1346,MAXIS 日経225上場投信,ETF・ETN,
1348,MAXIS トピックス上場投信,ETF・ETN,
1349,ABF汎アジア債券インデックス・ファンド,ETF・ETN,
1356,TOPIXベア2倍上場投信,ETF・ETN,
1357,NEXT FUNDS 日経平均ダブルインバース・インデックス連動型上場投信,ETF・ETN,
1358,上場インデックスファンド日経レバレッジ指数,ETF・ETN,
135A,VRAIN Solution,グロース,
1360,日経平均ベア2倍上場投信,ETF・ETN,
1364,iシェアーズ JPX日経400 ETF,ETF・ETN,
1365,iFreeETF 日経平均レバレッジ・インデックス,ETF・ETN,
1366,iFreeETF 日経平均ダブルインバース・インデックス,ETF・ETN,
1367,iFreeETF TOPIXレバレッジ(2倍)指数,ETF・ETN,
1368,iFreeETF TOPIXダブルインバース(-2倍)指数,ETF・ETN,
1369,One ETF 日経225,ETF・ETN,
1375,ユキグニファクトリー,プライム,TOPIX Small 2
1376,カネコ種苗,スタンダード,TOPIX Small 2
1377,サカタのタネ,プライム,TOPIX Small 1
1379,ホクト,プライム,TOPIX Small 2
137A,Cocolive,グロース,
1380,秋川牧園,スタンダード,
1381,アクシーズ,スタンダード,
1382,ホーブ,スタンダード,
1383,ベルグアース,スタンダード,
1384,ホクリヨウ,スタンダード,
138A,光フードサービス,グロース,
1397,SMDAM 日経225上場投信,ETF・ETN,
1398,SMDAM 東証REIT指数上場投信,ETF・ETN,
1399,上場インデックスファンドMSCI日本株高配当低ボラティリティ,ETF・ETN,
1401,エムビーエス,グロース,
1407,ウエストホールディングス,スタンダード,
140A,iFreeETF 米国10年国債先物インバース,ETF・ETN,
1414,ショーボンドホールディングス,プライム,TOPIX Mid400
1417,ミライト・ワン,プライム,TOPIX Mid400
1418,インターライフホールディングス,スタンダード,
1419,タマホーム,プライム,TOPIX Small 1
141A,トライアルホールディングス,グロース,
1420,サンヨーホームズ,スタンダード,
1429,日本アクア,プライム,
142A,ジンジブ,グロース,
1430,ファーストコーポレーション,スタンダード,
1431,Lib Work,グロース,
1433,ベステラ,プライム,
1434,JESCOホールディングス,スタンダード,
1435,robot home,スタンダード,TOPIX Small 2
1436,グリーンエナジー&カンパニー,グロース,
1438,岐阜造園,スタンダード,
143A,イシン,グロース,
1443,技研ホールディングス,スタンダード,
1444,ニッソウ,グロース,
1446,キャンディル,スタンダード,
1447,SAAFホールディングス,グロース,
1450,TANAKEN,スタンダード,
1456,iFreeETF 日経平均インバース・インデックス,ETF・ETN,
1457,iFreeETF TOPIXインバース(-1倍)指数,ETF・ETN,
1458,楽天ETF‐日経レバレッジ指数連動型,ETF・ETN,
1459,楽天ETF‐日経ダブルインバース指数連動型,ETF・ETN,
145A,L is B,グロース,
1466,iFreeETF JPX日経400ダブルインバース・インデックス,ETF・ETN,
1469,JPX日経400ベア2倍上場投信(ダブルインバース),ETF・ETN,
146A,コロンビア・ワークス,スタンダード,
1472,NEXT FUNDS JPX日経400ダブルインバース・インデックス連動型上場投信,ETF・ETN,
1473,One ETF トピックス,ETF・ETN,
1474,One ETF JPX日経400,ETF・ETN,
1475,iシェアーズ・コア TOPIX ETF,ETF・ETN,
1476,iシェアーズ・コア Jリート ETF,ETF・ETN,
1477,iシェアーズ MSCI 日本株最小分散 ETF,ETF・ETN,
1478,iシェアーズ MSCI ジャパン高配当利回り ETF,ETF・ETN,
1479,iFreeETF MSCI日本株人材設備投資指数,ETF・ETN,
147A,ソラコム,グロース,
1480,NEXT FUNDS 野村企業価値分配指数連動型上場投信,ETF・ETN,
1481,上場インデックスファンド日本経済貢献株,ETF・ETN,
1482,iシェアーズ・コア 米国債7-10年 ETF(為替ヘッジあり),ETF・ETN,
1483,iシェアーズ JPX/S&P設備・人材投資 ETF,ETF・ETN,
1484,One ETF JPX/S&P 設備・人材投資指数,ETF・ETN,
1485,MAXIS JAPAN 設備・人材積極投資企業200上場投信,ETF・ETN,
1486,上場インデックスファンド米国債券(為替ヘッジなし),ETF・ETN,
1487,上場インデックスファンド米国債券(為替ヘッジあり),ETF・ETN,
1488,iFreeETF 東証REIT指数,ETF・ETN,
1489,NEXT FUNDS 日経平均高配当株50指数連動型上場投信,ETF・ETN,
148A,ハッチ・ワーク,グロース,
1490,上場インデックスファンドMSCI日本株高配当低ボラティリティ(βヘッジ),ETF・ETN,
1491,中外鉱業,スタンダード,
1493,One ETF JPX日経中小型,ETF・ETN,
1494,One ETF 高配当日本株,ETF・ETN,
1495,上場インデックスファンドアジアリート,ETF・ETN,
1496,iシェアーズ 米ドル建て投資適格社債 ETF(為替ヘッジあり),ETF・ETN,
1497,iシェアーズ 米ドル建てハイイールド社債 ETF(為替ヘッジあり),ETF・ETN,
1498,One ETF ESG,ETF・ETN,
1499,MAXIS日本株高配当70マーケットニュートラル上場投信,ETF・ETN,
149A,シンカ,グロース,
150A,JSH,グロース,
1514,住石ホールディングス,スタンダード,TOPIX Small 2
1515,日鉄鉱業,プライム,TOPIX Small 1
1518,三井松島ホールディングス,プライム,TOPIX Small 1
151A,ダイブグループ,グロース,
153A,カウリス,グロース,
1540,純金上場信託(現物国内保管型),ETF・ETN,
1541,純プラチナ上場信託(現物国内保管型),ETF・ETN,
1542,純銀上場信託(現物国内保管型),ETF・ETN,
1543,純パラジウム上場信託(現物国内保管型),ETF・ETN,
1545,NEXT FUNDS NASDAQ-100(為替ヘッジなし)連動型上場投信,ETF・ETN,
1546,NEXT FUNDS ダウ・ジョーンズ工業株30種平均株価(為替ヘッジなし)連動型上場投信,ETF・ETN,
1547,上場インデックスファンド米国株式(S&P500),ETF・ETN,
1550,MAXIS 海外株式(MSCIコクサイ)上場投信,ETF・ETN,
1551,東証スタンダードTOP20ETF,ETF・ETN,
1554,上場インデックスファンド世界株式(MSCI ACWI)除く日本,ETF・ETN,
1555,上場インデックスファンド豪州リート(S&P/ASX200 A-REIT),ETF・ETN,
1557,State Street SPDR S&P 500 ETF,ETF・ETN,
1559,NEXT FUNDS タイ株式SET50指数連動型上場投信,ETF・ETN,
155A,情報戦略テクノロジー,グロース,
1560,NEXT FUNDS FTSEブルサ・マレーシアKLCI連動型上場投信,ETF・ETN,
1563,東証グロース・コアETF,ETF・ETN,
1566,上場インデックスファンド新興国債券,ETF・ETN,
1568,TOPIXブル2倍上場投信,ETF・ETN,
1569,TOPIXベア上場投信,ETF・ETN,
156A,マテリアルグループ,グロース,
1570,NEXT FUNDS 日経平均レバレッジ・インデックス連動型上場投信,ETF・ETN,
1571,NEXT FUNDS 日経平均インバース・インデックス連動型上場投信,ETF・ETN,
1572,中国H株ブル2倍上場投信,ETF・ETN,
1573,中国H株ベア上場投信,ETF・ETN,
1577,NEXT FUNDS 野村日本株高配当70連動型上場投信,ETF・ETN,
1578,上場インデックスファンド日経225(ミニ),ETF・ETN,
1579,日経平均ブル2倍上場投信,ETF・ETN,
157A,グリーンモンスター,グロース,
1580,日経平均ベア上場投信,ETF・ETN,
1585,iFreeETF TOPIX Ex-Financials,ETF・ETN,
1586,上場インデックスファンドTOPIX Ex-Financials,ETF・ETN,
1591,NEXT FUNDS JPX日経インデックス400連動型上場投信,ETF・ETN,
1592,上場インデックスファンドJPX日経インデックス400,ETF・ETN,
1593,MAXIS JPX日経インデックス400上場投信,ETF・ETN,
1595,NZAM 上場投信 東証REIT指数,ETF・ETN,
1596,NZAM 上場投信 TOPIX Ex-Financials,ETF・ETN,
1597,MAXIS Jリート上場投信,ETF・ETN,
1599,iFreeETF JPX日経400,ETF・ETN,
159A,NEXT FUNDS JPXプライム150指数連動型上場投信,ETF・ETN,
1605,INPEX,プライム,TOPIX Mid400
160A,アズパートナーズ,スタンダード,
1615,NEXT FUNDS 東証銀行業株価指数連動型上場投信,ETF・ETN,
1617,NEXT FUNDS 食品(TOPIX-17)上場投信,ETF・ETN,
1618,NEXT FUNDS エネルギー資源(TOPIX-17)上場投信,ETF・ETN,
1619,NEXT FUNDS 建設・資材(TOPIX-17)上場投信,ETF・ETN,
1620,NEXT FUNDS 素材・化学(TOPIX-17)上場投信,ETF・ETN,
1621,NEXT FUNDS 医薬品(TOPIX-17)上場投信,ETF・ETN,
1622,NEXT FUNDS 自動車・輸送機(TOPIX-17)上場投信,ETF・ETN,
1623,NEXT FUNDS 鉄鋼・非鉄(TOPIX-17)上場投信,ETF・ETN,
1624,NEXT FUNDS 機械(TOPIX-17)上場投信,ETF・ETN,
1625,NEXT FUNDS 電機・精密(TOPIX-17)上場投信,ETF・ETN,
1626,NEXT FUNDS 情報通信・サービスその他(TOPIX-17)上場投信,ETF・ETN,
1627,NEXT FUNDS 電力・ガス(TOPIX-17)上場投信,ETF・ETN,
1628,NEXT FUNDS 運輸・物流(TOPIX-17)上場投信,ETF・ETN,
1629,NEXT FUNDS 商社・卸売(TOPIX-17)上場投信,ETF・ETN,
162A,AIセレクトメガトレンド 日本株(ネットリターン)ETN,ETF・ETN,
1630,NEXT FUNDS 小売(TOPIX-17)上場投信,ETF・ETN,
1631,NEXT FUNDS 銀行(TOPIX-17)上場投信,ETF・ETN,
1632,NEXT FUNDS 金融(除く銀行)(TOPIX-17)上場投信,ETF・ETN,
1633,NEXT FUNDS 不動産(TOPIX-17)上場投信,ETF・ETN,
163A,半導体フォーカス 日本株(ネットリターン)ETN,ETF・ETN,
1651,iFreeETF TOPIX高配当40指数,ETF・ETN,
1652,iFreeETF MSCI日本株女性活躍指数(WIN),ETF・ETN,
1653,iFreeETF MSCIジャパンESGセレクト・リーダーズ指数,ETF・ETN,
1654,iFreeETF FTSE JPX Blossom Japan Index,ETF・ETN,
1655,iシェアーズ S&P 500 米国株 ETF,ETF・ETN,
1656,iシェアーズ・コア 米国債7-10年 ETF,ETF・ETN,
1657,iシェアーズ・コア MSCI 先進国株(除く日本)ETF,ETF・ETN,
1658,iシェアーズ・コア MSCI 新興国株 ETF,ETF・ETN,
1659,iシェアーズ 米国リート ETF,ETF・ETN,
1660,MAXIS高利回りJリート上場投信,ETF・ETN,
1662,石油資源開発,プライム,TOPIX Small 1
1663,K&Oエナジーグループ,プライム,TOPIX Small 1
166A,タスキホールディングス,プライム,TOPIX Small 2
1671,WTI原油価格連動型上場投信,ETF・ETN,
1672,WisdomTree 金上場投資信託,ETF・ETN,
1673,WisdomTree 銀上場投資信託,ETF・ETN,
1674,WisdomTree 白金上場投資信託,ETF・ETN,
1675,WisdomTree パラジウム上場投資信託,ETF・ETN,
1676,WisdomTree 貴金属バスケット上場投資信託,ETF・ETN,
1677,上場インデックスファンド海外債券(FTSE WGBI)毎月分配型,ETF・ETN,
1678,NEXT FUNDS インド株式指数・Nifty 50 連動型上場投信,ETF・ETN,
1679,Simple-X NY ダウ・ジョーンズ・インデックス上場投信,ETF・ETN,
167A,リョーサン菱洋ホールディングス,プライム,TOPIX Small 1
1680,上場インデックスファンド海外先進国株式(MSCI-KOKUSAI),ETF・ETN,
1681,上場インデックスファンド海外新興国株式(MSCI エマージング),ETF・ETN,
1684,WisdomTree ブロード上場投資信託,ETF・ETN,
1685,WisdomTree エネルギー上場投資信託,ETF・ETN,
1686,WisdomTree 産業用金属上場投資信託,ETF・ETN,
1687,WisdomTree 農産物上場投資信託,ETF・ETN,
1688,WisdomTree 穀物上場投資信託,ETF・ETN,
1689,WisdomTree 天然ガス上場投資信託,ETF・ETN,
168A,イタミアート,グロース,
1690,WisdomTree WTI 原油上場投資信託,ETF・ETN,
1691,WisdomTree ガソリン上場投資信託,ETF・ETN,
1692,WisdomTree アルミニウム上場投資信託,ETF・ETN,
1693,WisdomTree 銅上場投資信託,ETF・ETN,
1694,WisdomTree ニッケル上場投資信託,ETF・ETN,
1695,WisdomTree 小麦上場投資信託,ETF・ETN,
1696,WisdomTree とうもろこし上場投資信託,ETF・ETN,
1697,WisdomTree 大豆上場投資信託,ETF・ETN,
1698,上場インデックスファンド日本高配当(東証配当フォーカス100),ETF・ETN,
1699,NEXT FUNDS NOMURA 原油インデックス連動型上場投信,ETF・ETN,
170A,SMT ETF日本好配当株アクティブ,ETF・ETN,
1711,SDSホールディングス,スタンダード,
1716,第一カッター興業,スタンダード,TOPIX Small 2
1717,明豊ファシリティワークス,スタンダード,
1718,美樹工業,スタンダード,
1719,安藤・間,プライム,TOPIX Mid400
1720,東急建設,プライム,TOPIX Small 1
1721,コムシスホールディングス,プライム,TOPIX Mid400
1723,日本電技,スタンダード,
1724,シンクレイヤ,スタンダード,
1736,オーテック,スタンダード,
173A,ハンモック,グロース,
1758,太洋基礎工業,スタンダード,
175A,Will Smart,グロース,
1762,高松コンストラクショングループ,プライム,TOPIX Small 2
1764,工藤建設,スタンダード,
1766,東建コーポレーション,プライム,TOPIX Small 1
1768,ソネック,スタンダード,
1770,藤田エンジニアリング,スタンダード,
1773,ワイ・ティー・エル・コーポレーション・バーハッド,プライム（外国株式）,
177A,コージンバイオ,グロース,
1780,ヤマウラ,プライム,TOPIX Small 2
1783,fantasista,スタンダード,
1786,オリエンタル白石,プライム,TOPIX Small 2
1787,ナカボーテック,スタンダード,
1788,三東工業社,スタンダード,
178A,グローバルX 革新的優良企業 ETF,ETF・ETN,
1793,大本組,スタンダード,
1795,マサル,スタンダード,
1798,守谷商会,スタンダード,
1799,第一建設工業,スタンダード,
179A,グローバルX 超長期米国債 ETF(為替ヘッジあり),ETF・ETN,
1801,大成建設,プライム,TOPIX Mid400
1802,大林組,プライム,TOPIX Mid400
1803,清水建設,プライム,TOPIX Mid400
1807,佐藤渡辺,スタンダード,
1808,長谷工コーポレーション,プライム,TOPIX Mid400
180A,グローバルX 超長期米国債 ETF,ETF・ETN,
1810,松井建設,スタンダード,TOPIX Small 2
1811,錢高組,スタンダード,
1812,鹿島建設,プライム,TOPIX Mid400
1813,不動テトラ,プライム,TOPIX Small 2
1814,大末建設,プライム,
1815,鉄建建設,プライム,TOPIX Small 2
181A,MAXIS米国国債1-3年上場投信(為替ヘッジなし),ETF・ETN,
1820,西松建設,プライム,TOPIX Mid400
1822,大豊建設,スタンダード,TOPIX Small 2
1826,佐田建設,スタンダード,
1827,ナカノフドー建設,スタンダード,
1828,田辺工業,スタンダード,
182A,MAXIS米国国債20年超上場投信(為替ヘッジなし),ETF・ETN,
1833,奥村組,プライム,TOPIX Small 1
1835,東鉄工業,プライム,TOPIX Small 1
183A,MAXIS米国国債20年超上場投信(為替ヘッジあり),ETF・ETN,
1840,土屋ホールディングス,スタンダード,
1844,大盛工業,スタンダード,
1847,イチケン,スタンダード,
1848,富士ピー・エス,スタンダード,
184A,学びエイド,グロース,
1850,南海辰村建設,スタンダード,
1852,淺沼組,プライム,TOPIX Small 1
1853,森組,スタンダード,
1860,戸田建設,プライム,TOPIX Mid400
1861,熊谷組,プライム,TOPIX Small 1
1866,北野建設,スタンダード,
1867,植木組,スタンダード,
186A,アストロスケールホールディングス,グロース,
1870,矢作建設工業,プライム,TOPIX Small 1
1871,ピーエス・コンストラクション,プライム,TOPIX Small 2
1873,日本ハウスホールディングス,プライム,TOPIX Small 2
1878,大東建託,プライム,TOPIX Mid400
1879,新日本建設,プライム,TOPIX Small 2
1882,東亜道路工業,プライム,TOPIX Small 1
1885,東亜建設工業,プライム,TOPIX Small 1
1887,日本国土開発,プライム,TOPIX Small 2
1888,若築建設,プライム,TOPIX Small 2
188A,グローバルX インド・トップ10+ ETF,ETF・ETN,
1893,五洋建設,プライム,TOPIX Mid400
1897,金下建設,スタンダード,
1898,世紀東急工業,プライム,TOPIX Small 1
1899,福田組,プライム,TOPIX Small 2
189A,D&Mカンパニー,グロース,
1904,大成温調,スタンダード,
1905,テノックス,スタンダード,
1909,日本ドライケミカル,スタンダード,
190A,Chordia Therapeutics,グロース,
1911,住友林業,プライム,TOPIX Mid400
1914,日本基礎技術,スタンダード,
1921,巴コーポレーション,スタンダード,
1925,大和ハウス工業,プライム,TOPIX Large70
1926,ライト工業,プライム,TOPIX Small 1
1928,積水ハウス,プライム,TOPIX Large70
1929,日特建設,プライム,TOPIX Small 2
192A,インテグループ,グロース,
1930,北陸電気工事,プライム,TOPIX Small 2
1934,ユアテック,プライム,TOPIX Small 1
1938,日本リーテック,プライム,TOPIX Small 2
1939,四電工,プライム,TOPIX Small 2
1941,中電工,プライム,TOPIX Small 1
1942,関電工,プライム,TOPIX Mid400
1944,きんでん,プライム,TOPIX Mid400
1945,東京エネシス,プライム,TOPIX Small 2
1946,トーエネック,プライム,TOPIX Small 2
1948,弘電社,スタンダード,
194A,WOLVES HAND,グロース,
1950,日本電設工業,プライム,TOPIX Small 1
1951,エクシオグループ,プライム,TOPIX Mid400
1952,新日本空調,プライム,TOPIX Small 1
1959,クラフティア,プライム,TOPIX Mid400
195A,MUSCAT GROUP,グロース,
1960,サンテック,スタンダード,
1961,三機工業,プライム,TOPIX Small 1
1963,日揮ホールディングス,プライム,TOPIX Mid400
1964,中外炉工業,プライム,TOPIX Small 2
1965,テクノ菱和,スタンダード,
1966,高田工業所,スタンダード,
1967,ヤマト,スタンダード,
1968,太平電業,プライム,TOPIX Small 1
1969,高砂熱学工業,プライム,TOPIX Mid400
196A,MFS,グロース,
1972,三晃金属工業,スタンダード,
1975,朝日工業社,プライム,TOPIX Small 1
1976,明星工業,プライム,TOPIX Small 2
1979,大氣社,プライム,TOPIX Small 1
197A,タウンズ,スタンダード,
1980,ダイダン,プライム,TOPIX Small 1
1981,協和日成,スタンダード,
1982,日比谷総合設備,プライム,TOPIX Small 2
198A,PostPrime,グロース,
1992,神田通信機,スタンダード,
1994,高橋カーテンウォール工業,スタンダード,
1997,暁飯島工業,スタンダード,
2001,ニップン,プライム,TOPIX Small 1
2002,日清製粉グループ本社,プライム,TOPIX Mid400
2003,日東富士製粉,スタンダード,TOPIX Small 2
2004,昭和産業,プライム,TOPIX Small 2
2009,鳥越製粉,スタンダード,
200A,NEXT FUNDS 日経半導体株指数連動型上場投信,ETF・ETN,
2011,SMDAM Active ETF 日本高配当株式,ETF・ETN,
2012,iシェアーズ 米国債0-3ヶ月 ETF,ETF・ETN,
2013,iシェアーズ 米国高配当株 ETF,ETF・ETN,
2014,iシェアーズ 米国連続増配株 ETF,ETF・ETN,
2015,iFreeETF 米国国債7-10年(為替ヘッジなし),ETF・ETN,
2016,iFreeETF 米国国債7-10年(為替ヘッジあり),ETF・ETN,
2017,iFreeETF JPXプライム150,ETF・ETN,
2018,グローバルX US REIT・トップ20 ETF,ETF・ETN,
2019,グローバルX 米国優先証券 ETF(隔月分配型),ETF・ETN,
201A,iシェアーズ Nifty 50 インド株 ETF,ETF・ETN,
2031,NEXT NOTES 香港ハンセン・ダブル・ブル ETN,ETF・ETN,
2032,NEXT NOTES 香港ハンセン・ベア ETN,ETF・ETN,
2033,NEXT NOTES 韓国KOSPI・ダブル・ブル ETN,ETF・ETN,
2034,NEXT NOTES 韓国KOSPI・ベア ETN,ETF・ETN,
2036,NEXT NOTES 金先物 ダブル・ブル ETN,ETF・ETN,
2037,NEXT NOTES 金先物 ベア ETN,ETF・ETN,
2038,NEXT NOTES ドバイ原油先物 ダブル・ブル ETN,ETF・ETN,
2039,NEXT NOTES ドバイ原油先物 ベア ETN,ETF・ETN,
2040,NEXT NOTES NYダウ・ダブル・ブル・ドルヘッジ ETN,ETF・ETN,
2041,NEXT NOTES NYダウ・ベア・ドルヘッジ ETN,ETF・ETN,
2042,NEXT NOTES 東証グロース市場250 ETN,ETF・ETN,
2043,NEXT NOTES STOXX アセアン好配当50(円、ネットリターン)ETN,ETF・ETN,
2044,NEXT NOTES S&P500 配当貴族(ネットリターン) ETN,ETF・ETN,
2045,NEXT NOTES S&P シンガポール リート(ネットリターン) ETN,ETF・ETN,
2046,NEXT NOTES インドNifty・ダブル・ブル ETN,ETF・ETN,
2047,NEXT NOTES インドNifty・ベア ETN,ETF・ETN,
2048,NEXT NOTES 野村日本株高配当70(ドルヘッジ、ネットリターン)ETN,ETF・ETN,
2050,NEXT NOTES ニッチトップ 中小型日本株(ネットリターン)ETN,ETF・ETN,
2053,中部飼料,プライム,TOPIX Small 2
2055,日和産業,スタンダード,
205A,ロゴスホールディングス,グロース,
2060,フィード・ワン,プライム,TOPIX Small 2
2065,NEXT NOTES 日本株配当貴族(ドルヘッジ、ネットリターン)ETN,ETF・ETN,
2066,NEXT NOTES 東証REIT(ドルヘッジ、ネットリターン)ETN,ETF・ETN,
2067,NEXT NOTES 野村AIビジネス70(ネットリターン)ETN,ETF・ETN,
2068,NEXT NOTES 高ベータ30(ネットリターン)ETN,ETF・ETN,
2069,NEXT NOTES 低ベータ50(ネットリターン)ETN,ETF・ETN,
206A,PRISM BioLab,グロース,
2070,スマートESG30女性活躍(ネットリターン)ETN,ETF・ETN,
2071,スマートESG30総合(ネットリターン)ETN,ETF・ETN,
2072,トップシェアインデックス(ネットリターン)ETN,ETF・ETN,
2073,スマートESG30低カーボンリスク(ネットリターン)ETN,ETF・ETN,
2080,PBR1倍割れ解消推進ETF,ETF・ETN,
2081,政策保有解消推進ETF,ETF・ETN,
2082,投資家経営者一心同体ETF,ETF・ETN,
2083,NEXT FUNDS 日本成長株アクティブ上場投信,ETF・ETN,
2084,NEXT FUNDS 日本高配当株アクティブ上場投信,ETF・ETN,
2085,MAXIS高配当日本株アクティブ上場投信,ETF・ETN,
2086,NZAM 上場投信 S&P500(為替ヘッジあり),ETF・ETN,
2087,NZAM 上場投信 NASDAQ100(為替ヘッジあり),ETF・ETN,
2088,NZAM 上場投信 NYダウ30(為替ヘッジあり),ETF・ETN,
2089,NZAM 上場投信 DAX(為替ヘッジあり),ETF・ETN,
208A,構造計画研究所ホールディングス,スタンダード,
2090,NZAM 上場投信 米国国債7-10年(為替ヘッジあり),ETF・ETN,
2091,NZAM 上場投信 ドイツ国債7-10年(為替ヘッジあり),ETF・ETN,
2092,NZAM 上場投信 フランス国債7-10年(為替ヘッジあり),ETF・ETN,
2093,上場Tracers 米国債0-2年ラダー(為替ヘッジなし),ETF・ETN,
2094,東証REITインバースETF,ETF・ETN,
2095,グローバルX S&P500配当貴族 ETF(為替ヘッジあり),ETF・ETN,
2096,グローバルX オフィス・J-REIT ETF,ETF・ETN,
2097,グローバルX レジデンシャル・J-REIT ETF,ETF・ETN,
2098,グローバルX ホテル&リテール・J-REIT ETF,ETF・ETN,
2108,日本甜菜製糖,プライム,TOPIX Small 2
2109,DM三井製糖,プライム,TOPIX Small 1
210A,iFreeETF 日経高利回りREIT指数,ETF・ETN,
2112,塩水港精糖,スタンダード,
2114,フジ日本,スタンダード,
2117,ウェルネオシュガー,プライム,TOPIX Small 2
211A,カドス・コーポレーション,スタンダード,
2120,LIFULL,プライム,TOPIX Small 2
2121,MIXI,プライム,TOPIX Small 1
2122,インタースペース,スタンダード,
2124,ジェイエイシーリクルートメント,プライム,TOPIX Small 1
2127,日本M&Aセンターホールディングス,プライム,TOPIX Mid400
212A,フィットイージー,プライム,TOPIX Small 2
2130,メンバーズ,プライム,TOPIX Small 2
2134,北浜キャピタルパートナーズ,スタンダード,
2136,ヒップ,スタンダード,
2138,クルーズ,スタンダード,
2139,中広,スタンダード,
213A,上場インデックスファンド日経半導体株,ETF・ETN,
2146,UTグループ,プライム,TOPIX Small 1
2148,アイティメディア,プライム,TOPIX Small 2
2152,幼児活動研究会,スタンダード,
2153,E・Jホールディングス,プライム,TOPIX Small 2
2154,オープンアップグループ,プライム,TOPIX Small 1
2156,セーラー広告,スタンダード,
2157,コシダカホールディングス,プライム,TOPIX Small 1
2158,FRONTEO,グロース,
215A,タイミー,グロース,
2160,ジーエヌアイグループ,グロース,
2163,アルトナー,プライム,
2164,地域新聞社,スタンダード,
2168,パソナグループ,プライム,TOPIX Small 1
2169,CDS,スタンダード,
2170,リンクアンドモチベーション,プライム,TOPIX Small 2
2173,博展,グロース,
2175,エス・エム・エス,プライム,TOPIX Small 1
2179,成学社,スタンダード,
2180,サニーサイドアップグループ,スタンダード,
2181,パーソルホールディングス,プライム,TOPIX Mid400
2183,リニカル,スタンダード,
2185,シイエム・シイ,スタンダード,
2186,ソーバル,スタンダード,
218A,Liberaware,グロース,
2193,クックパッド,スタンダード,TOPIX Small 2
2195,アミタホールディングス,グロース,
2198,アイ・ケイ・ケイホールディングス,プライム,
219A,Heartseed,グロース,
2201,森永製菓,プライム,TOPIX Mid400
2204,中村屋,スタンダード,TOPIX Small 2
2206,江崎グリコ,プライム,TOPIX Mid400
2207,meito,プライム,TOPIX Small 2
2208,ブルボン,スタンダード,
2209,井村屋グループ,プライム,TOPIX Small 2
220A,Faber Company,スタンダード,
2211,不二家,プライム,TOPIX Small 2
2212,山崎製パン,プライム,TOPIX Mid400
2215,第一屋製パン,スタンダード,
2216,カンロ,スタンダード,
2217,モロゾフ,プライム,TOPIX Small 2
221A,MAXIS日経半導体株上場投信,ETF・ETN,
2220,亀田製菓,プライム,TOPIX Small 1
2221,岩塚製菓,スタンダード,
2222,寿スピリッツ,プライム,TOPIX Mid400
2224,コモ,スタンダード,
2226,湖池屋,スタンダード,
2229,カルビー,プライム,TOPIX Mid400
2235,上場インデックスファンド米国株式(ダウ平均)為替ヘッジなし,ETF・ETN,
2236,グローバルX S&P500配当貴族ETF,ETF・ETN,
2237,iFreeETF S&P500レバレッジ,ETF・ETN,
2238,iFreeETF S&P500インバース,ETF・ETN,
2239,上場インデックスファンドS&P500先物レバレッジ2倍,ETF・ETN,
223A,グローバルX AI&ビッグデータ ETF,ETF・ETN,
2240,上場インデックスファンドS&P500先物インバース,ETF・ETN,
2241,MAXIS NYダウ上場投信,ETF・ETN,
2242,MAXIS NYダウ上場投信(為替ヘッジあり),ETF・ETN,
2243,グローバルX 半導体 ETF,ETF・ETN,
2244,グローバルX US テック・トップ20 ETF,ETF・ETN,
2245,NEXT FUNDS ブルームバーグ・ドイツ国債(7-10年)インデックス(為替ヘッジあり)連動型上場投信,ETF・ETN,
2247,iFreeETF S&P500(為替ヘッジなし),ETF・ETN,
2248,iFreeETF S&P500(為替ヘッジあり),ETF・ETN,
2249,iFreeETF S&P500ダブルインバース,ETF・ETN,
224A,グローバルX ウラニウムビジネス ETF,ETF・ETN,
2250,iシェアーズ MSCI ジャパン気候変動アクション ETF,ETF・ETN,
2251,NEXT FUNDS JPX国債先物ダブルインバース指数連動型上場投信,ETF・ETN,
2252,グローバルX Morningstar 米国中小型 Moat ETF,ETF・ETN,
2253,グローバルX スーパーディビィデンド-US ETF,ETF・ETN,
2254,グローバルX チャイナEV&バッテリー ETF,ETF・ETN,
2255,iシェアーズ 米国債20年超 ETF,ETF・ETN,
2256,iシェアーズ 米国総合債券 ETF,ETF・ETN,
2257,iシェアーズ 米ドル建て投資適格社債 ETF,ETF・ETN,
2258,iシェアーズ 米ドル建てハイイールド社債 ETF,ETF・ETN,
2259,iシェアーズ フランス国債7-10年 ETF(為替ヘッジあり),ETF・ETN,
2264,森永乳業,プライム,TOPIX Mid400
2266,六甲バター,プライム,TOPIX Small 2
2267,ヤクルト本社,プライム,TOPIX Mid400
2268,B-R サーティワン アイスクリーム,スタンダード,
2269,明治ホールディングス,プライム,TOPIX Mid400
2270,雪印メグミルク,プライム,TOPIX Small 1
2281,プリマハム,プライム,TOPIX Small 1
2282,日本ハム,プライム,TOPIX Mid400
2286,林兼産業,スタンダード,
2288,丸大食品,プライム,TOPIX Small 2
228A,オプロ,グロース,
2291,福留ハム,スタンダード,
2292,S Foods,プライム,TOPIX Small 1
2293,滝沢ハム,スタンダード,
2294,柿安本店,プライム,TOPIX Small 2
2296,伊藤ハム米久ホールディングス,プライム,TOPIX Small 1
2300,きょくとう,スタンダード,
2301,学情,プライム,TOPIX Small 2
2303,ドーン,スタンダード,
2304,CSSホールディングス,スタンダード,
2305,スタジオアリス,スタンダード,TOPIX Small 2
2307,クロスキャット,プライム,TOPIX Small 2
2311,エプコ,スタンダード,
2315,CAICA DIGITAL,スタンダード,
2317,システナ,プライム,TOPIX Small 1
2321,ソフトフロントホールディングス,グロース,
2323,fonfun,スタンダード,
2325,NJS,プライム,TOPIX Small 2
2326,デジタルアーツ,プライム,TOPIX Small 1
2327,日鉄ソリューションズ,プライム,TOPIX Mid400
2329,東北新社,スタンダード,
2330,フォーサイド,スタンダード,
2331,ALSOK,プライム,TOPIX Mid400
2332,クエスト,スタンダード,
2334,イオレ,グロース,
2335,キューブシステム,プライム,TOPIX Small 2
2337,いちご,プライム,TOPIX Small 1
2338,クオンタムソリューションズ,スタンダード,
233A,iFreeETF インドNifty50,ETF・ETN,
2340,極楽湯ホールディングス,スタンダード,
2341,アルバイトタイムス,スタンダード,
2342,トランスジェニックグループ,スタンダード,
2345,HODL1,スタンダード,
2349,エヌアイデイ,スタンダード,
234A,グローバルX MSCI キャッシュフローキング-日本株式 ETF,ETF・ETN,
2351,ASJ,スタンダード,
2353,日本駐車場開発,プライム,TOPIX Small 1
2354,YE DIGITAL,スタンダード,
2359,コア,プライム,TOPIX Small 2
235A,グローバルX 高配当30-日本株式 ETF,ETF・ETN,
236A,iシェアーズ 日本国債7-10年 ETF,ETF・ETN,
2370,メディネット,グロース,
2371,カカクコム,プライム,TOPIX Mid400
2373,ケア21,スタンダード,
2375,ギグワークス,スタンダード,
2376,サイネックス,スタンダード,
2378,ルネサンス,プライム,TOPIX Small 2
2379,ディップ,プライム,TOPIX Small 1
237A,iシェアーズ 米国債25年超 ロングデュレーション ETF,ETF・ETN,
2384,SBSホールディングス,プライム,TOPIX Small 1
2385,総医研ホールディングス,グロース,
2388,ウェッジホールディングス,グロース,
238A,iシェアーズ 米国債25年超 ロングデュレーション ETF(為替ヘッジあり),ETF・ETN,
2391,プラネット,スタンダード,
2393,日本ケアサプライ,スタンダード,
2395,新日本科学,プライム,TOPIX Small 2
2404,鉄人化ホールディングス,スタンダード,
2408,KG情報,スタンダード,
2410,キャリアデザインセンター,プライム,
2411,ゲンダイエージェンシー,スタンダード,
2413,エムスリー,プライム,TOPIX Mid400
2415,ヒューマンホールディングス,スタンダード,
2418,ツカダ・グローバルホールディング,スタンダード,
241A,ROXX,グロース,
2424,ブラス,スタンダード,
2425,ケアサービス,スタンダード,
2428,ウェルネット,スタンダード,
2429,ワールドホールディングス,プライム,TOPIX Small 2
2432,ディー・エヌ・エー,プライム,TOPIX Mid400
2433,博報堂DYホールディングス,プライム,TOPIX Mid400
2435,シダー,スタンダード,
2436,共同ピーアール,スタンダード,
2437,Shinwa Wise Holdings,スタンダード,
2438,アスカネット,グロース,
2440,ぐるなび,スタンダード,TOPIX Small 2
2445,タカミヤ,スタンダード,TOPIX Small 2
2449,プラップジャパン,スタンダード,
244A,グロースエクスパートナーズ,グロース,
2454,オールアバウト,スタンダード,
2459,アウンコンサルティング,スタンダード,
245A,INGS,グロース,
2461,ファンコミュニケーションズ,プライム,TOPIX Small 2
2462,ライク,プライム,TOPIX Small 2
2464,Aoba‐BBT,スタンダード,
2469,ヒビノ,スタンダード,
246A,アスア,グロース,
2471,エスプール,プライム,TOPIX Small 2
2475,WDBホールディングス,プライム,TOPIX Small 2
2477,手間いらず,スタンダード,TOPIX Small 2
2479,ジェイテック,スタンダード,
247A,Aiロボティクス,グロース,
2480,システム・ロケーション,スタンダード,
2481,タウンニュース社,スタンダード,
2483,翻訳センター,スタンダード,
2484,出前館,スタンダード,
2485,ティア,スタンダード,
2488,JTP,スタンダード,
2489,アドウェイズ,スタンダード,TOPIX Small 2
248A,キッズスター,グロース,
2491,バリューコマース,プライム,TOPIX Small 2
2492,インフォマート,プライム,TOPIX Small 1
2493,イーサポートリンク,スタンダード,
2497,ユナイテッド,グロース,
2498,オリエンタルコンサルタンツホールディングス,スタンダード,
2499,日本和装ホールディングス,スタンダード,
2501,サッポロビール,プライム,TOPIX Mid400
2502,アサヒグループホールディングス,プライム,TOPIX Large70
2503,キリンホールディングス,プライム,TOPIX Large70
250A,シマダヤ,スタンダード,TOPIX Small 2
2510,NEXT FUNDS 国内債券・NOMURA-BPI総合連動型上場投信,ETF・ETN,
2511,NEXT FUNDS 外国債券・FTSE世界国債インデックス(除く日本・為替ヘッジなし)連動型上場投信,ETF・ETN,
2512,NEXT FUNDS 外国債券・FTSE世界国債インデックス(除く日本・為替ヘッジあり)連動型上場投信,ETF・ETN,
2513,NEXT FUNDS 外国株式・MSCI-KOKUSAI指数(為替ヘッジなし)連動型上場投信,ETF・ETN,
2514,NEXT FUNDS 外国株式・MSCI-KOKUSAI指数(為替ヘッジあり)連動型上場投信,ETF・ETN,
2515,NEXT FUNDS 外国REIT・S&P先進国REIT指数(除く日本・為替ヘッジなし)連動型上場投信,ETF・ETN,
2516,東証グロース250ETF,ETF・ETN,
2517,MAXIS Jリート・コア上場投信,ETF・ETN,
2518,NEXT FUNDS MSCI日本株女性活躍指数(セレクト)連動型上場投信,ETF・ETN,
2519,NEXT FUNDS 新興国債券・J.P.モルガン・エマージング・マーケット・ボンド・インデックス・プラス(為替ヘッジなし)連動型上場投信,ETF・ETN,
2520,NEXT FUNDS 新興国株式・MSCIエマージング・マーケット・インデックス(為替ヘッジなし)連動型上場投信,ETF・ETN,
2521,上場インデックスファンド米国株式(S&P500)為替ヘッジあり,ETF・ETN,
2522,iシェアーズ オートメーション & ロボット ETF,ETF・ETN,
2523,MAXISトピックス(除く金融)上場投信,ETF・ETN,
2524,NZAM 上場投信 TOPIX,ETF・ETN,
2525,NZAM 上場投信 日経225,ETF・ETN,
2526,NZAM 上場投信 JPX日経400,ETF・ETN,
2527,NZAM 上場投信 東証REIT Core指数,ETF・ETN,
2528,iFreeETF 東証REIT Core指数,ETF・ETN,
2529,NEXT FUNDS 野村株主還元70連動型上場投信,ETF・ETN,
2530,MAXIS HuaAn中国株式(上海180A株)上場投信,ETF・ETN,
2531,宝ホールディングス,プライム,TOPIX Mid400
2533,オエノンホールディングス,プライム,TOPIX Small 2
253A,ETSグループ,スタンダード,
254A,AIフュージョンキャピタルグループ,スタンダード,
2552,上場インデックスファンドJリート(東証REIT指数)隔月分配型(ミニ),ETF・ETN,
2553,One ETF 南方 中国A株 CSI500,ETF・ETN,
2554,NEXT FUNDS ブルームバーグ米国投資適格社債(1-10年)インデックス(為替ヘッジあり)連動型上場投信,ETF・ETN,
2555,東証REIT ETF,ETF・ETN,
2556,One ETF 東証REIT指数,ETF・ETN,
2557,SMDAM トピックス上場投信,ETF・ETN,
2558,MAXIS米国株式(S&P500)上場投信,ETF・ETN,
2559,MAXIS全世界株式(オール・カントリー)上場投信,ETF・ETN,
255A,ジーエルテクノホールディングス,スタンダード,
2560,MAXISカーボン・エフィシェント日本株上場投信,ETF・ETN,
2561,iシェアーズ・コア 日本国債 ETF,ETF・ETN,
2562,上場インデックスファンド米国株式(ダウ平均)為替ヘッジあり,ETF・ETN,
2563,iシェアーズ S&P 500 米国株 ETF(為替ヘッジあり),ETF・ETN,
2564,グローバルX MSCIスーパーディビィデンド-日本株式 ETF,ETF・ETN,
2565,グローバルX ロジスティクス・J-REIT ETF,ETF・ETN,
2566,上場インデックスファンド日経ESGリート,ETF・ETN,
2567,NZAM 上場投信 S&P/JPXカーボン・エフィシェント指数,ETF・ETN,
2568,上場インデックスファンド米国株式(NASDAQ100)為替ヘッジなし,ETF・ETN,
2569,上場インデックスファンド米国株式(NASDAQ100)為替ヘッジあり,ETF・ETN,
256A,飛島ホールディングス,プライム,TOPIX Small 2
2573,北海道コカ・コーラボトリング,スタンダード,
2579,コカ・コーラ ボトラーズジャパンホールディングス,プライム,TOPIX Mid400
257A,SMT ETF日本株厳選投資アクティブ,ETF・ETN,
2585,ライフドリンク カンパニー,プライム,TOPIX Small 1
2586,フルッタフルッタ,グロース,
2587,サントリービバレッジ&フード,プライム,TOPIX Mid400
2588,プレミアムウォーターホールディングス,スタンダード,
258A,SMT ETF国内リート厳選投資アクティブ,ETF・ETN,
2590,ダイドーグループホールディングス,プライム,TOPIX Small 1
2593,伊藤園,プライム,TOPIX Mid400
25935,伊藤園第1種優先株式,プライム,
2594,キーコーヒー,プライム,TOPIX Small 2
2597,ユニカフェ,スタンダード,
2602,日清オイリオグループ,プライム,TOPIX Small 1
2607,不二製油,プライム,TOPIX Mid400
2612,かどや製油,スタンダード,
2613,J-オイルミルズ,プライム,TOPIX Small 2
261A,日水コン,スタンダード,
2620,iシェアーズ 米国債1-3年 ETF,ETF・ETN,
2621,iシェアーズ 米国債20年超 ETF(為替ヘッジあり),ETF・ETN,
2622,iシェアーズ 米ドル建て新興国債券 ETF(為替ヘッジあり),ETF・ETN,
2623,iシェアーズ ユーロ建て投資適格社債 ETF(為替ヘッジあり),ETF・ETN,
2624,iFreeETF 日経225(年4回決算型),ETF・ETN,
2625,iFreeETF TOPIX(年4回決算型),ETF・ETN,
2626,グローバルX デジタル・イノベーション-日本株式 ETF,ETF・ETN,
2627,グローバルX eコマース-日本株式 ETF,ETF・ETN,
2628,iFreeETF 中国科創板50(STAR50),ETF・ETN,
2629,iFreeETF 中国グレーターベイエリア・イノベーション100(GBA100),ETF・ETN,
262A,インターメスティック,プライム,TOPIX Small 2
2630,MAXIS米国株式(S&P500)上場投信(為替ヘッジあり),ETF・ETN,
2631,MAXISナスダック100上場投信,ETF・ETN,
2632,MAXISナスダック100上場投信(為替ヘッジあり),ETF・ETN,
2633,NEXT FUNDS S&P 500 指数(為替ヘッジなし)連動型上場投信,ETF・ETN,
2634,NEXT FUNDS S&P 500 指数(為替ヘッジあり)連動型上場投信,ETF・ETN,
2636,グローバルX MSCI ガバナンス・クオリティ-日本株式 ETF,ETF・ETN,
2637,グローバルX クリーンテック-日本株式 ETF,ETF・ETN,
2638,グローバルX ロボティクス&AI-日本株式 ETF,ETF・ETN,
2639,グローバルX バイオ&メドテック-日本株式 ETF,ETF・ETN,
2640,グローバルX ゲーム&アニメ-日本株式 ETF,ETF・ETN,
2641,グローバルX グローバルリーダーズ-日本株式 ETF,ETF・ETN,
2642,SMT ETFカーボン・エフィシェント日本株,ETF・ETN,
2643,NEXT FUNDS MSCIジャパンカントリー指数(セレクト)連動型上場投信,ETF・ETN,
2644,グローバルX 半導体関連-日本株式 ETF,ETF・ETN,
2645,グローバルX レジャー&エンターテインメント-日本株式 ETF,ETF・ETN,
2646,グローバルX メタルビジネス-日本株式 ETF,ETF・ETN,
2647,NEXT FUNDS ブルームバーグ米国国債(7-10年)インデックス(為替ヘッジなし)連動型上場投信,ETF・ETN,
2648,NEXT FUNDS ブルームバーグ米国国債(7-10年)インデックス(為替ヘッジあり)連動型上場投信,ETF・ETN,
2649,iシェアーズ 米国政府系機関ジニーメイMBS ETF(為替ヘッジあり),ETF・ETN,
264A,Schoo,グロース,
2652,まんだらけ,スタンダード,
2653,イオン九州,スタンダード,
2654,アスモ,スタンダード,
2656,ベクターホールディングス,スタンダード,
2659,サンエー,プライム,TOPIX Small 1
265A,Hmcomm,グロース,
2664,カワチ薬品,プライム,TOPIX Small 1
2666,オートウェーブ,スタンダード,
2667,イメージ ワン,スタンダード,
2668,タビオ,スタンダード,
2669,カネ美食品,スタンダード,
2670,エービーシー・マート,プライム,TOPIX Mid400
2673,夢みつけ隊,スタンダード,
2674,ハードオフコーポレーション,プライム,TOPIX Small 2
2676,高千穂交易,プライム,TOPIX Small 2
2678,アスクル,プライム,TOPIX Small 1
2681,ゲオホールディングス,プライム,TOPIX Small 1
2683,魚喜,スタンダード,
2685,アンドエスティHD,プライム,TOPIX Small 1
2687,シー・ヴイ・エス・ベイエリア,スタンダード,
2689,オルバヘルスケアホールディングス,スタンダード,
268A,リガク・ホールディングス,プライム,TOPIX Small 1
2693,YKT,スタンダード,
2694,焼肉坂井ホールディングス,スタンダード,
2695,くら寿司,プライム,TOPIX Small 1
2698,キャンドゥ,スタンダード,TOPIX Small 2
269A,Sapeet,グロース,
2700,木徳神糧,スタンダード,
2702,日本マクドナルドホールディングス,スタンダード,
2705,大戸屋ホールディングス,スタンダード,
2708,久世,スタンダード,
2721,ジェイホールディングス,スタンダード,
2722,IKホールディングス,スタンダード,
2726,パルグループホールディングス,プライム,TOPIX Small 1
2730,エディオン,プライム,TOPIX Small 1
2733,あらた,プライム,TOPIX Small 1
2734,サーラコーポレーション,プライム,TOPIX Small 2
2735,ワッツ,スタンダード,
2736,フェスタリアホールディングス,スタンダード,
2737,トーメンデバイス,プライム,TOPIX Small 2
273A,SBI サウジアラビア株式上場投信,ETF・ETN,
2742,ハローズ,プライム,TOPIX Small 2
2747,北雄ラッキー,スタンダード,
2749,JPホールディングス,プライム,TOPIX Small 1
274A,ガーデン,スタンダード,
2750,石光商事,スタンダード,
2751,テンポスホールディングス,スタンダード,
2752,フジオフードグループ本社,プライム,TOPIX Small 1
2753,あみやき亭,プライム,TOPIX Small 2
2760,東京エレクトロン デバイス,プライム,TOPIX Small 1
2762,SANKO MARKETING FOODS,スタンダード,
2764,ひらまつ,スタンダード,
2767,円谷フィールズホールディングス,プライム,TOPIX Small 1
2768,双日,プライム,TOPIX Mid400
2769,ヴィレッジヴァンガードコーポレーション,スタンダード,
276A,ククレブ・アドバイザーズ,グロース,
2776,新都ホールディングス,スタンダード,
2778,パレモ・ホールディングス,スタンダード,
277A,グロービング,プライム,TOPIX Small 2
2780,コメ兵ホールディングス,スタンダード,
2782,セリア,スタンダード,
2784,アルフレッサ ホールディングス,プライム,TOPIX Mid400
2788,アップルインターナショナル,スタンダード,
2789,カルラ,スタンダード,
278A,Terra Drone,グロース,
2790,ナフコ,スタンダード,
2791,大黒天物産,プライム,TOPIX Small 1
2792,ハニーズホールディングス,プライム,TOPIX Small 2
2795,日本プリメックス,スタンダード,
2796,ファーマライズホールディングス,スタンダード,
2798,ワイズテーブルコーポレーション,スタンダード,
2801,キッコーマン,プライム,TOPIX Mid400
2802,味の素,プライム,TOPIX Large70
2804,ブルドックソース,プライム,TOPIX Small 2
2805,ヱスビー食品,スタンダード,
2806,ユタカフーズ,スタンダード,
2809,キユーピー,プライム,TOPIX Mid400
280A,TMH,グロース,
2810,ハウス食品グループ本社,プライム,TOPIX Mid400
2811,カゴメ,プライム,TOPIX Mid400
2813,和弘食品,スタンダード,
2814,佐藤食品工業,スタンダード,
2815,アリアケジャパン,プライム,TOPIX Small 1
2816,ダイショー,スタンダード,
2818,ピエトロ,スタンダード,
2819,エバラ食品工業,スタンダード,TOPIX Small 2
281A,インフォメティス,グロース,
2820,やまみ,スタンダード,
282A,グローバルX 半導体・トップ10-日本株式 ETF,ETF・ETN,
2831,はごろもフーズ,スタンダード,
2836,グローバルX フィンテック-日本株式 ETF,ETF・ETN,
2837,グローバルX 中小型リーダーズ-日本株式 ETF,ETF・ETN,
2838,MAXIS米国国債7-10年上場投信(為替ヘッジなし),ETF・ETN,
2839,MAXIS米国国債7-10年上場投信(為替ヘッジあり),ETF・ETN,
283A,グローバルX US テック・配当貴族 ETF,ETF・ETN,
2840,iFreeETF NASDAQ100(為替ヘッジなし),ETF・ETN,
2841,iFreeETF NASDAQ100(為替ヘッジあり),ETF・ETN,
2842,iFreeETF NASDAQ100インバース,ETF・ETN,
2843,上場インデックスファンド豪州国債(為替ヘッジあり),ETF・ETN,
2844,上場インデックスファンド豪州国債(為替ヘッジなし),ETF・ETN,
2845,NEXT FUNDS NASDAQ-100(為替ヘッジあり)連動型上場投信,ETF・ETN,
2846,NEXT FUNDS ダウ・ジョーンズ工業株30種平均株価(為替ヘッジあり)連動型上場投信,ETF・ETN,
2847,グローバルX 新成長インフラ-日本株式 ETF,ETF・ETN,
2848,グローバルX MSCI 気候変動対応-日本株式 ETF,ETF・ETN,
2849,グローバルX Morningstar 高配当 ESG-日本株式 ETF,ETF・ETN,
2851,iシェアーズ MSCI ジャパンSRI ETF,ETF・ETN,
2852,iシェアーズ グリーンJリート ETF,ETF・ETN,
2853,iシェアーズ 気候リスク調整世界国債 ETF(除く日本・為替ヘッジあり),ETF・ETN,
2854,グローバルX テック・トップ20-日本株式 ETF,ETF・ETN,
2855,グローバルX グリーン・J-REIT ETF,ETF・ETN,
2856,iシェアーズ 米国債3-7年 ETF(為替ヘッジあり),ETF・ETN,
2857,iシェアーズ ドイツ国債 ETF(為替ヘッジあり),ETF・ETN,
2858,グローバルX 日経225 カバード・コール ETF(プレミアム再投資型),ETF・ETN,
2859,NEXT FUNDS ユーロ・ストックス50指数(為替ヘッジあり)連動型上場投信,ETF・ETN,
285A,キオクシアホールディングス,プライム,TOPIX Mid400
2860,NEXT FUNDS ドイツ株式・DAX(為替ヘッジあり)連動型上場投信,ETF・ETN,
2861,上場インデックスファンドフランス国債(為替ヘッジなし),ETF・ETN,
2862,上場インデックスファンドフランス国債(為替ヘッジあり),ETF・ETN,
2864,グローバルX ロジスティクス・REIT ETF,ETF・ETN,
2865,グローバルX NASDAQ100・カバード・コール ETF,ETF・ETN,
2866,グローバルX 米国優先証券 ETF,ETF・ETN,
2867,グローバルX 自動運転&EV ETF,ETF・ETN,
2868,グローバルX S&P500・カバード・コール ETF,ETF・ETN,
2869,iFreeETF NASDAQ100レバレッジ,ETF・ETN,
286A,ユカリア,グロース,
2870,iFreeETF NASDAQ100ダブルインバース,ETF・ETN,
2871,ニチレイ,プライム,TOPIX Mid400
2872,セイヒョー,スタンダード,
2874,横浜冷凍,プライム,TOPIX Small 1
2875,東洋水産,プライム,TOPIX Mid400
2876,デルソーレ,スタンダード,
2877,日東ベスト,スタンダード,
287A,黒田グループ,スタンダード,
2882,イートアンドホールディングス,プライム,TOPIX Small 2
2883,大冷,スタンダード,
2884,ヨシムラ・フード・ホールディングス,プライム,TOPIX Small 2
288A,ラクサス・テクノロジーズ,グロース,
2892,日本食品化工,スタンダード,
2894,石井食品,スタンダード,
2897,日清食品ホールディングス,プライム,TOPIX Mid400
2901,ウェルディッシュ,スタンダード,
2903,シノブフーズ,スタンダード,
2904,一正蒲鉾,スタンダード,
2907,あじかん,スタンダード,
2908,フジッコ,プライム,TOPIX Small 2
290A,Synspective,グロース,
2910,ロック・フィールド,プライム,TOPIX Small 2
2911,旭松食品,スタンダード,
2914,日本たばこ産業,プライム,TOPIX Core30
2915,ケンコーマヨネーズ,プライム,TOPIX Small 2
2916,仙波糖化工業,スタンダード,
2917,大森屋,スタンダード,
2918,わらべや日洋ホールディングス,プライム,TOPIX Small 1
291A,リスキル,グロース,
2922,なとり,プライム,TOPIX Small 2
2923,サトウ食品,スタンダード,
2924,イフジ産業,スタンダード,
2926,篠崎屋,スタンダード,
2927,AFC-HDアムスライフサイエンス,スタンダード,
2929,ファーマフーズ,プライム,TOPIX Small 2
2930,北の達人コーポレーション,プライム,TOPIX Small 2
2931,ユーグレナ,プライム,TOPIX Small 1
2932,STIフードホールディングス,スタンダード,
2933,紀文食品,プライム,TOPIX Small 2
2934,ジェイフロンティア,グロース,
2935,ピックルスホールディングス,プライム,TOPIX Small 2
2936,ベースフード,グロース,
2937,サンクゼール,グロース,
2938,オカムラ食品工業,スタンダード,
294A,NEXT FUNDS MSCIジャパン気候変動指数(セレクト)連動型上場投信,ETF・ETN,
295A,One ETF FTSE・サウジアラビア・インデックス,ETF・ETN,
2961,日本調理機,スタンダード,
2962,テクニスコ,スタンダード,
296A,令和アカウンティング・ホールディングス,グロース,
2970,GLC GROUP,スタンダード,
2971,エスコンジャパンリート投資法人,REIT・ベンチャーファンド・カントリーファンド・インフラファンド,
2972,サンケイリアルエステート投資法人,REIT・ベンチャーファンド・カントリーファンド・インフラファンド,
2975,スター・マイカ・ホールディングス,プライム,TOPIX Small 2
2978,ツクルバ,グロース,
2979,SOSiLA物流リート投資法人,REIT・ベンチャーファンド・カントリーファンド・インフラファンド,
297A,アルピコホールディングス,スタンダード,
2980,SREホールディングス,プライム,TOPIX Small 2
2981,ランディックス,グロース,
2982,ADワークスグループ,プライム,
2983,アールプランナー,グロース,
2984,ヤマイチエステート,スタンダード,
2986,LAホールディングス,グロース,
2989,東海道リート投資法人,REIT・ベンチャーファンド・カントリーファンド・インフラファンド,
298A,GVA TECH,グロース,
2991,ランドネット,スタンダード,
2993,長栄,スタンダード,
2997,ストレージ王,グロース,
2998,クリアル,グロース,
2999,ホームポジション,スタンダード,
299A,クラシル,グロース,
3001,片倉工業,スタンダード,TOPIX Small 2
3002,グンゼ,プライム,TOPIX Small 1
3003,ヒューリック,プライム,TOPIX Mid400
3004,神栄,スタンダード,
300A,MIC,スタンダード,
3010,ポラリス・ホールディングス,スタンダード,
3011,バナーズ,スタンダード,
3020,アプライド,スタンダード,
3021,パシフィックネット,スタンダード,
3023,ラサ商事,スタンダード,TOPIX Small 2
3024,クリエイト,スタンダード,
3028,アルペン,プライム,TOPIX Small 1
302A,ビースタイルホールディングス,グロース,
3030,ハブ,スタンダード,
3031,ラクーンホールディングス,プライム,TOPIX Small 2
3034,クオールホールディングス,プライム,TOPIX Small 1
3035,ケイティケイ,スタンダード,
3036,アルコニックス,プライム,TOPIX Small 1
3038,神戸物産,プライム,TOPIX Mid400
303A,visumo,グロース,
3040,ソリトンシステムズ,プライム,TOPIX Small 2
3041,ビューティカダンホールディングス,スタンダード,
3042,セキュアヴェイル,スタンダード,
3045,カワサキ,スタンダード,
3046,ジンズホールディングス,プライム,TOPIX Small 1
3048,ビックカメラ,プライム,TOPIX Mid400
304A,フォルシア,グロース,
3050,DCMホールディングス,プライム,TOPIX Small 1
3053,ペッパーフードサービス,スタンダード,TOPIX Small 2
3054,ハイパー,スタンダード,
3058,三洋堂ホールディングス,スタンダード,
3059,ヒラキ,スタンダード,
3063,ジェイグループホールディングス,グロース,
3064,MonotaRO,プライム,TOPIX Mid400
3065,ライフフーズ,スタンダード,
3067,東京一番フーズ,スタンダード,
3068,WDI,スタンダード,
3069,JFLAホールディングス,スタンダード,
3070,ジェリービーンズグループ,グロース,
3071,ストリーム,スタンダード,
3075,銚子丸,スタンダード,
3076,あい ホールディングス,プライム,TOPIX Small 1
3077,ホリイフードサービス,スタンダード,
3080,ジェーソン,スタンダード,
3082,きちりホールディングス,スタンダード,
3083,スターシーズ,スタンダード,
3086,J.フロント リテイリング,プライム,TOPIX Mid400
3087,ドトール・日レスホールディングス,プライム,TOPIX Small 1
3088,マツキヨココカラ&カンパニー,プライム,TOPIX Mid400
3089,テクノアルファ,スタンダード,
3091,ブロンコビリー,プライム,TOPIX Small 1
3092,ZOZO,プライム,TOPIX Mid400
3093,トレジャー・ファクトリー,プライム,TOPIX Small 2
3096,オーシャンシステム,スタンダード,
3097,物語コーポレーション,プライム,TOPIX Small 1
3099,三越伊勢丹ホールディングス,プライム,TOPIX Mid400
3101,東洋紡,プライム,TOPIX Small 1
3103,ユニチカ,スタンダード,TOPIX Small 2
3104,富士紡ホールディングス,プライム,TOPIX Small 2
3105,日清紡ホールディングス,プライム,TOPIX Mid400
3106,倉敷紡績,プライム,TOPIX Small 1
3107,ダイワボウホールディングス,プライム,TOPIX Mid400
3109,シキボウ,プライム,TOPIX Small 2
3110,日東紡績,プライム,TOPIX Small 1
3111,オーミケンシ,スタンダード,
3113,UNIVA・Oakホールディングス,スタンダード,
3116,トヨタ紡織,プライム,TOPIX Mid400
3121,マーチャント・バンカーズ,スタンダード,
3123,サイボー,スタンダード,
3131,シンデン・ハイテックス,スタンダード,
3132,マクニカホールディングス,プライム,TOPIX Mid400
3133,海帆,グロース,
3134,Hamee,スタンダード,TOPIX Small 2
3135,マーケットエンタープライズ,スタンダード,
3137,ファンデリー,スタンダード,
3138,富士山マガジンサービス,スタンダード,
3139,ラクト・ジャパン,プライム,TOPIX Small 2
313A,iシェアーズ S&P 500 トップ 20 ETF,ETF・ETN,
3140,BRUNO,グロース,
3143,オーウイル,スタンダード,
3148,クリエイトSDホールディングス,プライム,TOPIX Small 1
314A,iシェアーズ ゴールド ETF,ETF・ETN,
3150,グリムス,プライム,TOPIX Small 2
3151,バイタルケーエスケー・ホールディングス,プライム,TOPIX Small 2
3153,八洲電機,プライム,TOPIX Small 2
3154,メディアスホールディングス,プライム,TOPIX Small 2
3156,レスター,プライム,TOPIX Small 2
3157,ジオリーブグループ,スタンダード,
3159,丸善CHIホールディングス,スタンダード,
315A,グローバルX 銀行 高配当-日本株式 ETF,ETF・ETN,
3160,大光,スタンダード,
3161,アゼアス,スタンダード,
3166,OCHIホールディングス,スタンダード,
3167,TOKAIホールディングス,プライム,TOPIX Small 1
3168,MERF,スタンダード,
3169,ミサワ,スタンダード,
316A,iFreeETF FANG+,ETF・ETN,
3172,ティーライフ,スタンダード,
3173,Cominix,スタンダード,
3174,ハピネス・アンド・ディ,スタンダード,
3175,エー・ピーホールディングス,スタンダード,
3176,三洋貿易,プライム,TOPIX Small 2
3177,ありがとうサービス,スタンダード,
3178,チムニー,スタンダード,
3179,シュッピン,プライム,TOPIX Small 2
3180,ビューティガレージ,プライム,TOPIX Small 2
3181,買取王国,スタンダード,
3182,オイシックス,プライム,TOPIX Small 1
3183,ウイン・パートナーズ,プライム,TOPIX Small 2
3184,ICDAホールディングス,スタンダード,
3185,夢展望,グロース,
3186,ネクステージ,プライム,TOPIX Small 1
3187,ミラタップ,グロース,
3189,ANAPホールディングス,スタンダード,
318A,VIX短期先物指数ETF,ETF・ETN,
3190,ホットマン,スタンダード,
3191,ジョイフル本田,プライム,TOPIX Small 1
3192,白鳩,スタンダード,
3193,エターナルホスピタリティグループ,プライム,TOPIX Small 2
3195,ジェネレーションパス,スタンダード,
3196,ホットランドホールディングス,プライム,TOPIX Small 2
3197,すかいらーくホールディングス,プライム,TOPIX Mid400
3199,綿半ホールディングス,プライム,TOPIX Small 2
319A,技術承継機構,グロース,
3201,日本毛織,プライム,TOPIX Small 1
3202,ダイトウボウ,スタンダード,
3204,トーア紡コーポレーション,スタンダード,
3205,ダイドーリミテッド,スタンダード,
3221,ヨシックスホールディングス,プライム,TOPIX Small 2
3222,ユナイテッド・スーパーマーケット・ホールディングス,スタンダード,TOPIX Small 1
3223,エスエルディー,スタンダード,
3224,ゼネラル・オイスター,グロース,
3226,三井不動産アコモデーションファンド投資法人,REIT・ベンチャーファンド・カントリーファンド・インフラファンド,
3231,野村不動産ホールディングス,プライム,TOPIX Mid400
3232,三重交通グループホールディングス,プライム,TOPIX Small 2
3234,森ヒルズリート投資法人,REIT・ベンチャーファンド・カントリーファンド・インフラファンド,
3236,プロパスト,スタンダード,
3237,イントランス,グロース,
3238,セントラル総合開発,スタンダード,
323A,フライヤー,グロース,
3241,ウィル,スタンダード,
3242,アーバネットコーポレーション,スタンダード,
3245,ディア・ライフ,プライム,TOPIX Small 2
3246,コーセーアールイー,スタンダード,
3248,アールエイジ,スタンダード,
3249,産業ファンド投資法人,REIT・ベンチャーファンド・カントリーファンド・インフラファンド,
324A,ブッキングリゾート,グロース,
3252,地主,プライム,TOPIX Small 2
325A,TENTIAL,グロース,
3261,グランディーズ,グロース,
3266,ファンドクリエーショングループ,スタンダード,
3267,フィル・カンパニー,スタンダード,TOPIX Small 2
3269,アドバンス・レジデンス投資法人,REIT・ベンチャーファンド・カントリーファンド・インフラファンド,
3276,JPMC,プライム,TOPIX Small 2
3277,サンセイランディック,スタンダード,
3279,アクティビア・プロパティーズ投資法人,REIT・ベンチャーファンド・カントリーファンド・インフラファンド,
3280,エストラスト,スタンダード,
3281,GLP投資法人,REIT・ベンチャーファンド・カントリーファンド・インフラファンド,
3282,コンフォリア・レジデンシャル投資法人,REIT・ベンチャーファンド・カントリーファンド・インフラファンド,
3283,日本プロロジスリート投資法人,REIT・ベンチャーファンド・カントリーファンド・インフラファンド,
3284,フージャースホールディングス,プライム,TOPIX Small 2
3286,トラストホールディングス,スタンダード,
3287,星野リゾート・リート投資法人,REIT・ベンチャーファンド・カントリーファンド・インフラファンド,
3288,オープンハウスグループ,プライム,TOPIX Mid400
3289,東急不動産ホールディングス,プライム,TOPIX Mid400
328A,グローバルX プライシングパワー・リーダーズ-日本株式 ETF,ETF・ETN,
3290,Oneリート投資法人,REIT・ベンチャーファンド・カントリーファンド・インフラファンド,
3291,飯田グループホールディングス,プライム,TOPIX Mid400
3292,イオンリート投資法人,REIT・ベンチャーファンド・カントリーファンド・インフラファンド,
3293,アズマハウス,スタンダード,
3295,ヒューリックリート投資法人,REIT・ベンチャーファンド・カントリーファンド・インフラファンド,
3296,日本リート投資法人,REIT・ベンチャーファンド・カントリーファンド・インフラファンド,
3297,東武住販,スタンダード,
3299,ムゲンエステート,スタンダード,
3300,アンビション DX ホールディングス,グロース,
3302,帝国繊維,プライム,TOPIX Small 2
3306,日本製麻,スタンダード,
3309,積水ハウス・リート投資法人,REIT・ベンチャーファンド・カントリーファンド・インフラファンド,
330A,TalentX,グロース,
3315,日本コークス工業,プライム,TOPIX Small 2
3317,フライングガーデン,スタンダード,
331A,メディックス,スタンダード,
3320,クロスプラス,スタンダード,
3321,ミタチ産業,スタンダード,
3323,レカム,スタンダード,
3326,ランシステム,スタンダード,
3329,東和フードサービス,スタンダード,
332A,ミーク,グロース,
3333,あさひ,プライム,TOPIX Small 2
3349,コスモス薬品,プライム,TOPIX Mid400
334A,ビジュアル・プロセッシング・ジャパン,グロース,
3350,メタプラネット,スタンダード,
3352,バッファロー,スタンダード,
3353,メディカル一光グループ,スタンダード,
3355,クリヤマホールディングス,スタンダード,
3358,Trailhead Global Holdings,スタンダード,
3359,cotta,グロース,
335A,ミライロ,グロース,
3360,シップヘルスケアホールディングス,プライム,TOPIX Mid400
3361,トーエル,スタンダード,
336A,ダイナミックマッププラットフォーム,グロース,
3370,フジタコーポレーション,スタンダード,
3371,ソフトクリエイトホールディングス,プライム,TOPIX Small 2
3372,関門海,スタンダード,
3374,内外テック,スタンダード,
3375,ZOA,スタンダード,
3377,バイク王&カンパニー,スタンダード,
3382,セブン&アイ・ホールディングス,プライム,TOPIX Core30
3386,コスモ・バイオ,スタンダード,
3387,クリエイト・レストランツ・ホールディングス,プライム,TOPIX Small 1
3388,明治電機工業,プライム,TOPIX Small 2
338A,ZenmuTech,グロース,
3391,ツルハホールディングス,プライム,TOPIX Mid400
3392,デリカフーズホールディングス,スタンダード,
3393,スターティアホールディングス,プライム,
3395,サンマルクホールディングス,プライム,TOPIX Small 1
3396,フェリシモ,スタンダード,
3397,トリドールホールディングス,プライム,TOPIX Mid400
3399,丸千代山岡家,スタンダード,
339A,プログレス・テクノロジーズ グループ,グロース,
3401,帝人,プライム,TOPIX Mid400
3402,東レ,プライム,TOPIX Mid400
3405,クラレ,プライム,TOPIX Mid400
3407,旭化成,プライム,TOPIX Large70
3409,北紡,スタンダード,
340A,ジグザグ,グロース,
3415,TOKYO BASE,プライム,TOPIX Small 2
3416,ピクスタ,スタンダード,
3417,大木ヘルスケアホールディングス,スタンダード,
3418,バルニバービ,グロース,
341A,トヨコー,グロース,
3420,ケー・エフ・シー,スタンダード,
3421,稲葉製作所,スタンダード,TOPIX Small 2
3422,J-MAX,スタンダード,
3423,エスイー,スタンダード,
3426,アトムリビンテック,スタンダード,
3431,宮地エンジニアリンググループ,プライム,TOPIX Small 1
3433,トーカロ,プライム,TOPIX Small 1
3434,アルファCo,スタンダード,
3435,サンコーテクノ,スタンダード,
3436,SUMCO,プライム,TOPIX Mid400
3437,特殊電極,スタンダード,
3439,三ツ知,スタンダード,
343A,IACEトラベル,スタンダード,
3440,日創グループ,スタンダード,
3441,山王,スタンダード,
3443,川田テクノロジーズ,プライム,TOPIX Small 2
3444,菊池製作所,スタンダード,
3445,RS Technologies,プライム,TOPIX Small 1
3446,ジェイテックコーポレーション,スタンダード,
3447,信和,スタンダード,
3449,テクノフレックス,スタンダード,
3451,トーセイ・リート投資法人,REIT・ベンチャーファンド・カントリーファンド・インフラファンド,
3452,ビーロット,スタンダード,
3454,ファーストブラザーズ,スタンダード,
3455,ヘルスケア&メディカル投資法人,REIT・ベンチャーファンド・カントリーファンド・インフラファンド,
3457,And Doホールディングス,プライム,TOPIX Small 2
3459,サムティ・レジデンシャル投資法人,REIT・ベンチャーファンド・カントリーファンド・インフラファンド,
345A,高配当成長 日本株(ネットリターン)ETN,ETF・ETN,
3461,パルマ,スタンダード,
3462,野村不動産マスターファンド投資法人,REIT・ベンチャーファンド・カントリーファンド・インフラファンド,
3463,いちごホテルリート投資法人,REIT・ベンチャーファンド・カントリーファンド・インフラファンド,
3465,ケイアイスター不動産,プライム,TOPIX Small 1
3466,ラサールロジポート投資法人,REIT・ベンチャーファンド・カントリーファンド・インフラファンド,
3467,アグレ都市デザイン,スタンダード,
3468,スターアジア不動産投資法人,REIT・ベンチャーファンド・カントリーファンド・インフラファンド,
3469,デュアルタップ,スタンダード,
346A,NEXT FUNDS S&P 500 半導体・半導体製造装置35%キャップ指数連動型上場投信,ETF・ETN,
3470,マリモ地方創生リート投資法人,REIT・ベンチャーファンド・カントリーファンド・インフラファンド,
3471,三井不動産ロジスティクスパーク投資法人,REIT・ベンチャーファンド・カントリーファンド・インフラファンド,
3472,日本ホテル&レジデンシャル投資法人,REIT・ベンチャーファンド・カントリーファンド・インフラファンド,
3474,G-FACTORY,グロース,
3475,グッドコムアセット,プライム,TOPIX Small 2
3476,投資法人みらい,REIT・ベンチャーファンド・カントリーファンド・インフラファンド,
3477,フォーライフ,グロース,
3479,TKP,グロース,
3480,ジェイ・エス・ビー,プライム,
3481,三菱地所物流リート投資法人,REIT・ベンチャーファンド・カントリーファンド・インフラファンド,
3482,ロードスターキャピタル,プライム,TOPIX Small 2
3484,イノベーションホールディングス,スタンダード,
3486,グローバル・リンク・マネジメント,プライム,
3487,CREロジスティクスファンド投資法人,REIT・ベンチャーファンド・カントリーファンド・インフラファンド,
3488,セントラル・リート投資法人,REIT・ベンチャーファンド・カントリーファンド・インフラファンド,
3489,フェイスネットワーク,スタンダード,
348A,MAXIS読売333日本株上場投信,ETF・ETN,
3490,アズ企画設計,スタンダード,
3491,GA technologies,グロース,
3492,MIRARTH不動産投資法人,REIT・ベンチャーファンド・カントリーファンド・インフラファンド,
3494,マリオン,スタンダード,
3495,香陵住販,スタンダード,
3496,アズーム,プライム,TOPIX Small 2
3498,霞ヶ関キャピタル,プライム,TOPIX Small 1
349A,SMDAM Active ETF 日本グロース株式,ETF・ETN,
3501,SUMINOE,プライム,
350A,デジタルグリッド,グロース,
3512,日本フエルト,スタンダード,
3513,イチカワ,スタンダード,
3521,テルマー湯ホールディングス,スタンダード,
3524,日東製網,スタンダード,
3529,アツギ,スタンダード,
352A,LOIVE,グロース,
3536,アクサスホールディングス,スタンダード,
3537,昭栄薬品,スタンダード,
3538,ウイルプラスホールディングス,スタンダード,
3539,JMホールディングス,プライム,TOPIX Small 2
3542,ベガコーポレーション,グロース,
3543,コメダホールディングス,プライム,TOPIX Small 1
3544,サツドラホールディングス,スタンダード,
3547,ユニシアホールディングス,スタンダード,TOPIX Small 2
3548,バロックジャパンリミテッド,プライム,TOPIX Small 2
3549,クスリのアオキホールディングス,スタンダード,TOPIX Mid400
354A,iFreeETF ブルームバーグ日本株高配当50指数,ETF・ETN,
3550,スタジオアタオ,グロース,
3551,ダイニック,スタンダード,
3553,共和レザー,スタンダード,
3556,リネットジャパングループ,グロース,
3557,ユナイテッド&コレクティブ,グロース,
3558,ジェイドグループ,グロース,
3559,ピーバンドットコム,スタンダード,
3560,ほぼ日,スタンダード,
3561,力の源ホールディングス,プライム,TOPIX Small 2
3562,No.1,スタンダード,
3563,FOOD & LIFE COMPANIES,プライム,TOPIX Mid400
3565,アセンテック,スタンダード,TOPIX Small 2
3566,ユニフォームネクスト,グロース,
3569,セーレン,プライム,TOPIX Small 1
356A,グローバルX S&P500 キャッシュフロー・トップ100 ETF,ETF・ETN,
3571,ソトー,スタンダード,
3577,東海染工,スタンダード,
3580,小松マテーレ,プライム,TOPIX Small 2
3583,オーベクス,スタンダード,
3591,ワコールホールディングス,プライム,TOPIX Mid400
3597,自重堂,スタンダード,
3598,山喜,スタンダード,
3600,フジックス,スタンダード,
3607,クラウディアホールディングス,スタンダード,
3608,TSIホールディングス,プライム,TOPIX Small 1
360A,東証REIT Core ETF,ETF・ETN,
3611,マツオカコーポレーション,スタンダード,
3612,ワールド,プライム,TOPIX Small 1
3622,ネットイヤーグループ,スタンダード,
3623,ビリングシステム,グロース,
3624,アクセルマーク,グロース,
3625,テックファームホールディングス,グロース,
3626,TISI,プライム,TOPIX Mid400
3627,テクミラホールディングス,スタンダード,
3628,データホライゾン,グロース,
3632,グリーホールディングス,プライム,TOPIX Small 2
3633,GMOペパボ,スタンダード,TOPIX Small 2
3634,ソケッツ,スタンダード,
3635,コーエーテクモホールディングス,プライム,TOPIX Mid400
3636,三菱総合研究所,プライム,TOPIX Small 1
3639,ボルテージ,スタンダード,
363A,iFreeETF 英国FTSE100,ETF・ETN,
3640,電算,スタンダード,
3641,パピレス,スタンダード,
3645,メディカルネット,グロース,
3646,駅探,スタンダード,
3647,アスリナ,スタンダード,
3648,AGS,スタンダード,
3649,ファインデックス,プライム,TOPIX Small 2
364A,NEXT FUNDS S&P 500 配当貴族指数連動型上場投信,ETF・ETN,
3652,ディジタルメディアプロフェッショナル,グロース,
3653,モルフォ,グロース,
3656,KLab,プライム,TOPIX Small 2
3657,ポールトゥウィンホールディングス,プライム,TOPIX Small 2
3659,ネクソン,プライム,TOPIX Mid400
365A,伊澤タオル,スタンダード,
3660,アイスタイル,プライム,TOPIX Small 1
3661,エムアップホールディングス,プライム,TOPIX Small 1
3662,エイチームホールディングス,プライム,TOPIX Small 2
3663,セルシス,プライム,TOPIX Small 2
3664,WIZE,グロース,
3665,エニグモ,プライム,TOPIX Small 2
3667,enish,スタンダード,
3668,コロプラ,プライム,TOPIX Small 1
366A,ウェルネス・コミュニケーションズ,グロース,
3670,協立情報通信,スタンダード,
3671,ソフトマックス,スタンダード,
3672,オルトプラス,スタンダード,
3673,ブロードリーフ,プライム,TOPIX Small 1
3674,オークファン,グロース,
3675,クロス・マーケティンググループ,スタンダード,
3676,デジタルハーツホールディングス,プライム,TOPIX Small 2
3678,メディアドゥ,プライム,TOPIX Small 2
3679,じげん,プライム,TOPIX Small 2
367A,プリモグローバルホールディングス,スタンダード,
3680,ホットリンク,グロース,
3682,エンカレッジ・テクノロジ,スタンダード,
3683,サイバーリンクス,スタンダード,
3686,ディー・エル・イー,スタンダード,
3687,フィックスターズ,プライム,TOPIX Small 2
368A,北里,プライム,TOPIX Small 2
3690,イルグルム,スタンダード,
3691,デジタルプラス,グロース,
3692,FFRIセキュリティ,グロース,
3694,オプティム,プライム,TOPIX Small 2
3695,GMOプロダクトプラットフォーム,グロース,
3696,セレス,プライム,TOPIX Small 2
3697,SHIFT,プライム,TOPIX Mid400
3698,CRI・ミドルウェア,スタンダード,
369A,エータイ,グロース,
3708,特種東海製紙,プライム,TOPIX Small 2
3710,ジョルダン,スタンダード,
3712,情報企画,スタンダード,
3719,AIストーム,スタンダード,
3723,日本ファルコム,グロース,
3726,フォーシーズHD,スタンダード,
3727,アプリックス,グロース,
372A,レント,スタンダード,
3733,ソフトウェア・サービス,スタンダード,
373A,リップス,グロース,
3741,セック,プライム,TOPIX Small 2
3744,サイオス,スタンダード,
3747,インタートレード,スタンダード,
3750,ADRバイオメディカルホールディングス,スタンダード,
3753,フライトソリューションズ,スタンダード,
3758,アエリア,スタンダード,
3760,ケイブ,スタンダード,
3762,テクマトリックス,プライム,TOPIX Small 1
3763,プロシップ,プライム,TOPIX Small 2
3765,ガンホー・オンライン・エンターテイメント,プライム,TOPIX Small 1
3766,システムズ・デザイン,スタンダード,
3768,リスクモンスター,スタンダード,
3769,GMOペイメントゲートウェイ,プライム,TOPIX Mid400
376A,NEXT FUNDS ブルームバーグ米国国債(7-10年)インデックス(75%為替ヘッジあり)連動型上場投信,ETF・ETN,
3771,システムリサーチ,プライム,TOPIX Small 2
3772,ウェルス・マネジメント,スタンダード,
3773,アドバンスト・メディア,グロース,
3774,インターネットイニシアティブ,プライム,TOPIX Mid400
3776,ブロードバンドタワー,スタンダード,
3777,環境フレンドリーホールディングス,グロース,
3778,さくらインターネット,プライム,TOPIX Small 1
3779,ジェイ・エスコムホールディングス,スタンダード,
3787,テクノマセマティカル,スタンダード,
3788,GMOグローバルサイン・ホールディングス,プライム,TOPIX Small 2
378A,ヒット,グロース,
3791,IGポート,スタンダード,
3793,ドリコム,グロース,
3796,いい生活,スタンダード,
3798,ULSグループ,スタンダード,
3799,キーウェアソリューションズ,スタンダード,
379A,グローバルX S&P500 ETF(ダイナミック・プロテクション),ETF・ETN,
3800,ユニリタ,スタンダード,
3802,エコミック,スタンダード,
3803,イメージ情報開発,グロース,
3804,システム ディ,スタンダード,
3807,フィスコ,グロース,
380A,グローバルX チャイナテック ETF,ETF・ETN,
3810,サイバーステップホールディングス,スタンダード,
3815,メディア工房,グロース,
3816,大和コンピューター,スタンダード,
3817,SRAホールディングス,プライム,TOPIX Small 2
381A,iFreeETF 米国国債3-5年(為替ヘッジなし),ETF・ETN,
3823,THE WHY HOW DO COMPANY,スタンダード,
3825,リミックスポイント,スタンダード,
3826,システムインテグレータ,スタンダード,
382A,iFreeETF 米国国債3-5年(為替ヘッジあり),ETF・ETN,
3834,朝日ネット,プライム,TOPIX Small 2
3835,eBASE,プライム,TOPIX Small 2
3836,アバントグループ,プライム,TOPIX Small 2
3837,アドソル日進,プライム,TOPIX Small 2
3839,ODKソリューションズ,スタンダード,
383A,MAXIS S&P500均等ウェイト上場投信,ETF・ETN,
3840,パス,スタンダード,
3841,ジーダット,スタンダード,
3842,ネクストジェン,スタンダード,
3843,フリービット,プライム,TOPIX Small 2
3844,コムチュア,プライム,TOPIX Small 1
3845,アイフリークモバイル,スタンダード,
3848,データ・アプリケーション,スタンダード,
3850,エヌ・ティ・ティ・データ・イントラマート,スタンダード,
3851,日本一ソフトウェア,スタンダード,
3853,アステリア,プライム,TOPIX Small 2
3854,アイル,プライム,TOPIX Small 2
3856,Abalance,スタンダード,
3858,ユビキタスAI,スタンダード,
3861,王子ホールディングス,プライム,TOPIX Mid400
3863,日本製紙,プライム,TOPIX Small 1
3864,三菱製紙,プライム,
3865,北越コーポレーション,プライム,TOPIX Small 1
386A,みのや,スタンダード,
3877,中越パルプ工業,プライム,
3878,巴川コーポレーション,スタンダード,
387A,フラー,グロース,
3880,大王製紙,プライム,TOPIX Small 1
3891,ニッポン高度紙工業,スタンダード,
3892,岡山製紙,スタンダード,
3895,ハビックス,スタンダード,
3896,阿波製紙,スタンダード,
3900,クラウドワークス,グロース,
3901,マークラインズ,プライム,TOPIX Small 2
3903,gumi,プライム,TOPIX Small 2
3904,カヤック,グロース,
3905,データセクション,グロース,
3907,シリコンスタジオ,スタンダード,
3908,コラボス,スタンダード,
3909,ショーケース,スタンダード,
3910,エムケイシステム,スタンダード,
3911,Aiming,グロース,
3912,モバイルファクトリー,スタンダード,
3913,GreenBee,スタンダード,
3914,JIG-SAW,グロース,
3915,テラスカイ,プライム,TOPIX Small 2
3916,デジタル・インフォメーション・テクノロジー,プライム,TOPIX Small 2
3917,アイリッジ,グロース,
3918,PCIホールディングス,スタンダード,
3920,アイビーシー,スタンダード,
3921,ネオジャパン,プライム,TOPIX Small 2
3922,PR TIMES,プライム,TOPIX Small 2
3923,ラクス,プライム,TOPIX Mid400
3925,ダブルスタンダード,プライム,TOPIX Small 2
3926,オープンドア,スタンダード,TOPIX Small 2
3927,フーバーブレイン,スタンダード,
3928,マイネット,スタンダード,
3929,ソーシャルワイヤー,グロース,
392A,iシェアーズ NASDAQ トップ 30 ETF,ETF・ETN,
3930,はてな,グロース,
3931,バリューゴルフ,グロース,
3932,アカツキ,プライム,TOPIX Small 2
3933,チエル,スタンダード,
3934,ベネフィットジャパン,スタンダード,
3935,エディア,スタンダード,
3936,グローバルウェイ,グロース,
3937,Ubicomホールディングス,スタンダード,TOPIX Small 2
3939,カナミックネットワーク,プライム,TOPIX Small 2
3940,ノムラシステムコーポレーション,スタンダード,
3941,レンゴー,プライム,TOPIX Mid400
3943,大石産業,スタンダード,
3944,古林紙工,スタンダード,
3945,スーパーバッグ,スタンダード,
3946,トーモク,プライム,TOPIX Small 2
3947,ダイナパック,スタンダード,
3948,光ビジネスフォーム,スタンダード,
394A,業界改革厳選ETFテレビ業界,ETF・ETN,
3950,ザ・パック,プライム,TOPIX Small 2
3951,朝日印刷,スタンダード,
3953,大村紙業,スタンダード,
3954,昭和パックス,スタンダード,
3955,イムラ,スタンダード,
3958,笹徳印刷,スタンダード,
395A,業界改革厳選ETF地銀,ETF・ETN,
3962,チェンジホールディングス,プライム,TOPIX Small 1
3963,シンクロ・フード,プライム,
3964,オークネット,プライム,TOPIX Small 2
3965,キャピタル・アセット・プランニング,スタンダード,
3967,エルテス,グロース,
3968,セグエグループ,プライム,
3969,エイトレッド,スタンダード,
396A,業界改革厳選ETF REITイベント・ドリブン,ETF・ETN,
3970,イノベーション,スタンダード,
3974,SCAT,スタンダード,
3976,シャノン,グロース,
3979,うるる,グロース,
3981,ビーグリー,スタンダード,
3983,オロ,プライム,TOPIX Small 2
3984,ユーザーローカル,プライム,TOPIX Small 2
3985,テモナ,スタンダード,
3986,ビーブレイクシステムズ,スタンダード,
3987,エコモット,グロース,
3988,SYSホールディングス,スタンダード,
3989,シェアリングテクノロジー,グロース,
3991,ウォンテッドリー,グロース,
3992,ニーズウェル,プライム,
3993,PKSHA Technology,プライム,TOPIX Small 1
3994,マネーフォワード,プライム,TOPIX Mid400
3996,サインポスト,スタンダード,
3997,トレードワークス,スタンダード,
3998,すららネット,グロース,
399A,上場インデックスファンド日経平均高配当株50,ETF・ETN,
4004,レゾナック・ホールディングス,プライム,TOPIX Mid400
4005,住友化学,プライム,TOPIX Mid400
4008,住友精化,プライム,TOPIX Small 1
4011,ヘッドウォータース,グロース,
4012,アクシス,スタンダード,
4013,勤次郎,グロース,
4014,カラダノート,グロース,
4015,ペイクラウドホールディングス,グロース,
4016,MITホールディングス,スタンダード,
4017,クリーマ,グロース,
4019,スタメン,グロース,
401A,霞ヶ関ホテルリート投資法人,REIT・ベンチャーファンド・カントリーファンド・インフラファンド,
4020,ビートレンド,グロース,
4021,日産化学,プライム,TOPIX Mid400
4022,ラサ工業,プライム,TOPIX Small 2
4023,クレハ,プライム,TOPIX Small 1
4025,多木化学,プライム,TOPIX Small 2
4026,神島化学工業,スタンダード,
4027,テイカ,プライム,TOPIX Small 2
4028,石原産業,プライム,TOPIX Small 1
402A,アクセルスペースホールディングス,グロース,
4031,片倉コープアグリ,スタンダード,
4040,南海化学,スタンダード,
4041,日本曹達,プライム,TOPIX Small 1
4042,東ソー,プライム,TOPIX Mid400
4043,トクヤマ,プライム,TOPIX Mid400
4044,セントラル硝子,プライム,TOPIX Small 1
4045,東亞合成,プライム,TOPIX Mid400
4046,大阪ソーダ,プライム,TOPIX Small 1
4047,関東電化工業,プライム,TOPIX Small 1
404A,グローバルX チャイナテック・トップ10 ETF,ETF・ETN,
4051,GMOフィナンシャルゲート,プライム,TOPIX Small 2
4052,フィーチャ,グロース,
4053,Sun Asterisk,プライム,TOPIX Small 2
4054,日本情報クリエイト,グロース,
4055,ティアンドエスグループ,グロース,
4056,ニューラルグループ,グロース,
4057,インターファクトリー,グロース,
4058,トヨクモ,グロース,
4059,まぐまぐ,スタンダード,
4060,rakumo,グロース,
4061,デンカ,プライム,TOPIX Mid400
4062,イビデン,プライム,TOPIX Mid400
4063,信越化学工業,プライム,TOPIX Core30
4064,日本カーバイド工業,プライム,TOPIX Small 2
4068,ベイシス,グロース,
4069,BlueMeme,グロース,
4071,プラスアルファ・コンサルティング,プライム,TOPIX Small 1
4072,電算システムホールディングス,プライム,TOPIX Small 2
4073,ジィ・シィ企画,グロース,
4074,ラキール,グロース,
4075,ブレインズテクノロジー,グロース,
4076,シイエヌエス,グロース,
4078,堺化学工業,プライム,TOPIX Small 1
407A,UNICONホールディングス,スタンダード,
4082,第一稀元素化学工業,プライム,TOPIX Small 2
4088,エア・ウォーター,プライム,
408A,iシェアーズ AI グローバル・イノベーション アクティブ ETF,ETF・ETN,
4091,日本酸素ホールディングス,プライム,TOPIX Mid400
4092,日本化学工業,プライム,TOPIX Small 2
4093,東邦アセチレン,スタンダード,
4094,日本化学産業,スタンダード,
4095,日本パーカライジング,プライム,TOPIX Small 1
4097,高圧ガス工業,プライム,TOPIX Small 2
4098,チタン工業,スタンダード,
4099,四国化成ホールディングス,プライム,TOPIX Small 2
409A,オリオンビール,プライム,TOPIX Small 2
4100,戸田工業,スタンダード,TOPIX Small 2
4102,丸尾カルシウム,スタンダード,
4107,伊勢化学工業,スタンダード,
4109,ステラ ケミファ,プライム,TOPIX Small 1
410A,GMOコマース,グロース,
4112,保土谷化学工業,プライム,TOPIX Small 2
4113,田岡化学工業,スタンダード,
4114,日本触媒,プライム,TOPIX Mid400
4116,大日精化工業,プライム,TOPIX Small 2
4118,カネカ,プライム,TOPIX Mid400
4119,日本ピグメントホールディングス,スタンダード,
4120,スガイ化学工業,スタンダード,
4124,大阪油化工業,スタンダード,
4125,三和油化工業,スタンダード,
412A,NEXT FUNDS TIP FactSet 台湾イノベイティブ・テクノロジー50指数連動型上場投信,ETF・ETN,
413A,iFreeETF キャセイ台湾テックリーダー指数,ETF・ETN,
414A,オーバーラップホールディングス,グロース,
4151,協和キリン,プライム,TOPIX Mid400
415A,GMO TECHホールディングス,グロース,
4165,プレイド,グロース,
4166,かっこ,グロース,
4167,ココペリ,グロース,
4168,ヤプリ,グロース,
4169,ENECHANGE,グロース,
416A,富士ユナイトホールディングス,スタンダード,
4170,Kaizen Platform,グロース,
4172,Hiクラテス,スタンダード,
4174,アピリッツ,スタンダード,
4175,coly,グロース,
4176,ココナラ,グロース,
4177,i‐plug,グロース,
4178,Sharing Innovations,グロース,
4179,ジーネクスト,グロース,
417A,ブルーゾーンホールディングス,プライム,TOPIX Mid400
4180,Appier Group,プライム,TOPIX Small 1
4182,三菱瓦斯化学,プライム,TOPIX Mid400
4183,三井化学,プライム,TOPIX Mid400
4186,東京応化工業,プライム,TOPIX Mid400
4187,大阪有機化学工業,プライム,TOPIX Small 1
4188,三菱ケミカルグループ,プライム,TOPIX Large70
4189,KHネオケム,プライム,TOPIX Small 1
4192,スパイダープラス,グロース,
4193,ファブリカホールディングス,スタンダード,
4194,ビジョナル,プライム,TOPIX Mid400
4196,ネオマーケティング,スタンダード,
4197,アスマーク,スタンダード,
4198,テンダ,スタンダード,
4199,ワンダープラネット,グロース,
4202,ダイセル,プライム,TOPIX Mid400
4203,住友ベークライト,プライム,TOPIX Mid400
4204,積水化学工業,プライム,TOPIX Mid400
4205,日本ゼオン,プライム,TOPIX Mid400
4206,アイカ工業,プライム,TOPIX Mid400
4208,UBE,プライム,TOPIX Mid400
4212,積水樹脂,プライム,TOPIX Small 1
4216,旭有機材,プライム,TOPIX Small 1
4218,ニチバン,プライム,TOPIX Small 2
421A,ムービン・ストラテジック・キャリア,グロース,
4220,リケンテクノス,プライム,TOPIX Small 2
4221,大倉工業,プライム,TOPIX Small 2
4222,児玉化学工業,スタンダード,
4224,ロンシール工業,スタンダード,
4228,積水化成品工業,プライム,TOPIX Small 2
4229,群栄化学工業,プライム,TOPIX Small 2
4231,タイガースポリマー,スタンダード,
4234,サンエー化研,スタンダード,
4235,ウルトラファブリックス・ホールディングス,スタンダード,
4237,フジプレアム,スタンダード,
4238,ミライアル,スタンダード,
423A,ライオン事務器,スタンダード,
4240,クラスターテクノロジー,スタンダード,
4241,アテクト,スタンダード,
4242,タカギセイコー,スタンダード,
4243,ニックス,スタンダード,
4245,ダイキアクシス,スタンダード,
4246,ダイキョーニシカワ,プライム,TOPIX Small 2
4247,ポバール興業,スタンダード,
4248,竹本容器,スタンダード,
4249,森六,プライム,TOPIX Small 2
424A,グローバルX ゴールド ETF(為替ヘッジあり),ETF・ETN,
4251,恵和,プライム,TOPIX Small 2
4255,THECOO,グロース,
4256,サインド,グロース,
4258,網屋,グロース,
4259,エクサウィザーズ,グロース,
425A,グローバルX ゴールド ETF,ETF・ETN,
4260,ハイブリッドテクノロジーズ,グロース,
4261,アジアクエスト,グロース,
4262,ニフティライフスタイル,グロース,
4263,サスメド,グロース,
4264,セキュア,グロース,
4265,Institution for a Global Society,グロース,
426A,ニッセイETF S&P500イコール・ウェイト(為替ヘッジなし),ETF・ETN,
4270,BeeX,グロース,
4272,日本化薬,プライム,TOPIX Mid400
4274,細谷火工,スタンダード,
4275,カーリット,プライム,TOPIX Small 2
4284,ソルクシーズ,スタンダード,
4286,CLホールディングス,スタンダード,TOPIX Small 2
4287,ジャストプランニング,スタンダード,
4288,アズジェント,スタンダード,
428A,サイプレス・ホールディングス,スタンダード,
4290,プレステージ・インターナショナル,プライム,TOPIX Small 1
4293,セプテーニ・ホールディングス,スタンダード,
4299,ハイマックス,スタンダード,TOPIX Small 2
429A,テクセンドフォトマスク,プライム,TOPIX Small 2
4301,アミューズ,プライム,TOPIX Small 2
4307,野村総合研究所,プライム,TOPIX Large70
4308,Jストリーム,グロース,
4310,ドリームインキュベータ,プライム,TOPIX Small 2
4316,ビーマップ,グロース,
4317,レイ,スタンダード,
4318,クイック,プライム,TOPIX Small 2
431A,ユーソナー,グロース,
4320,CEホールディングス,スタンダード,
4323,日本システム技術,プライム,TOPIX Small 2
4324,電通グループ,プライム,TOPIX Mid400
4326,インテージホールディングス,プライム,TOPIX Small 2
4331,テイクアンドギヴ・ニーズ,プライム,TOPIX Small 2
4334,ユークス,スタンダード,
4335,IPSホールディングス,スタンダード,
4337,ぴあ,プライム,TOPIX Small 2
4341,西菱電機,スタンダード,
4343,イオンファンタジー,プライム,TOPIX Small 2
4344,ソースネクスト,プライム,TOPIX Small 2
4345,シーティーエス,プライム,TOPIX Small 2
4346,NEXYZ.Group,スタンダード,
4347,ブロードメディア,スタンダード,
4350,メディカルシステムネットワーク,スタンダード,TOPIX Small 2
4351,山田再生系債権回収総合事務所,スタンダード,
4356,応用技術,スタンダード,
435A,iFreeETF 日本株配当ローテーション戦略,ETF・ETN,
4360,マナック・ケミカル・パートナーズ,スタンダード,
4361,川口化学工業,スタンダード,
4362,日本精化,プライム,TOPIX Small 2
4365,松本油脂製薬,スタンダード,
4366,ダイトーケミックス,スタンダード,
4368,扶桑化学工業,プライム,TOPIX Small 1
4369,トリケミカル研究所,プライム,TOPIX Small 1
436A,サイバーソリューションズ,グロース,
4370,モビルス,グロース,
4371,コアコンセプト・テクノロジー,グロース,
4372,ユミルリンク,グロース,
4373,シンプレクス・ホールディングス,プライム,TOPIX Small 1
4374,ROBOT PAYMENT,グロース,
4375,セーフィー,グロース,
4376,くふうカンパニーホールディングス,グロース,
4377,ワンキャリア,グロース,
4378,CINC,グロース,
4379,Photosynth,グロース,
4380,Mマート,グロース,
4381,ビープラッツ,グロース,
4382,HEROZ,スタンダード,TOPIX Small 2
4385,メルカリ,プライム,TOPIX Mid400
4386,SIGグループ,スタンダード,
4387,ZUU,グロース,
4388,エーアイ,スタンダード,
4389,プロパティデータバンク,グロース,
438A,インフキュリオン,グロース,
4390,IPS,プライム,TOPIX Small 2
4391,ロジザード,グロース,
4392,FIG,プライム,
4393,バンク・オブ・イノベーション,グロース,
4394,エクスモーション,グロース,
4395,アクリート,グロース,
4396,システムサポートホールディングス,プライム,TOPIX Small 2
4397,チームスピリット,グロース,
4398,ブロードバンドセキュリティ,スタンダード,
4401,ADEKA,プライム,TOPIX Mid400
4403,日油,プライム,TOPIX Mid400
4404,ミヨシ油脂,スタンダード,
4406,新日本理化,スタンダード,
4409,東邦化学工業,スタンダード,
4410,ハリマ化成グループ,プライム,TOPIX Small 2
4412,サイエンスアーツ,グロース,
4413,ボードルア,プライム,TOPIX Small 2
4414,フレクト,グロース,
4415,ブロードエンタープライズ,グロース,
4416,True Data,グロース,
4417,グローバルセキュリティエキスパート,グロース,
4418,JDSC,グロース,
4419,Finatextホールディングス,グロース,
441A,NE,グロース,TOPIX Small 2
4420,イーソル,スタンダード,TOPIX Small 2
4421,ディ・アイ・システム,スタンダード,
4422,VALUENEX,グロース,
4424,Amazia,グロース,
4425,Kudan,グロース,
4427,EduLab,グロース,
4428,シノプス,グロース,
4429,リックソフト,グロース,
442A,クラシコ,グロース,
4430,東海ソフト,スタンダード,
4431,スマレジ,グロース,
4432,ウイングアーク1st,プライム,TOPIX Small 1
4433,ヒト・コミュニケーションズ・ホールディングス,プライム,TOPIX Small 2
4434,サーバーワークス,スタンダード,TOPIX Small 2
4436,ミンカブ・ジ・インフォノイド,グロース,
4437,gooddaysホールディングス,グロース,
4438,Welby,グロース,
4439,東名,スタンダード,
443A,iFreeETF 東証REIT指数(2・5・8・11月決算型),ETF・ETN,
4440,ヴィッツ,スタンダード,
4441,トビラシステムズ,スタンダード,
4442,バルテス・ホールディングス,グロース,
4443,Sansan,プライム,TOPIX Small 1
4444,インフォネット,グロース,
4445,リビン・テクノロジーズ,グロース,
4446,Link-Uグループ,スタンダード,
4447,ピー・ビーシステムズ,グロース,
4448,kubell,グロース,
4450,パワーソリューションズ,グロース,
4452,花王,プライム,TOPIX Large70
4461,第一工業製薬,プライム,TOPIX Small 2
4462,石原ケミカル,プライム,TOPIX Small 2
4463,日華化学,スタンダード,
4464,ソフト99コーポレーション,スタンダード,
4465,ニイタカ,スタンダード,
446A,ノースサンド,グロース,
4471,三洋化成工業,プライム,TOPIX Small 1
4475,HENNGE,グロース,
4476,AI CROSS,グロース,
4477,BASE,グロース,
4478,フリー,グロース,
4479,マクアケ,グロース,
447A,ステート・ストリート・スパイダー ゴールド ETF(為替ヘッジなし),ETF・ETN,
4480,メドレー,プライム,TOPIX Small 1
4481,ベース,プライム,TOPIX Small 2
4482,ウィルズ,グロース,
4483,JMDC,プライム,TOPIX Small 1
4484,ランサーズ,グロース,
4486,ユナイトアンドグロウ,グロース,
4487,スペースマーケット,グロース,
4488,AI inside,グロース,
448A,ステート・ストリート・スパイダー ゴールド ETF(為替ヘッジあり),ETF・ETN,
4490,ビザスク,グロース,
4491,コンピューターマネージメント,スタンダード,
4492,ゼネテック,スタンダード,
4493,サイバーセキュリティクラウド,グロース,
4495,アイキューブドシステムズ,グロース,
4496,コマースOneホールディングス,グロース,
4498,サイバートラスト,グロース,
4499,Speee,スタンダード,
449A,ステート・ストリート・スパイダー S&P500 ETF(為替ヘッジなし),ETF・ETN,
4502,武田薬品工業,プライム,TOPIX Core30
4503,アステラス製薬,プライム,TOPIX Large70
4506,住友ファーマ,プライム,TOPIX Mid400
4507,塩野義製薬,プライム,TOPIX Large70
450A,ステート・ストリート・スパイダー S&P500 ETF(為替ヘッジあり),ETF・ETN,
4512,わかもと製薬,スタンダード,
4516,日本新薬,プライム,TOPIX Mid400
4519,中外製薬,プライム,TOPIX Large70
451A,ステート・ストリート・スパイダー S&P500高配当株 ETF,ETF・ETN,
4521,科研製薬,プライム,TOPIX Small 1
4523,エーザイ,プライム,TOPIX Mid400
4524,森下仁丹,スタンダード,
4526,理研ビタミン,プライム,TOPIX Small 2
4527,ロート製薬,プライム,TOPIX Mid400
4528,小野薬品工業,プライム,TOPIX Mid400
452A,iシェアーズ S&P 500 プレミアムインカム ETF,ETF・ETN,
4531,有機合成薬品工業,スタンダード,
4534,持田製薬,プライム,TOPIX Small 2
4536,参天製薬,プライム,TOPIX Mid400
4538,扶桑薬品工業,プライム,TOPIX Small 2
4539,日本ケミファ,スタンダード,
453A,iシェアーズ 米国債20年超 プレミアムインカム ETF,ETF・ETN,
4540,ツムラ,プライム,TOPIX Mid400
4543,テルモ,プライム,TOPIX Large70
4544,H.U.グループホールディングス,プライム,TOPIX Mid400
4547,キッセイ薬品工業,プライム,TOPIX Small 1
4548,生化学工業,プライム,TOPIX Small 2
4549,栄研化学,プライム,TOPIX Small 1
4552,JCRファーマ,プライム,TOPIX Small 1
4553,東和薬品,プライム,TOPIX Small 1
4554,富士製薬工業,プライム,TOPIX Small 2
4558,中京医薬品,スタンダード,
4559,ゼリア新薬工業,プライム,TOPIX Small 1
4563,アンジェス,グロース,
4564,オンコセラピー・サイエンス,グロース,
4565,ネクセラファーマ,プライム,TOPIX Small 1
4568,第一三共,プライム,TOPIX Core30
4569,杏林製薬,プライム,TOPIX Small 1
456A,HUMAN MADE,グロース,
4570,免疫生物研究所,グロース,
4571,NANOホールディングス,グロース,
4572,カルナバイオサイエンス,グロース,
4574,大幸薬品,プライム,TOPIX Small 2
4575,キャンバス,グロース,
4576,デ・ウエスタン・セラピテクス研究所,グロース,
4577,ダイト,プライム,TOPIX Small 2
4578,大塚ホールディングス,プライム,TOPIX Large70
4579,ラクオリア創薬,グロース,
4582,シンバイオ製薬,グロース,
4583,カイオム・バイオサイエンス,グロース,
4584,キッズウェル・バイオ,グロース,
4586,メドレックス,グロース,
4587,ペプチドリーム,プライム,TOPIX Mid400
4588,オンコリスバイオファーマ,グロース,
4591,リボミック,グロース,
4592,サンバイオ,グロース,
4593,ヘリオス,グロース,
4594,ブライトパス・バイオ,グロース,
4595,ミズホメディー,スタンダード,
4596,窪田製薬ホールディングス,グロース,
4597,ソレイジア・ファーマ,グロース,
4598,Delta-Fly Pharma,グロース,
4599,ステムリム,グロース,
459A,野村高利回りJリート指数ETF,ETF・ETN,
460A,BRANU,グロース,
4611,大日本塗料,プライム,TOPIX Small 2
4612,日本ペイントホールディングス,プライム,TOPIX Mid400
4613,関西ペイント,プライム,TOPIX Mid400
4615,神東塗料,スタンダード,
4616,川上塗料,スタンダード,
4617,中国塗料,プライム,TOPIX Small 1
4619,日本特殊塗料,スタンダード,
461A,MAXIS日本株高配当SMART50上場投信,ETF・ETN,
4620,藤倉化成,スタンダード,TOPIX Small 2
4623,アサヒペン,スタンダード,
4624,イサム塗料,スタンダード,
4625,アトミクス,スタンダード,
4626,太陽ホールディングス,プライム,TOPIX Mid400
4627,ナトコ,スタンダード,
4628,エスケー化研,スタンダード,
4629,大伸化学,スタンダード,
462A,FUNDINNO,グロース,
4631,DIC,プライム,TOPIX Mid400
4633,サカタインクス,プライム,TOPIX Small 1
4634,artience,プライム,TOPIX Small 1
4635,東京インキ,スタンダード,
463A,インテリックスホールディングス,スタンダード,
4641,アルプス技研,プライム,TOPIX Small 2
4642,オリジナル設計,スタンダード,
4644,イマジニア,スタンダード,
4645,市進ホールディングス,スタンダード,
464A,QPSホールディングス,グロース,
4650,SDエンターテイメント,スタンダード,
4651,サニックスホールディングス,スタンダード,TOPIX Small 2
4657,環境管理センター,スタンダード,
4658,日本空調サービス,プライム,TOPIX Small 2
465A,グローバルX 日経平均株主還元40-日本株式 ETF,ETF・ETN,
4661,オリエンタルランド,プライム,TOPIX Large70
4662,フォーカスシステムズ,プライム,TOPIX Small 2
4664,アール・エス・シー,スタンダード,
4665,ダスキン,プライム,TOPIX Mid400
4666,パーク24,プライム,TOPIX Mid400
4667,アイサンテクノロジー,スタンダード,
4668,明光ネットワークジャパン,プライム,TOPIX Small 2
466A,グローバルX 防衛テック ETF,ETF・ETN,
4671,ファルコホールディングス,スタンダード,TOPIX Small 2
4673,川崎地質,スタンダード,
4674,クレスコ,プライム,TOPIX Small 2
4676,フジ・メディア・ホールディングス,プライム,TOPIX Mid400
4678,秀英予備校,スタンダード,
4679,田谷,スタンダード,
467A,グローバルX 米ドル建て投資適格社債 ETF(為替ヘッジあり),ETF・ETN,
4680,ラウンドワン,プライム,TOPIX Mid400
4681,リゾートトラスト,プライム,TOPIX Mid400
4684,オービック,プライム,TOPIX Mid400
4685,菱友システムズ,スタンダード,
4686,ジャストシステム,プライム,TOPIX Small 1
4687,TDCソフト,プライム,TOPIX Small 2
4689,LINEヤフー,プライム,TOPIX Large70
468A,グローバルX 米ドル建て投資適格社債 ETF,ETF・ETN,
4691,ワシントンホテル,スタンダード,
4694,ビー・エム・エル,プライム,TOPIX Small 1
469A,フィットクルー,グロース,
4704,トレンドマイクロ,プライム,TOPIX Mid400
4705,クリップコーポレーション,スタンダード,
4707,キタック,スタンダード,
4709,IDホールディングス,プライム,TOPIX Small 2
4712,KeyHolder,スタンダード,
4714,リソー教育グループ,プライム,TOPIX Small 2
4716,日本オラクル,スタンダード,TOPIX Mid400
4718,早稲田アカデミー,プライム,TOPIX Small 2
4719,アルファシステムズ,プライム,TOPIX Small 2
471A,NSグループ,プライム,TOPIX Small 2
4720,城南進学研究社,スタンダード,
4722,フューチャー,プライム,TOPIX Small 1
4725,CAC Holdings,プライム,TOPIX Small 2
4728,トーセ,スタンダード,
472A,ミラティブ,グロース,
4732,ユー・エス・エス,プライム,TOPIX Mid400
4733,オービックビジネスコンサルタント,プライム,TOPIX Mid400
4735,京進,スタンダード,
4736,日本ラッド,スタンダード,
473A,ニッセイETF 日経225インデックス,ETF・ETN,
4743,アイティフォー,プライム,TOPIX Small 2
4746,東計電算,スタンダード,TOPIX Small 2
4750,ダイサン,スタンダード,
4751,サイバーエージェント,プライム,TOPIX Mid400
4752,昭和システムエンジニアリング,スタンダード,
4754,トスネット,スタンダード,
4755,楽天グループ,プライム,TOPIX Mid400
475A,ギミック,スタンダード,
4760,アルファ,スタンダード,
4761,さくらケーシーエス,スタンダード,
4762,エックスネット,スタンダード,
4763,クリーク・アンド・リバー社,プライム,TOPIX Small 2
4765,SBIグローバルアセットマネジメント,プライム,TOPIX Small 2
4766,ピーエイ,スタンダード,
4767,テー・オー・ダブリュー,スタンダード,TOPIX Small 2
4768,大塚商会,プライム,TOPIX Mid400
4769,IC,スタンダード,
476A,辻・本郷ITコンサルティング,スタンダード,
4771,エフアンドエム,スタンダード,
4772,SM ENTERTAINMENT JAPAN,グロース,
4776,サイボウズ,プライム,TOPIX Small 1
4777,ガーラ,スタンダード,
477A,スタートライン,グロース,
4783,NCD,スタンダード,
4784,GMOインターネット,プライム,TOPIX Small 2
478A,フツパー,グロース,
4792,山田コンサルティンググループ,プライム,TOPIX Small 2
479A,PRONI,グロース,
4800,オリコン,スタンダード,
4801,セントラルスポーツ,プライム,TOPIX Small 2
4809,パラカ,プライム,TOPIX Small 2
480A,リブ・コンサルティング,グロース,
4811,ドリーム・アーツ,グロース,
4812,電通総研,プライム,TOPIX Small 1
4813,ACCESS,プライム,
4814,ネクストウェア,スタンダード,
4816,東映アニメーション,スタンダード,
4819,デジタルガレージ,プライム,TOPIX Small 1
4820,イーエムシステムズ,プライム,TOPIX Small 2
4825,ウェザーニューズ,プライム,TOPIX Small 1
4826,CIJ,プライム,TOPIX Small 2
4828,ビジネスエンジニアリング,プライム,TOPIX Small 2
4829,日本エンタープライズ,スタンダード,
4832,JFEシステムズ,スタンダード,
4833,Def consulting,グロース,
4838,スペースシャワーSKIYAKIホールディングス,スタンダード,
4839,WOWOW,プライム,TOPIX Small 2
483A,テラテクノロジー,スタンダード,
4840,トライアイズ,スタンダード,
4845,スカラ,スタンダード,TOPIX Small 2
4847,インテリジェント ウェイブ,プライム,
4848,フルキャストホールディングス,プライム,TOPIX Small 2
4849,エン,プライム,TOPIX Small 1
485A,パワーエックス,グロース,
486A,NEXT FUNDS ユーロ・ストックス50指数(為替ヘッジなし)連動型上場投信,ETF・ETN,
4875,メディシノバ・インク,スタンダード（外国株式）,
487A,NEXT FUNDS ドイツ株式・DAX(為替ヘッジなし)連動型上場投信,ETF・ETN,
4880,セルソース,スタンダード,TOPIX Small 2
4881,ファンペップ,グロース,
4882,ペルセウスプロテオミクス,グロース,
4883,モダリス,グロース,
4884,クリングルファーマ,グロース,
4885,室町ケミカル,スタンダード,
4886,あすか製薬ホールディングス,プライム,TOPIX Small 2
4887,サワイグループホールディングス,プライム,TOPIX Mid400
4888,ステラファーマ,グロース,
4889,レナサイエンス,グロース,
488A,iシェアーズ 円高フォーカス ETF,ETF・ETN,
4890,坪田ラボ,グロース,
4891,ティムス,グロース,
4892,サイフューズ,グロース,
4893,ノイルイミューン・バイオテック,グロース,
4894,クオリプス,グロース,
4896,ケイファーマ,グロース,
489A,東証REIT物流フォーカスETF,ETF・ETN,
4901,富士フイルムホールディングス,プライム,TOPIX Large70
4902,コニカミノルタ,プライム,TOPIX Mid400
4911,資生堂,プライム,TOPIX Mid400
4912,ライオン,プライム,TOPIX Mid400
4914,高砂香料工業,プライム,TOPIX Small 1
4918,アイビー化粧品,スタンダード,
4919,ミルボン,プライム,TOPIX Small 1
491A,iシェアーズ S&P 500 除く金融 ETF(為替ヘッジあり),ETF・ETN,
4920,日本色材工業研究所,スタンダード,
4922,コーセーホールディングス,プライム,TOPIX Mid400
4923,コタ,プライム,TOPIX Small 2
4925,ハーバー研究所,スタンダード,
4926,シーボン,スタンダード,
4927,ポーラ・オルビスホールディングス,プライム,TOPIX Mid400
4928,ノエビアホールディングス,プライム,TOPIX Small 1
4929,アジュバンホールディングス,スタンダード,
492A,One ETF 日本国債 高クーポン(平均残存10年未満),ETF・ETN,
4931,新日本製薬,プライム,TOPIX Small 2
4932,アルマード,スタンダード,
4933,I-ne,プライム,TOPIX Small 2
4934,プレミアアンチエイジング,グロース,
4935,リベルタ,スタンダード,
4936,アクシージア,スタンダード,TOPIX Small 2
4937,Waqoo,グロース,
493A,One ETF 日本国債 1-3年,ETF・ETN,
494A,One ETF 日本国債 3-7年,ETF・ETN,
4951,エステー,プライム,TOPIX Small 2
4956,コニシ,プライム,TOPIX Small 2
4958,長谷川香料,プライム,TOPIX Small 1
495A,One ETF 日本国債 7-10年,ETF・ETN,
4960,ケミプロ化成,スタンダード,
4966,上村工業,スタンダード,
4967,小林製薬,プライム,TOPIX Mid400
4968,荒川化学工業,プライム,TOPIX Small 2
496A,One ETF 日本国債 17-20年,ETF・ETN,
4970,東洋合成工業,スタンダード,
4971,メック,プライム,TOPIX Small 1
4972,綜研化学,スタンダード,
4973,日本高純度化学,プライム,TOPIX Small 2
4975,JCU,プライム,TOPIX Small 1
4976,東洋ドライルーブ,スタンダード,
4977,新田ゼラチン,スタンダード,
4978,リプロセル,グロース,
4979,OATアグリオ,スタンダード,TOPIX Small 2
497A,インバウンド消費関連 日本株(ネットリターン)ETN,ETF・ETN,
4980,デクセリアルズ,プライム,TOPIX Mid400
4985,アース製薬,プライム,TOPIX Small 1
498A,防衛・航空宇宙 欧州株(ネットリターン)ETN,ETF・ETN,
4990,昭和化学工業,スタンダード,
4992,北興化学工業,スタンダード,TOPIX Small 2
4994,大成ラミックグループ,スタンダード,TOPIX Small 2
4996,クミアイ化学工業,プライム,TOPIX Small 1
4997,日本農薬,プライム,TOPIX Small 2
4998,フマキラー,スタンダード,
499A,ラグジュアリー厳選10 欧州株(ネットリターン)ETN,ETF・ETN,
500A,TOブックス,スタンダード,
5010,日本精蝋,スタンダード,
5011,ニチレキグループ,プライム,TOPIX Small 2
5013,ユシロ,スタンダード,TOPIX Small 2
5015,ビーピー・カストロール,スタンダード,
5016,JX金属,プライム,TOPIX Mid400
5018,MORESCO,スタンダード,
5019,出光興産,プライム,TOPIX Mid400
5020,ENEOSホールディングス,プライム,TOPIX Large70
5021,コスモエネルギーホールディングス,プライム,TOPIX Mid400
5025,マーキュリー,グロース,
5026,トリプルアイズ,グロース,
5027,AnyMind Group,グロース,
5028,セカンドサイトアナリティカ,グロース,
5029,サークレイス,グロース,
502A,グローバルX 超短期円建て債券 ETF,ETF・ETN,
5031,モイ,グロース,
5032,ANYCOLOR,プライム,TOPIX Small 1
5033,ヌーラボ,グロース,
5034,unerry,グロース,
5035,HOUSEI,グロース,
5036,日本ビジネスシステムズ,プライム,TOPIX Small 2
5038,eWeLL,グロース,
504A,イノバセル,グロース,
505A,ギークリー,スタンダード,
5071,ヴィス,スタンダード,
5074,テスホールディングス,プライム,TOPIX Small 2
5076,インフロニア・ホールディングス,プライム,TOPIX Mid400
50765,インフロニア・ホールディングス第1回社債型種類株式,プライム,
5078,セレコーポレーション,スタンダード,
5079,ノバック,スタンダード,
509A,グリーンライト・再エネインフラ投資法人,REIT・ベンチャーファンド・カントリーファンド・インフラファンド,
5101,横浜ゴム,プライム,TOPIX Mid400
5105,TOYO TIRE,プライム,TOPIX Mid400
5108,ブリヂストン,プライム,TOPIX Large70
5110,住友ゴム工業,プライム,TOPIX Mid400
5121,藤倉コンポジット,プライム,TOPIX Small 2
5122,オカモト,プライム,TOPIX Small 2
5125,ファインズ,グロース,
5126,ポーターズ,グロース,
5129,FIXER,グロース,
512A,グローバルX ステーブルコイン&トークンビジネス ETF(除く日本),ETF・ETN,
5131,リンカーズ,グロース,
5132,pluszero,グロース,
5133,テリロジーホールディングス,スタンダード,
5134,POPER,グロース,
5136,tripla,グロース,
5137,スマートドライブ,グロース,
5138,Rebase,グロース,
5139,オープンワーク,グロース,
513A,グローバルX 防衛テック-日本株式 ETF,ETF・ETN,
5142,アキレス,プライム,TOPIX Small 2
515A,iシェアーズ 高格付け日本円社債 ETF,ETF・ETN,
5161,西川ゴム工業,スタンダード,
5162,朝日ラバー,スタンダード,
516A,iFreeETF 米ドル・ブル(1倍),ETF・ETN,
517A,iFreeETF 米ドル・ベア(1倍),ETF・ETN,
5184,ニチリン,スタンダード,
5185,フコク,プライム,TOPIX Small 2
5186,ニッタ,プライム,TOPIX Small 2
5187,クリエートメディック,スタンダード,
5189,櫻護謨,スタンダード,
518A,NEXT FUNDS FTSE日本株高配当キャッシュフロー50指数連動型上場投信,ETF・ETN,
5192,三ツ星ベルト,プライム,TOPIX Small 1
5194,相模ゴム工業,スタンダード,
5195,バンドー化学,プライム,TOPIX Small 2
5199,不二ラテックス,スタンダード,
519A,ベーシック,グロース,
5201,AGC,プライム,TOPIX Mid400
5202,日本板硝子,プライム,TOPIX Small 1
5204,石塚硝子,スタンダード,
5208,有沢製作所,プライム,TOPIX Small 1
520A,ジェイファーマ,グロース,
5210,日本山村硝子,スタンダード,
5214,日本電気硝子,プライム,TOPIX Mid400
5216,倉元製作所,スタンダード,
5218,オハラ,スタンダード,TOPIX Small 2
521A,iFreeETF FANG+ゴールド,ETF・ETN,
5232,住友大阪セメント,プライム,TOPIX Mid400
5233,太平洋セメント,プライム,TOPIX Mid400
5237,ノザワ,スタンダード,
523A,セイワホールディングス,グロース,
5240,monoAI technology,グロース,
5242,アイズ,グロース,
5243,note,グロース,
5244,jig.jp,グロース,
5246,ELEMENTS,グロース,
5247,BTM,グロース,
5248,テクノロジーズ,グロース,
5250,GMOプライム・ストラテジー,スタンダード,
5252,日本ナレッジ,グロース,
5253,カバー,グロース,
5254,Arent,グロース,
5255,モンスターラボ,グロース,
5256,Fusic,グロース,
5257,ノバシステム,スタンダード,
5258,トランザクション・メディア・ネットワークス,グロース,
5261,リソルホールディングス,プライム,
5262,日本ヒューム,プライム,TOPIX Small 1
5268,旭コンクリート工業,スタンダード,
5269,日本コンクリート工業,プライム,TOPIX Small 2
526A,JPXスタートアップ急成長100ETF,ETF・ETN,
5271,トーヨーアサノ,スタンダード,
5273,三谷セキサン,スタンダード,TOPIX Small 2
5279,日本興業,スタンダード,
5280,ヨシコン,スタンダード,
5282,ジオスター,スタンダード,
5283,高見澤,スタンダード,
5284,ヤマウホールディングス,スタンダード,
5285,ヤマックス,スタンダード,
5287,イトーヨーギョー,スタンダード,
5288,アジアパイルホールディングス,プライム,TOPIX Small 2
5290,ベルテクスコーポレーション,スタンダード,
5301,東海カーボン,プライム,TOPIX Mid400
5302,日本カーボン,プライム,TOPIX Small 1
5304,SECカーボン,スタンダード,
530A,NZAM 上場投信 東証REIT指数(2・5・8・11月決算型),ETF・ETN,
5310,東洋炭素,プライム,TOPIX Small 1
531A,NZAM 上場投信 日経平均高配当株50,ETF・ETN,
532A,NZAM 上場投信 TOPIX高配当40,ETF・ETN,
5331,ノリタケ,プライム,TOPIX Small 1
5332,TOTO,プライム,TOPIX Mid400
5333,NGK,プライム,TOPIX Mid400
5334,日本特殊陶業,プライム,TOPIX Mid400
5337,ダントーホールディングス,スタンダード,
533A,NZAM 上場投信 S&P500(為替ヘッジなし),ETF・ETN,
5341,ASAHI EITOホールディングス,スタンダード,
5344,MARUWA,プライム,TOPIX Mid400
534A,NZAM 上場投信 NASDAQ100(為替ヘッジなし),ETF・ETN,
5351,品川リフラ,プライム,TOPIX Small 1
5355,日本坩堝,スタンダード,
5356,美濃窯業,スタンダード,
5357,ヨータイ,プライム,TOPIX Small 2
535A,NZAM 上場投信 DAX(為替ヘッジなし),ETF・ETN,
5363,東京窯業,スタンダード,
5367,ニッカトー,スタンダード,
5368,日本インシュレーション,スタンダード,
536A,NZAM 上場投信 先進国株式(MSCI-KOKUSAI)(為替ヘッジなし),ETF・ETN,
537A,NZAM 上場投信 全世界株式(MSCI ACWI)(為替ヘッジなし),ETF・ETN,
5380,新東,スタンダード,
5381,マイポックス,スタンダード,
5384,フジミインコーポレーテッド,プライム,TOPIX Small 1
5388,クニミネ工業,スタンダード,
538A,NZAM 上場投信 米国国債7-10年(為替ヘッジなし),ETF・ETN,
5391,エーアンドエーマテリアル,スタンダード,
5393,ニチアス,プライム,TOPIX Mid400
539A,NZAM 上場投信 海外債券(FTSE WGBI除く日本)(為替ヘッジなし),ETF・ETN,
5401,日本製鉄,プライム,TOPIX Large70
5406,神戸製鋼所,プライム,TOPIX Mid400
5408,中山製鋼所,プライム,TOPIX Small 2
540A,上場インデックスファンド日経銀行株トップ10,ETF・ETN,
5410,合同製鐵,プライム,TOPIX Small 1
5411,JFEホールディングス,プライム,TOPIX Mid400
541A,One ETF TOPIX高配当株グロース指数,ETF・ETN,
5423,東京製鐵,プライム,TOPIX Small 1
542A,ビタブリッドジャパン,グロース,
543A,ARCHION,プライム,TOPIX Small 1
5440,共英製鋼,プライム,TOPIX Small 1
5444,大和工業,プライム,TOPIX Mid400
5445,東京鐵鋼,プライム,TOPIX Small 1
5446,北越メタル,スタンダード,
5449,大阪製鐵,スタンダード,TOPIX Small 2
544A,GMSグループ,プライム,TOPIX Small 2
5451,ヨドコウ,プライム,TOPIX Small 1
5458,高砂鐵工,スタンダード,
545A,トランヴィア,プライム,TOPIX Small 2
5461,中部鋼鈑,プライム,TOPIX Small 1
5463,丸一鋼管,プライム,TOPIX Mid400
5464,モリ工業,スタンダード,TOPIX Small 2
546A,MIRAINIホールディングス,プライム,TOPIX Small 2
5471,大同特殊鋼,プライム,TOPIX Mid400
547A,ムニノバホールディングス,プライム,TOPIX Small 1
5480,日本冶金工業,プライム,TOPIX Small 1
5482,愛知製鋼,プライム,TOPIX Small 1
5484,東北特殊鋼,スタンダード,
548A,システムエグゼ,スタンダード,
5491,日本金属,スタンダード,
549A,ヒトトヒトホールディングス,スタンダード,
550A,ソフトテックス,スタンダード,
5527,property technologies,グロース,
552A,MAXIS米国AIインフラ株上場投信,ETF・ETN,
5532,リアルゲイト,グロース,
5533,エリッツホールディングス,スタンダード,
5535,ミガロホールディングス,プライム,
5537,AlbaLink,グロース,
5541,大平洋金属,プライム,TOPIX Small 2
5542,新報国マテリアル,スタンダード,
554A,バトンズ,グロース,
5563,新日本電工,プライム,TOPIX Small 1
556A,犬猫生活,グロース,
5570,ジェノバ,グロース,
5571,エキサイトホールディングス,スタンダード,
5572,Ridge-i,グロース,
5574,ABEJA,グロース,
5575,Globee,グロース,
5576,オービーシステム,スタンダード,
5578,ARアドバンストテクノロジ,グロース,
5580,プロディライト,グロース,
5582,グリッド,グロース,
5586,Laboro.AI,グロース,
5587,インバウンドプラットフォーム,グロース,
5588,ファーストアカウンティング,グロース,
5589,オートサーバー,スタンダード,
558A,SQUEEZE,グロース,
5590,ネットスターズ,グロース,
5591,AVILEN,グロース,
5592,くすりの窓口,グロース,
5597,ブルーイノベーション,グロース,
5599,S&J,グロース,
559A,梅乃宿酒造,スタンダード,
5602,栗本鐵工所,プライム,TOPIX Small 1
5603,虹技,スタンダード,
5609,日本鋳造,スタンダード,
5612,日本鋳鉄管,スタンダード,
5616,雨風太陽,グロース,
5618,ナイル,グロース,
5619,マーソ,グロース,
5621,ヒューマンテクノロジーズ,グロース,
5631,日本製鋼所,プライム,TOPIX Mid400
5632,三菱製鋼,プライム,TOPIX Small 2
563A,グローバルX NASDAQ100・デイリー・カバード・コール ETF,ETF・ETN,
5644,メタルアート,スタンダード,
564A,グローバルX S&P先進国キャッシュフロー・トップ100 ETF,ETF・ETN,
5658,日亜鋼業,スタンダード,
5659,日本精線,プライム,TOPIX Small 2
566A,iFreeETF ブルームバーグ日本株(除く金融)高配当50指数,ETF・ETN,
568A,iシェアーズ シルバー ETF,ETF・ETN,
5695,パウダーテック,スタンダード,
5697,サンユウ,スタンダード,
5698,エンビプロ・ホールディングス,スタンダード,TOPIX Small 2
5699,イボキン,スタンダード,
569A,iシェアーズ プラチナ ETF,ETF・ETN,
5702,大紀アルミニウム工業所,プライム,TOPIX Small 1
5703,日本軽金属ホールディングス,プライム,TOPIX Small 1
5704,JMC,スタンダード,
5706,三井金属,プライム,TOPIX Mid400
5707,東邦亜鉛,プライム,TOPIX Small 2
570A,iシェアーズ 日本国債0-1年 ETF,ETF・ETN,
5711,三菱マテリアル,プライム,TOPIX Mid400
5713,住友金属鉱山,プライム,TOPIX Mid400
5714,DOWAホールディングス,プライム,TOPIX Mid400
5715,古河機械金属,プライム,TOPIX Small 1
571A,iシェアーズ 日本国債1-3年 ETF,ETF・ETN,
5721,エスクリプトエナジー,スタンダード,
5724,アサカ理研,スタンダード,
5726,大阪チタニウムテクノロジーズ,プライム,TOPIX Small 1
5729,日本精鉱,スタンダード,
572A,iシェアーズ 日本国債3-7年 ETF,ETF・ETN,
573A,iシェアーズ 日本国債20年超 ETF,ETF・ETN,
5741,UACJ,プライム,TOPIX Small 1
5742,エヌアイシ・オートテック,スタンダード,
5753,日本伸銅,スタンダード,
5757,CKサンエツ,プライム,TOPIX Small 2
575A,前澤ホールディングス,プライム,TOPIX Small 2
576A,グローバルX チャイナテック・カバード・コール ETF,ETF・ETN,
577A,グローバルX シルバー ETF,ETF・ETN,
578A,グローバルX シルバー ETF(為替ヘッジあり),ETF・ETN,
579A,グローバルX 銀ビジネス ETF,ETF・ETN,
5801,古河電気工業,プライム,TOPIX Mid400
5802,住友電気工業,プライム,TOPIX Large70
5803,フジクラ,プライム,TOPIX Large70
5805,SWCC,プライム,TOPIX Small 1
580A,グローバルX 銅ビジネス ETF,ETF・ETN,
5816,オーナンバ,スタンダード,
5817,JMACS,スタンダード,
5819,カナレ電気,スタンダード,
581A,GO,グロース,
5820,三ッ星,スタンダード,
5821,平河ヒューテック,プライム,TOPIX Small 2
5830,いよぎんホールディングス,プライム,TOPIX Mid400
5831,しずおかフィナンシャルグループ,プライム,TOPIX Mid400
5832,ちゅうぎんフィナンシャルグループ,プライム,TOPIX Mid400
5834,SBIリーシングサービス,グロース,
5838,楽天銀行,プライム,TOPIX Mid400
5842,インテグラル,グロース,
5843,ニッポンインシュア,スタンダード,
5844,京都フィナンシャルグループ,プライム,TOPIX Mid400
5845,全保連,スタンダード,
584A,LiNKX,グロース,
5851,リョービ,プライム,TOPIX Small 1
5852,アーレスティ,プライム,
5857,AREホールディングス,プライム,TOPIX Small 1
5858,STG,グロース,
585A,日本バリュー・ボトムアップ株式投資戦略アクティブETF,ETF・ETN,
5867,エスネットワークス,グロース,
5868,ロココ,スタンダード,
5869,早稲田学習研究会,スタンダード,
586A,NEXT FUNDS 日経エンタメ・コンテンツ株指数連動型上場投信,ETF・ETN,
5870,ナルネットコミュニケーションズ,グロース,
5871,SOLIZE Holdings,スタンダード,
587A,インベスコQQQトラスト シリーズ1,ETF・ETN,
5884,クラダシ,グロース,
5885,ジーデップ・アドバンス,スタンダード,
5888,DAIWA CYCLE,グロース,
5889,Japan Eyewear Holdings,プライム,TOPIX Small 2
5891,SAKIGAKEホールディングス,スタンダード,
5892,yutori,グロース,
589A,ネイス,グロース,
5900,ダイケン,スタンダード,
5901,東洋製罐グループホールディングス,プライム,TOPIX Mid400
5902,ホッカンホールディングス,プライム,TOPIX Small 2
5905,日本製罐,スタンダード,
5906,エムケー精工,スタンダード,
5909,コロナ,スタンダード,TOPIX Small 2
590A,ギフティグループ,プライム,TOPIX Small 2
5911,横河ブリッジホールディングス,プライム,TOPIX Small 1
5915,駒井ハルテック,スタンダード,
5918,瀧上工業,スタンダード,
5921,川岸工業,スタンダード,
5922,那須電機鉄工,スタンダード,
5923,高田機工,スタンダード,
5928,アルメタックス,スタンダード,
5929,三和ホールディングス,プライム,TOPIX Mid400
5930,文化シヤッター,プライム,TOPIX Small 1
5932,三協立山,プライム,TOPIX Small 2
5933,アルインコ,プライム,TOPIX Small 2
5936,東洋シヤッター,スタンダード,
5938,LIXIL,プライム,TOPIX Mid400
5939,大谷工業,スタンダード,
593A,ティアフォー,グロース,
5940,不二サッシ,スタンダード,
5941,中西製作所,スタンダード,
5942,日本フイルコン,スタンダード,
5943,ノーリツ,プライム,TOPIX Small 1
5945,天龍製鋸,スタンダード,
5946,長府製作所,プライム,TOPIX Small 2
5947,リンナイ,プライム,TOPIX Mid400
5949,ユニプレス,プライム,TOPIX Small 1
5950,日本パワーファスニング,スタンダード,
5951,ダイニチ工業,スタンダード,
5952,アマテイ,スタンダード,
5955,ワイズホールディングス,スタンダード,
5956,トーソー,スタンダード,
5957,日東精工,プライム,TOPIX Small 2
5958,三洋工業,スタンダード,
5959,岡部,プライム,TOPIX Small 2
5962,浅香工業,スタンダード,
5965,フジマック,スタンダード,
5966,京都機械工具,スタンダード,
5967,TONE,スタンダード,
5969,ロブテックス,スタンダード,
5970,ジーテクト,プライム,TOPIX Small 1
5971,共和工業所,スタンダード,
5973,トーアミ,スタンダード,
5974,中国工業,スタンダード,
5975,東プレ,プライム,TOPIX Small 1
5976,高周波熱錬,プライム,TOPIX Small 2
5981,東京製綱,プライム,TOPIX Small 2
5982,マルゼン,スタンダード,
5983,イワブチ,スタンダード,
5984,兼房,スタンダード,
5985,サンコール,スタンダード,TOPIX Small 2
5986,モリテック スチール,スタンダード,
5987,オーネックス,スタンダード,
5988,パイオラックス,プライム,TOPIX Small 1
5989,エイチワン,プライム,TOPIX Small 2
598A,チャットプラス,グロース,
5990,スーパーツール,スタンダード,
5991,日本発條,プライム,TOPIX Mid400
5992,中央発條,スタンダード,TOPIX Small 2
5994,ファインシンター,スタンダード,
5997,協立エアテック,スタンダード,
5998,アドバネクス,スタンダード,
6005,三浦工業,プライム,TOPIX Mid400
600A,ニッセイETF ラッセル2000,ETF・ETN,
6013,タクマ,プライム,TOPIX Small 1
6016,ジャパンエンジンコーポレーション,スタンダード,
6018,阪神内燃機工業,スタンダード,
6022,赤阪鐵工所,スタンダード,
6023,ダイハツインフィニアース,スタンダード,
6027,弁護士ドットコム,プライム,TOPIX Small 2
6029,アトラグループ,スタンダード,
6030,アドベンチャー,グロース,
6031,ZETA,グロース,
6033,エクストリーム,グロース,
6034,MRT,グロース,
6035,アイ・アールジャパンホールディングス,スタンダード,TOPIX Small 2
6036,KeePer技研,プライム,TOPIX Small 1
6037,楽待,スタンダード,
6038,イード,グロース,
6039,日本動物高度医療センター,グロース,
603A,アイ・グリッド・ソリューションズ,グロース,
6040,日本スキー場開発,グロース,
6042,ニッキ,スタンダード,
6044,三機サービス,スタンダード,
6045,レントラックス,グロース,
6046,リンクバル,スタンダード,
6047,Gunosy,スタンダード,TOPIX Small 2
6049,イトクロ,グロース,
604A,ビーエイブル,スタンダード,
6050,イー・ガーディアン,プライム,TOPIX Small 2
6054,リブセンス,スタンダード,
6055,ジャパンマテリアル,プライム,TOPIX Small 1
6058,ベクトル,プライム,TOPIX Small 2
6059,ウチヤマホールディングス,スタンダード,
605A,NEXT FUNDS 日本株政策フォーカス上場投信,ETF・ETN,
6061,ユニバーサル園芸社,スタンダード,
6062,チャーム・ケア・コーポレーション,プライム,TOPIX Small 2
6063,日本エマージェンシーアシスタンス,スタンダード,
6069,トレンダーズ,グロース,
606A,金2倍ブルETF,ETF・ETN,
6070,キャリアリンク,プライム,TOPIX Small 2
6071,IBJ,プライム,TOPIX Small 2
6072,地盤ネットホールディングス,スタンダード,
6073,アサンテ,プライム,TOPIX Small 2
6074,ジェイエスエス,スタンダード,
6078,バリューHR,プライム,TOPIX Small 2
607A,エブリー,グロース,
6080,M&Aキャピタルパートナーズ,プライム,TOPIX Small 1
6081,アライドアーキテクツ,グロース,
6082,ライドオンエクスプレスホールディングス,スタンダード,TOPIX Small 2
6083,ERIホールディングス,スタンダード,
6085,アーキテクツ・スタジオ・ジャパン,グロース,
6086,シンメンテホールディングス,グロース,
6087,アビスト,スタンダード,
6088,シグマクシス・ホールディングス,プライム,TOPIX Small 1
6089,ウィルグループ,プライム,TOPIX Small 2
608A,上場インデックスファンド東証REIT高利回り30,ETF・ETN,
6090,ヒューマン・メタボローム・テクノロジーズ,スタンダード,
6091,ウエスコホールディングス,スタンダード,
6092,エンバイオ・ホールディングス,スタンダード,
6093,ミトラグループ,スタンダード,
6094,フリークアウト・ホールディングス,グロース,
6098,リクルートホールディングス,プライム,TOPIX Core30
6099,エラン,プライム,TOPIX Small 2
609A,グローバルX 総合商社&資源ビジネス-日本株式 ETF,ETF・ETN,
6101,ツガミ,プライム,TOPIX Small 1
6103,オークマ,プライム,TOPIX Small 1
6104,芝浦機械,プライム,TOPIX Small 1
610A,グローバルX 宇宙テック・トップ10 ETF(除く日本),ETF・ETN,
6113,アマダ,プライム,TOPIX Mid400
6118,アイダエンジニアリング,プライム,TOPIX Small 1
611A,One ETF 日本国債 27-30年,ETF・ETN,
6125,岡本工作機械製作所,スタンダード,
612A,One ETF 日本国債先物逆連動指数,ETF・ETN,
6134,FUJI,プライム,TOPIX Mid400
6135,牧野フライス製作所,プライム,TOPIX Small 1
6136,オーエスジー,プライム,TOPIX Mid400
6137,小池酸素工業,スタンダード,
6138,ダイジェット工業,スタンダード,
613A,iFreeETF ドイツ0-3カ月短期国債,ETF・ETN,
6140,旭ダイヤモンド工業,プライム,TOPIX Small 1
6141,DMG森精機,プライム,TOPIX Mid400
6143,ソディック,プライム,TOPIX Small 1
6144,西部電機,スタンダード,
6145,NITTOKU,スタンダード,
6146,ディスコ,プライム,TOPIX Large70
6147,ヤマザキ,スタンダード,
6149,小田原エンジニアリング,スタンダード,
6150,タケダ機械,スタンダード,
6151,日東工器,プライム,TOPIX Small 2
6155,高松機械工業,スタンダード,
6156,エーワン精密,スタンダード,
6157,日進工具,スタンダード,TOPIX Small 2
6158,和井田製作所,スタンダード,
6159,ミクロン精密,スタンダード,
6161,エスティック,スタンダード,
6165,パンチ工業,スタンダード,
6166,中村超硬,グロース,
6167,冨士ダイス,プライム,TOPIX Small 2
6171,土木管理総合試験所,スタンダード,
6176,ブランジスタ,スタンダード,
6177,AppBank,グロース,
6178,日本郵政,プライム,TOPIX Large70
6180,GMOメディア,グロース,
6181,タメニー,グロース,
6182,メタリアル,グロース,
6183,ベルシステム24ホールディングス,プライム,TOPIX Small 2
6184,鎌倉新書,プライム,TOPIX Small 2
6185,SMN,スタンダード,
6186,一蔵,スタンダード,
6189,グローバルキッズCOMPANY,スタンダード,
6190,フェニックスバイオ,グロース,
6191,エアトリ,プライム,TOPIX Small 2
6193,バーチャレクス・ホールディングス,グロース,
6194,アトラエ,プライム,TOPIX Small 2
6195,ホープ,グロース,
6196,ストライクグループ,プライム,TOPIX Small 1
6198,キャリア,グロース,
6199,セラク,スタンダード,TOPIX Small 2
6200,インソース,プライム,TOPIX Small 1
6203,豊和工業,スタンダード,
6208,石川製作所,スタンダード,
6209,リケンNPR,プライム,TOPIX Small 1
6217,津田駒工業,スタンダード,
6218,エンシュウ,スタンダード,
6222,島精機製作所,プライム,TOPIX Small 1
6223,西部技研,スタンダード,
6224,JRC,グロース,
6226,守谷輸送機工業,スタンダード,
6227,AIメカテック,スタンダード,
6228,ジェイ・イー・ティ,スタンダード,
6229,オーケーエム,スタンダード,
6230,SANEI,スタンダード,
6231,木村工機,スタンダード,
6232,ACSL,グロース,
6233,KLASS,スタンダード,
6235,オプトラン,プライム,TOPIX Small 1
6237,イワキポンプ,プライム,TOPIX Small 2
6238,フリュー,プライム,TOPIX Small 2
6239,ナガオカ,スタンダード,
6240,ヤマシンフィルタ,プライム,TOPIX Small 2
6245,ヒラノテクシード,スタンダード,
6246,テクノスマート,スタンダード,
6247,日阪製作所,プライム,TOPIX Small 2
6248,横田製作所,スタンダード,
6249,ゲームカードホールディングス,スタンダード,
6250,やまびこ,プライム,TOPIX Small 1
6254,野村マイクロ・サイエンス,プライム,TOPIX Small 1
6255,エヌ・ピー・シー,グロース,
6257,藤商事,スタンダード,
6258,平田機工,プライム,TOPIX Small 1
6262,PEGASUS,スタンダード,TOPIX Small 2
6264,マルマエ,プライム,TOPIX Small 2
6265,コンバム,スタンダード,
6266,タツモ,プライム,TOPIX Small 2
6267,ゼネラルパッカー,スタンダード,
6268,ナブテスコ,プライム,TOPIX Mid400
6269,三井海洋開発,プライム,TOPIX Mid400
6272,レオン自動機,プライム,TOPIX Small 2
6273,SMC,プライム,TOPIX Large70
6276,シリウスビジョン,スタンダード,
6277,ホソカワミクロン,プライム,TOPIX Small 1
6278,ユニオンツール,プライム,TOPIX Small 1
6279,瑞光,プライム,TOPIX Small 2
6282,オイレス工業,プライム,TOPIX Small 1
6284,日精エー・エス・ビー機械,プライム,TOPIX Small 1
6286,靜甲,スタンダード,
6287,サトー,プライム,TOPIX Small 1
6289,技研製作所,プライム,TOPIX Small 2
6291,日本エアーテック,スタンダード,TOPIX Small 2
6292,カワタ,スタンダード,
6294,オカダアイヨン,プライム,
6298,ワイエイシイホールディングス,プライム,TOPIX Small 2
6301,小松製作所,プライム,TOPIX Large70
6302,住友重機械工業,プライム,TOPIX Mid400
6305,日立建機,プライム,TOPIX Mid400
6306,日工,プライム,TOPIX Small 2
6307,サンセイ,スタンダード,
6309,巴工業,プライム,TOPIX Small 2
6310,井関農機,プライム,TOPIX Small 2
6315,TOWA,プライム,TOPIX Small 1
6316,丸山製作所,スタンダード,
6317,北川鉄工所,スタンダード,TOPIX Small 2
6322,タクミナ,スタンダード,
6323,ローツェ,プライム,TOPIX Mid400
6324,ハーモニック・ドライブ・システムズ,プライム,TOPIX Small 2
6325,タカキタ,スタンダード,
6326,クボタ,プライム,TOPIX Large70
6327,北川精機,スタンダード,
6328,荏原実業,プライム,TOPIX Small 2
6330,東洋エンジニアリング,プライム,TOPIX Small 2
6331,三菱化工機,プライム,TOPIX Small 1
6332,月島ホールディングス,プライム,TOPIX Small 1
6333,TEIKOKU,プライム,TOPIX Small 2
6334,明治機械,スタンダード,
6335,東京機械製作所,スタンダード,
6336,石井表記,スタンダード,
6337,テセック,スタンダード,
6338,タカトリ,スタンダード,
6339,新東工業,プライム,TOPIX Small 2
6340,澁谷工業,プライム,TOPIX Small 2
6342,太平製作所,スタンダード,
6343,フリージア・マクロス,スタンダード,
6345,アイチ コーポレーション,プライム,TOPIX Small 2
6346,キクカワエンタープライズ,スタンダード,
6347,プラコー,スタンダード,
6349,小森コーポレーション,プライム,TOPIX Small 1
6351,鶴見製作所,プライム,TOPIX Small 2
6356,日本ギア工業,スタンダード,
6357,三精テクノロジーズ,スタンダード,
6358,酒井重工業,プライム,TOPIX Small 2
6360,東京自働機械製作所,スタンダード,
6361,荏原製作所,プライム,TOPIX Mid400
6363,酉島製作所,プライム,TOPIX Small 1
6364,AIRMAN,プライム,TOPIX Small 2
6365,電業社機械製作所,スタンダード,
6366,千代田化工建設,スタンダード,
6367,ダイキン工業,プライム,TOPIX Core30
6368,オルガノ,プライム,TOPIX Mid400
6369,トーヨーカネツ,プライム,TOPIX Small 2
6370,栗田工業,プライム,TOPIX Mid400
6371,椿本チエイン,プライム,TOPIX Small 1
6376,日機装,プライム,TOPIX Small 1
6378,木村化工機,スタンダード,TOPIX Small 2
6379,レイズネクスト,プライム,TOPIX Small 2
6380,オリエンタルチエン工業,スタンダード,
6381,アネスト岩田,プライム,TOPIX Small 2
6382,トリニティ工業,スタンダード,
6383,ダイフク,プライム,TOPIX Mid400
6384,昭和真空,スタンダード,
6387,サムコ,プライム,TOPIX Small 2
6390,加藤製作所,プライム,
6391,加地テック,スタンダード,
6392,ヤマダコーポレーション,スタンダード,
6393,油研工業,スタンダード,
6395,タダノ,プライム,TOPIX Small 1
6396,宇野澤組鐵工所,スタンダード,
6400,不二精機,スタンダード,
6402,兼松エンジニアリング,スタンダード,
6405,鈴茂器工,スタンダード,
6407,CKD,プライム,TOPIX Small 1
6408,小倉クラッチ,スタンダード,
6412,平和,プライム,TOPIX Small 1
6413,理想科学工業,プライム,TOPIX Small 2
6417,SANKYO,プライム,TOPIX Mid400
6418,日本金銭機械,プライム,TOPIX Small 2
6419,マースグループホールディングス,プライム,TOPIX Small 1
6420,ガリレイホールディングス,プライム,TOPIX Small 1
6424,高見沢サイバネティックス,スタンダード,
6425,ユニバーサルエンターテインメント,スタンダード,
6428,オーイズミ,スタンダード,
6430,ダイコク電機,プライム,TOPIX Small 2
6432,竹内製作所,プライム,TOPIX Small 1
6433,ヒーハイスト,スタンダード,
6436,アマノ,プライム,TOPIX Mid400
6440,JUKI,プライム,TOPIX Small 2
6444,サンデン,スタンダード,
6445,ジャノメ,プライム,TOPIX Small 2
6448,ブラザー工業,プライム,TOPIX Mid400
6454,マックス,プライム,TOPIX Small 1
6455,モリタホールディングス,プライム,TOPIX Small 2
6457,グローリー,プライム,TOPIX Mid400
6458,新晃工業,プライム,TOPIX Small 1
6459,だいわ,プライム,TOPIX Small 2
6460,セガサミーホールディングス,プライム,TOPIX Mid400
6463,TPR,プライム,TOPIX Small 1
6464,ツバキ・ナカシマ,プライム,TOPIX Small 2
6465,ホシザキ,プライム,TOPIX Mid400
6466,TVE,スタンダード,
6467,ニチダイ,スタンダード,
6469,放電精密加工研究所,スタンダード,
6470,大豊工業,スタンダード,TOPIX Small 2
6471,日本精工,プライム,TOPIX Mid400
6472,NTN,プライム,TOPIX Mid400
6473,ジェイテクト,プライム,TOPIX Mid400
6474,不二越,プライム,TOPIX Small 1
6479,ミネベアミツミ,プライム,TOPIX Mid400
6480,日本トムソン,プライム,TOPIX Small 2
6481,THK,プライム,TOPIX Mid400
6482,YUSHIN,スタンダード,TOPIX Small 2
6484,KVK,スタンダード,
6485,前澤給装工業,スタンダード,TOPIX Small 2
6486,イーグル工業,プライム,TOPIX Small 1
6488,ヨシタケ,スタンダード,
6490,PILLAR,プライム,TOPIX Small 1
6492,岡野バルブ製造,スタンダード,
6493,NITTAN,スタンダード,
6494,NFKホールディングス,スタンダード,
6495,宮入バルブ製作所,スタンダード,
6496,中北製作所,スタンダード,
6497,ハマイ,スタンダード,
6498,キッツ,プライム,TOPIX Small 1
6501,日立製作所,プライム,TOPIX Core30
6503,三菱電機,プライム,TOPIX Core30
6504,富士電機,プライム,TOPIX Mid400
6505,東洋電機製造,スタンダード,
6506,安川電機,プライム,TOPIX Mid400
6507,シンフォニアテクノロジー,プライム,TOPIX Small 1
6508,明電舎,プライム,TOPIX Small 1
6513,オリジン,スタンダード,
6516,山洋電気,プライム,TOPIX Small 1
6517,デンヨー,プライム,TOPIX Small 2
6518,三相電機,スタンダード,
6521,オキサイド,グロース,
6522,アスタリスク,グロース,
6523,PHCホールディングス,プライム,TOPIX Small 1
6524,湖北工業,スタンダード,
6525,KOKUSAI ELECTRIC,プライム,TOPIX Mid400
6526,ソシオネクスト,プライム,TOPIX Mid400
6532,ベイカレント,プライム,TOPIX Mid400
6533,Orchestra Holdings,プライム,TOPIX Small 2
6535,アイモバイル,プライム,TOPIX Small 2
6537,WASHハウス,グロース,
6538,ディスラプターズ,スタンダード,
6539,MS-Japan,プライム,TOPIX Small 2
6540,船場,スタンダード,
6543,日宣,スタンダード,
6544,ジャパンエレベーターサービスホールディングス,プライム,TOPIX Mid400
6545,インターネットインフィニティー,グロース,
6546,フルテック,スタンダード,
6547,グリーンズ,スタンダード,
6548,旅工房,グロース,
6549,ディーエムソリューションズ,スタンダード,
6551,ツナググループ・ホールディングス,スタンダード,
6552,GameWith,スタンダード,
6554,エスユーエス,グロース,
6555,MS&Consulting,スタンダード,
6557,AIAIグループ,グロース,
6558,クックビズ,グロース,
6560,エル・ティー・エス,プライム,TOPIX Small 2
6561,HANATOUR JAPAN,グロース,
6562,ジーニー,グロース,
6563,みらいワークス,グロース,
6564,ミダックホールディングス,プライム,TOPIX Small 2
6566,要興業,スタンダード,
6568,神戸天然物化学,グロース,
6570,共和コーポレーション,スタンダード,
6571,キュービーネットホールディングス,プライム,TOPIX Small 2
6572,オープングループ,プライム,TOPIX Small 2
6573,CRAVIA,グロース,
6574,コンヴァノ,グロース,
6577,ベストワンドットコム,グロース,
6578,コレックホールディングス,スタンダード,
6579,ログリー,グロース,
6580,ライトアップ,グロース,
6584,三櫻工業,プライム,TOPIX Small 2
6586,マキタ,プライム,TOPIX Mid400
6588,東芝テック,プライム,TOPIX Small 1
6590,芝浦メカトロニクス,プライム,TOPIX Small 1
6592,マブチモーター,プライム,TOPIX Mid400
6594,ニデック,プライム,
6597,HPCシステムズ,グロース,
6599,エブレン,スタンダード,
6612,バルミューダ,グロース,
6613,QDレーザ,グロース,
6614,シキノハイテック,スタンダード,
6615,ユー・エム・シー・エレクトロニクス,プライム,TOPIX Small 2
6616,トレックス・セミコンダクター,プライム,TOPIX Small 2
6617,東光高岳,プライム,TOPIX Small 2
6619,ダブル・スコープ,プライム,TOPIX Small 2
6620,宮越ホールディングス,プライム,TOPIX Small 2
6622,ダイヘン,プライム,TOPIX Small 1
6625,JALCOホールディングス,スタンダード,
6626,SEMITEC,スタンダード,
6627,テラプローブ,スタンダード,
6629,テクノホライゾン,スタンダード,
6630,ヤーマン,プライム,TOPIX Small 1
6632,JVCケンウッド,プライム,TOPIX Mid400
6633,CGSホールディングス,スタンダード,
6634,JNグループ,スタンダード,
6635,大日光・エンジニアリング,スタンダード,
6637,寺崎電気産業,スタンダード,
6638,ミマキエンジニアリング,プライム,TOPIX Small 2
6643,戸上電機製作所,スタンダード,
6644,大崎電気工業,プライム,TOPIX Small 2
6645,オムロン,プライム,TOPIX Mid400
6647,森尾電機,スタンダード,
6648,かわでん,スタンダード,
6651,日東工業,プライム,TOPIX Small 1
6652,IDEC,プライム,TOPIX Small 1
6653,正興電機製作所,プライム,
6654,不二電機工業,スタンダード,
6656,インスペック,スタンダード,
6658,シライ電子工業,スタンダード,
6659,メディアリンクス,スタンダード,
6662,ユビテック,スタンダード,
6663,太洋テクノレックス,スタンダード,
6664,オプトエレクトロニクス,スタンダード,
6666,リバーエレテック,スタンダード,
6668,アドテック プラズマ テクノロジー,スタンダード,
6674,ジーエス・ユアサ コーポレーション,プライム,TOPIX Mid400
6675,サクサ,スタンダード,
6676,BUFFALO,スタンダード,TOPIX Small 2
6677,エスケーエレクトロニクス,スタンダード,
6678,テクノメディカ,スタンダード,TOPIX Small 2
6694,ズーム,スタンダード,
6696,トラース・オン・プロダクト,グロース,
6699,ダイヤモンドエレクトリックホールディングス,スタンダード,TOPIX Small 2
6701,日本電気,プライム,TOPIX Large70
6702,富士通,プライム,TOPIX Large70
6703,沖電気工業,プライム,TOPIX Small 1
6706,電気興業,プライム,TOPIX Small 2
6707,サンケン電気,プライム,TOPIX Mid400
6718,アイホン,プライム,TOPIX Small 2
6721,ウインテスト,スタンダード,
6723,ルネサスエレクトロニクス,プライム,TOPIX Large70
6724,セイコーエプソン,プライム,TOPIX Mid400
6727,ワコム,プライム,TOPIX Small 1
6728,アルバック,プライム,TOPIX Mid400
6730,アクセル,スタンダード,TOPIX Small 2
6731,ピクセラ,スタンダード,
6736,サン電子,スタンダード,
6737,EIZO,プライム,TOPIX Small 1
6740,ジャパンディスプレイ,プライム,TOPIX Small 2
6741,日本信号,プライム,TOPIX Small 2
6742,京三製作所,プライム,TOPIX Small 2
6743,大同信号,スタンダード,
6744,能美防災,プライム,TOPIX Small 1
6745,ホーチキ,プライム,TOPIX Small 2
6748,星和電機,スタンダード,
6750,エレコム,プライム,TOPIX Small 1
6752,パナソニック ホールディングス,プライム,TOPIX Large70
6753,シャープ,プライム,TOPIX Mid400
6754,アンリツ,プライム,TOPIX Mid400
6757,OSGコーポレーション,スタンダード,
6758,ソニーグループ,プライム,TOPIX Core30
6762,TDK,プライム,TOPIX Large70
6763,帝国通信工業,プライム,TOPIX Small 2
6768,タムラ製作所,プライム,TOPIX Small 1
6769,ザインエレクトロニクス,スタンダード,
6770,アルプスアルパイン,プライム,TOPIX Mid400
6771,池上通信機,スタンダード,
6772,東京コスモス電機,スタンダード,
6775,TBグループ,スタンダード,
6776,天昇電気工業,スタンダード,
6777,santec Holdings,スタンダード,
6778,アルチザネットワークス,スタンダード,
6779,日本電波工業,プライム,TOPIX Small 2
6785,鈴木,プライム,TOPIX Small 2
6786,RVH,スタンダード,
6787,メイコー,プライム,TOPIX Small 1
6788,日本トリム,プライム,TOPIX Small 2
6794,フォスター電機,プライム,TOPIX Small 2
6797,名古屋電機工業,スタンダード,
6798,SMK,プライム,TOPIX Small 2
6800,ヨコオ,プライム,TOPIX Small 2
6803,ティアック,スタンダード,
6804,ホシデン,プライム,TOPIX Small 1
6806,ヒロセ電機,プライム,TOPIX Mid400
6807,日本航空電子工業,プライム,TOPIX Small 1
6809,TOA,プライム,TOPIX Small 2
6810,マクセル,プライム,TOPIX Small 1
6814,古野電気,プライム,TOPIX Small 1
6817,スミダコーポレーション,プライム,TOPIX Small 2
6819,伊豆シャボテンリゾート,スタンダード,
6820,アイコム,プライム,TOPIX Small 2
6822,大井電気,スタンダード,
6823,リオン,プライム,TOPIX Small 2
6824,新コスモス電機,スタンダード,
6832,アオイ電子,スタンダード,
6834,精工技研,スタンダード,
6835,アライドテレシスホールディングス,スタンダード,
6836,ぷらっとホーム,スタンダード,
6837,京写,スタンダード,
6838,多摩川ホールディングス,スタンダード,
6840,AKIBAホールディングス,スタンダード,
6841,横河電機,プライム,TOPIX Mid400
6844,新電元工業,プライム,TOPIX Small 2
6845,アズビル,プライム,TOPIX Mid400
6848,東亜ディーケーケー,スタンダード,
6849,日本光電工業,プライム,TOPIX Mid400
6850,チノー,プライム,TOPIX Small 2
6853,共和電業,スタンダード,
6855,日本電子材料,スタンダード,TOPIX Small 2
6856,堀場製作所,プライム,TOPIX Mid400
6857,アドバンテスト,プライム,TOPIX Core30
6858,小野測器,スタンダード,
6859,エスペック,プライム,TOPIX Small 1
6861,キーエンス,プライム,TOPIX Core30
6862,ミナトホールディングス,スタンダード,
6863,ニレコ,スタンダード,
6864,エヌエフホールディングス,スタンダード,
6866,日置電機,プライム,TOPIX Small 1
6867,リーダー電子,スタンダード,
6869,シスメックス,プライム,TOPIX Mid400
6870,日本フェンオール,スタンダード,
6871,日本マイクロニクス,プライム,TOPIX Small 1
6874,協立電機,スタンダード,
6875,メガチップス,プライム,TOPIX Small 1
6877,OBARA GROUP,スタンダード,TOPIX Small 2
6882,三社電機製作所,スタンダード,
6888,アクモス,スタンダード,
6890,フェローテック,スタンダード,
6894,パルステック工業,スタンダード,
6897,ツインバード,スタンダード,
6898,トミタ電機,スタンダード,
6899,ASTI,スタンダード,
6902,デンソー,プライム,TOPIX Large70
6904,原田工業,スタンダード,
6905,コーセル,プライム,TOPIX Small 2
6907,ジオマテック,スタンダード,
6908,イリソ電子工業,プライム,TOPIX Small 1
6912,菊水ホールディングス,スタンダード,
6914,オプテックスグループ,プライム,TOPIX Small 1
6915,千代田インテグレ,スタンダード,TOPIX Small 2
6918,アバールデータ,スタンダード,
6919,ケル,スタンダード,
6920,レーザーテック,プライム,TOPIX Large70
6923,スタンレー電気,プライム,TOPIX Mid400
6925,ウシオ電機,プライム,TOPIX Mid400
6926,岡谷電機産業,スタンダード,
6927,ヘリオス テクノ ホールディング,スタンダード,
6928,エノモト,スタンダード,
6929,日本セラミック,プライム,TOPIX Small 1
6932,遠藤照明,スタンダード,
6941,山一電機,プライム,TOPIX Small 1
6942,ソフィアホールディングス,スタンダード,
6943,NKKスイッチズ,スタンダード,
6946,日本アビオニクス,スタンダード,
6947,図研,プライム,TOPIX Small 1
6951,日本電子,プライム,TOPIX Mid400
6952,カシオ計算機,プライム,TOPIX Mid400
6954,ファナック,プライム,TOPIX Large70
6955,FDK,スタンダード,
6958,日本シイエムケイ,プライム,TOPIX Small 2
6960,フクダ電子,スタンダード,
6961,エンプラス,プライム,TOPIX Small 2
6962,大真空,プライム,TOPIX Small 2
6963,ローム,プライム,TOPIX Mid400
6964,サンコー,スタンダード,
6965,浜松ホトニクス,プライム,TOPIX Mid400
6966,三井ハイテック,プライム,TOPIX Small 1
6969,松尾電機,スタンダード,
6971,京セラ,プライム,TOPIX Large70
6976,太陽誘電,プライム,TOPIX Mid400
6977,日本抵抗器製作所,スタンダード,
6981,村田製作所,プライム,TOPIX Large70
6982,リード,スタンダード,
6986,双葉電子工業,プライム,TOPIX Small 2
6988,日東電工,プライム,TOPIX Mid400
6989,北陸電気工業,スタンダード,
6993,大黒屋ホールディングス,スタンダード,
6994,指月電機製作所,スタンダード,
6995,東海理化電機製作所,プライム,TOPIX Small 1
6996,ニチコン,プライム,TOPIX Small 1
6997,日本ケミコン,プライム,TOPIX Small 2
6998,日本タングステン,スタンダード,
6999,KOA,プライム,TOPIX Small 1
7003,三井E&S,プライム,TOPIX Mid400
7004,カナデビア,プライム,TOPIX Small 1
7011,三菱重工業,プライム,TOPIX Core30
7012,川崎重工業,プライム,TOPIX Mid400
7013,IHI,プライム,TOPIX Mid400
7014,名村造船所,スタンダード,TOPIX Small 1
7018,内海造船,スタンダード,
7021,ニッチツ,スタンダード,
7022,サノヤスホールディングス,スタンダード,
7030,スプリックス,スタンダード,
7031,インバウンドテック,グロース,
7033,マネジメントソリューションズ,プライム,TOPIX Small 2
7034,プロレド・パートナーズ,プライム,TOPIX Small 2
7035,and factory,スタンダード,
7036,イーエムネットジャパン,グロース,
7037,テノ.ホールディングス,スタンダード,
7038,フロンティア・マネジメント,プライム,TOPIX Small 2
7039,ブリッジインターナショナルグループ,グロース,
7040,サン・ライフホールディング,スタンダード,
7041,CRGホールディングス,グロース,
7042,アクセスグループ・ホールディングス,スタンダード,
7043,アルー,グロース,
7044,ピアラ,スタンダード,
7046,TDSE,グロース,
7047,ポート,グロース,
7048,ベルトラ,グロース,
7049,識学,グロース,
7050,フロンティアインターナショナル,グロース,
7057,エヌ・シー・エヌ,スタンダード,
7058,共栄セキュリティーサービス,スタンダード,
7059,コプロ・ホールディングス,プライム,
7060,ギークス,スタンダード,
7061,日本ホスピスホールディングス,グロース,
7062,フレアス,グロース,
7063,Birdman,グロース,
7064,ハウテレビジョン,スタンダード,
7065,ユーピーアール,スタンダード,
7066,ピアズ,グロース,
7067,ブランディングテクノロジー,グロース,
7068,フィードフォースグループ,グロース,
7069,サイバー・バズ,グロース,
7071,アンビスホールディングス,プライム,TOPIX Small 2
7072,インティメート・マージャー,グロース,
7073,ジェイック,グロース,
7074,トゥエンティーフォーセブンホールディングス,グロース,
7075,QLSホールディングス,グロース,
7077,ALiNKインターネット,グロース,
7078,INCLUSIVE Holdings,グロース,
7079,WDBココ,グロース,
7080,スポーツフィールド,グロース,
7081,コーユーレンティア,スタンダード,
7082,ジモティー,グロース,
7083,AHCグループ,グロース,
7084,Smile Holdings,グロース,
7085,カーブスホールディングス,プライム,TOPIX Small 1
7087,ウイルテック,スタンダード,
7089,フォースタートアップス,グロース,
7090,リグア,グロース,
7091,リビングプラットフォーム,グロース,
7093,アディッシュ,グロース,
7094,NexTone,グロース,
7095,Macbee Planet,プライム,TOPIX Small 2
7096,ステムセル研究所,グロース,
7097,さくらさくプラス,グロース,
7102,日本車輌製造,プライム,TOPIX Small 2
7110,クラシコム,グロース,
7111,INEST,スタンダード,
7112,キューブ,グロース,
7114,フーディソン,グロース,
7115,アルファパーチェス,スタンダード,
7119,ハルメクホールディングス,グロース,
7120,SHINKO,スタンダード,
7122,近畿車輛,スタンダード,
7126,グローバルスタイル,スタンダード,
7127,一家ホールディングス,スタンダード,
7128,ユニソルホールディングス,プライム,TOPIX Small 1
7129,ミアヘルサホールディングス,スタンダード,
7130,ヤマエグループホールディングス,プライム,TOPIX Small 1
7131,のむら産業,スタンダード,
7133,HYUGA PRIMARY CARE,グロース,
7134,アップガレージグループ,スタンダード,
7135,ジャパンクラフトホールディングス,スタンダード,
7138,TORICO,グロース,
7140,ペットゴー,グロース,
7148,FPG,プライム,TOPIX Small 1
7150,島根銀行,スタンダード,
7157,ライフネット生命保険,プライム,TOPIX Small 1
7161,じもとホールディングス,スタンダード,
7162,アストマックス,スタンダード,
7164,全国保証,プライム,TOPIX Mid400
7167,めぶきフィナンシャルグループ,プライム,TOPIX Mid400
7172,ジャパンインベストメントアドバイザー,プライム,TOPIX Small 1
7173,東京きらぼしフィナンシャルグループ,プライム,TOPIX Small 1
7175,今村証券,スタンダード,
7177,GMOフィナンシャルホールディングス,スタンダード,
7180,九州フィナンシャルグループ,プライム,TOPIX Mid400
7181,かんぽ生命保険,プライム,TOPIX Mid400
7182,ゆうちょ銀行,プライム,TOPIX Large70
7183,あんしん保証,スタンダード,
7184,富山第一銀行,プライム,TOPIX Small 1
7185,ヒロセ通商,スタンダード,
7186,横浜フィナンシャルグループ,プライム,TOPIX Mid400
7187,ジェイリース,プライム,TOPIX Small 2
7189,西日本フィナンシャルホールディングス,プライム,TOPIX Mid400
7191,イントラスト,スタンダード,
7192,日本モーゲージサービス,スタンダード,
7196,Casa,スタンダード,
7198,SBIアルヒ,プライム,TOPIX Small 2
7199,プレミアグループ,プライム,TOPIX Small 1
7201,日産自動車,プライム,TOPIX Mid400
7202,いすゞ自動車,プライム,TOPIX Mid400
7203,トヨタ自動車,プライム,TOPIX Core30
7208,カネミツ,スタンダード,
7211,三菱自動車工業,プライム,TOPIX Mid400
7212,エフテック,スタンダード,
7213,レシップホールディングス,スタンダード,
7214,GMB,スタンダード,
7215,ファルテック,スタンダード,
7217,テイン,スタンダード,
7218,田中精密工業,スタンダード,
7219,エッチ・ケー・エス,スタンダード,
7220,武蔵精密工業,プライム,TOPIX Small 1
7222,日産車体,スタンダード,TOPIX Small 2
7224,新明和工業,プライム,TOPIX Small 1
7226,極東開発工業,プライム,TOPIX Small 1
7228,デイトナ,スタンダード,
7231,トピー工業,プライム,TOPIX Small 2
7235,東京ラヂエーター製造,スタンダード,
7236,ティラド,プライム,TOPIX Small 2
7238,曙ブレーキ工業,プライム,TOPIX Small 2
7239,タチエス,プライム,TOPIX Small 1
7240,NOK,プライム,TOPIX Mid400
7241,フタバ産業,プライム,TOPIX Small 1
7242,カヤバ,プライム,TOPIX Small 1
7244,市光工業,プライム,TOPIX Small 2
7245,大同メタル工業,プライム,TOPIX Small 2
7246,プレス工業,プライム,TOPIX Small 1
7247,ミクニ,スタンダード,
7254,ユニバンス,スタンダード,
7255,桜井製作所,スタンダード,
7256,河西工業,スタンダード,
7259,アイシン,プライム,TOPIX Mid400
7261,マツダ,プライム,TOPIX Mid400
7264,ムロコーポレーション,スタンダード,
7265,エイケン工業,スタンダード,
7266,今仙電機製作所,スタンダード,
7267,本田技研工業,プライム,TOPIX Core30
7269,スズキ,プライム,TOPIX Large70
7270,SUBARU,プライム,TOPIX Large70
7271,安永,スタンダード,
7272,ヤマハ発動機,プライム,TOPIX Mid400
7273,イクヨ,スタンダード,
7276,小糸製作所,プライム,TOPIX Mid400
7277,TBK,スタンダード,
7278,エクセディ,プライム,TOPIX Small 1
7279,ハイレックスコーポレーション,スタンダード,
7280,ミツバ,プライム,TOPIX Small 1
7282,豊田合成,プライム,TOPIX Mid400
7283,愛三工業,プライム,TOPIX Small 1
7284,盟和産業,スタンダード,
7287,日本精機,スタンダード,
7291,日本プラスト,スタンダード,
7292,村上開明堂,スタンダード,
7294,ヨロズ,プライム,TOPIX Small 2
7296,エフ・シー・シー,プライム,TOPIX Small 1
7297,カーメイト,スタンダード,
7299,フジオーゼックス,スタンダード,
7305,新家工業,スタンダード,
7309,シマノ,プライム,TOPIX Large70
7313,テイ・エス テック,プライム,TOPIX Mid400
7314,小田原機器,スタンダード,
7318,セレンディップ・ホールディングス,グロース,
7320,Solvvy,グロース,
7322,三十三フィナンシャルグループ,プライム,TOPIX Small 2
7325,アイリックコーポレーション,グロース,
7326,SBIインシュアランスグループ,グロース,
7327,第四北越フィナンシャルグループ,プライム,TOPIX Small 1
7337,ひろぎんホールディングス,プライム,TOPIX Mid400
7343,ブロードマインド,グロース,
7345,アイ・パートナーズフィナンシャル,グロース,
7347,マーキュリアホールディングス,プライム,
7350,おきなわフィナンシャルグループ,プライム,TOPIX Small 1
7351,グッドパッチ,グロース,
7352,TWOSTONE&Sons,グロース,
7353,KIYOラーニング,グロース,
7354,ダイレクトマーケティングミックス,スタンダード,TOPIX Small 2
7356,Retty,グロース,
7357,ジオコード,スタンダード,
7358,ポピンズ,スタンダード,TOPIX Small 2
7359,東京通信グループ,グロース,
7360,オンデック,グロース,
7361,ヒューマンクリエイションホールディングス,グロース,
7362,T.S.I,グロース,
7363,ベビーカレンダー,グロース,
7366,LITALICO,プライム,TOPIX Small 2
7367,セルム,スタンダード,
7368,表示灯,スタンダード,
7369,メイホーホールディングス,グロース,
7370,Enjin,グロース,
7371,Zenken,グロース,
7372,デコルテ・ホールディングス,グロース,
7373,アイドマ・ホールディングス,グロース,
7374,コンフィデンス・インターワークス,グロース,
7375,リファインバースグループ,グロース,
7376,BCC,グロース,
7377,DNホールディングス,スタンダード,
7378,アシロ,グロース,
7380,十六フィナンシャルグループ,プライム,TOPIX Small 1
7381,CCIグループ,プライム,TOPIX Small 1
7383,ネットプロテクションズホールディングス,プライム,TOPIX Small 1
7384,プロクレアホールディングス,プライム,TOPIX Small 2
7388,FPパートナー,プライム,TOPIX Small 2
7389,あいちフィナンシャルグループ,プライム,TOPIX Small 1
7399,ナンシン,スタンダード,
7409,AeroEdge,グロース,
7412,アトム,スタンダード,
7413,創健社,スタンダード,
7414,小野建,プライム,TOPIX Small 2
7416,はるやまホールディングス,スタンダード,
7417,南陽,スタンダード,
7419,ノジマ,プライム,TOPIX Small 1
7421,カッパ・クリエイト,プライム,TOPIX Small 1
7422,東邦レマック,スタンダード,
7425,初穂商事,スタンダード,
7426,山大,スタンダード,
7427,エコートレーディング,スタンダード,
7433,伯東,プライム,TOPIX Small 1
7434,オータケ,スタンダード,
7435,ナ・デックス,スタンダード,
7438,コンドーテック,プライム,TOPIX Small 2
7442,中山福,スタンダード,
7443,横浜魚類,スタンダード,
7444,ハリマ共和物産,スタンダード,
7446,東北化学薬品,スタンダード,
7447,ナガイレーベン,プライム,TOPIX Small 2
7453,良品計画,プライム,TOPIX Mid400
7456,松田産業,プライム,TOPIX Small 1
7458,第一興商,プライム,TOPIX Mid400
7459,メディパルホールディングス,プライム,TOPIX Mid400
7460,ヤギ,スタンダード,
7461,キムラ,スタンダード,
7462,CAPITA,スタンダード,
7463,アドヴァングループ,スタンダード,TOPIX Small 2
7464,セフテック,スタンダード,
7466,SPK,プライム,TOPIX Small 2
7472,鳥羽洋行,スタンダード,
7475,アルビス,プライム,TOPIX Small 2
7476,アズワン,プライム,TOPIX Mid400
7477,ムラキ,スタンダード,
7480,スズデン,スタンダード,TOPIX Small 2
7481,尾家産業,スタンダード,
7482,シモジマ,プライム,TOPIX Small 2
7483,ドウシシャ,プライム,TOPIX Small 2
7486,サンリン,スタンダード,
7487,小津産業,スタンダード,
7490,日新商事,スタンダード,
7494,コナカ,スタンダード,
7500,西川計測,スタンダード,
7501,ティムコ,スタンダード,
7502,プラザホールディングス,スタンダード,
7504,高速,プライム,TOPIX Small 2
7505,扶桑電通,スタンダード,
7506,ハウス オブ ローゼ,スタンダード,
7508,G‐7ホールディングス,プライム,TOPIX Small 2
7509,アイエーグループ,スタンダード,
7510,たけびし,プライム,TOPIX Small 2
7512,イオン北海道,スタンダード,TOPIX Small 1
7513,コジマ,プライム,TOPIX Small 1
7514,ヒマラヤ,スタンダード,
7515,マルヨシセンター,スタンダード,
7516,コーナン商事,プライム,TOPIX Small 1
7520,エコス,プライム,TOPIX Small 2
7521,ムサシ,スタンダード,
7522,ワタミ,プライム,TOPIX Small 2
7523,アールビバン,スタンダード,
7524,マルシェ,スタンダード,
7525,リックス,プライム,TOPIX Small 2
7527,システムソフト,スタンダード,TOPIX Small 2
7531,清和中央ホールディングス,スタンダード,
7532,パン・パシフィック・インターナショナルホールディングス,プライム,TOPIX Mid400
7537,丸文,プライム,TOPIX Small 2
7538,大水,スタンダード,
7539,アイナボホールディングス,スタンダード,
7544,スリーエフ,スタンダード,
7545,西松屋チェーン,プライム,TOPIX Small 1
7550,ゼンショーホールディングス,プライム,TOPIX Mid400
75505,ゼンショーホールディングス第1回社債型種類株式,プライム,
7551,ウェッズ,スタンダード,
7552,ハピネット,プライム,TOPIX Small 1
7554,幸楽苑,プライム,TOPIX Small 2
7555,大田花き,スタンダード,
7561,ハークスレイホールディングス,スタンダード,
7562,安楽亭,スタンダード,
7564,ワークマン,スタンダード,
7565,萬世電機,スタンダード,
7567,栄電子,スタンダード,
7570,橋本総業ホールディングス,スタンダード,TOPIX Small 2
7571,ヤマノホールディングス,スタンダード,
7575,日本ライフライン,プライム,TOPIX Small 1
7578,ニチリョク,スタンダード,
7581,サイゼリヤ,プライム,TOPIX Small 1
7585,かんなん丸,スタンダード,
7590,タカショー,スタンダード,TOPIX Small 2
7593,VTホールディングス,プライム,TOPIX Small 1
7595,アルゴグラフィックス,プライム,TOPIX Small 1
7596,魚力,プライム,TOPIX Small 2
7599,IDOM,プライム,TOPIX Small 1
7600,日本エム・ディ・エム,プライム,TOPIX Small 2
7601,ポプラ,スタンダード,
7602,レダックス,スタンダード,
7603,ジーイエット,スタンダード,
7604,梅の花グループ,スタンダード,
7606,ユナイテッドアローズ,プライム,TOPIX Small 1
7607,進和,プライム,TOPIX Small 2
7608,エスケイジャパン,スタンダード,
7609,ダイトロン,プライム,TOPIX Small 2
7610,テイツー,スタンダード,
7611,ハイデイ日高,プライム,TOPIX Small 1
7613,シークス,プライム,TOPIX Small 1
7614,オーエムツーネットワーク,スタンダード,
7615,京都きもの友禅ホールディングス,スタンダード,
7616,コロワイド,プライム,TOPIX Mid400
7619,田中商事,スタンダード,
7621,うかい,スタンダード,
7624,NaITO,スタンダード,
7625,グローバルダイニング,スタンダード,
7628,オーハシテクニカ,プライム,TOPIX Small 2
7630,壱番屋,プライム,TOPIX Small 1
7634,星医療酸器,スタンダード,
7636,ハンズマン,スタンダード,
7637,白銅,プライム,TOPIX Small 2
7638,NEW ART HOLDINGS,スタンダード,
7640,トップカルチャー,スタンダード,
7643,ダイイチ,スタンダード,
7646,PLANT,スタンダード,
7649,スギホールディングス,プライム,TOPIX Mid400
7670,オーウエル,スタンダード,
7673,ダイコー通産,スタンダード,
7674,NATTY SWANKYホールディングス,グロース,
7677,ヤシマキザイ,スタンダード,
7678,あさくま,スタンダード,
7679,薬王堂ホールディングス,プライム,TOPIX Small 2
7681,レオクラン,スタンダード,
7682,浜木綿,スタンダード,
7683,ダブルエー,プライム,TOPIX Small 2
7685,BuySell Technologies,グロース,
7686,ひとまいる,スタンダード,
7687,ミクリード,グロース,
7689,コパ・コーポレーション,グロース,
7692,アースインフィニティ,スタンダード,
7694,いつも,グロース,
7695,交換できるくん,グロース,
7698,アイスコ,スタンダード,
7699,オムニ・プラス・システム・リミテッド JDR,グロース（外国株式）,
7701,島津製作所,プライム,TOPIX Mid400
7702,JMS,スタンダード,TOPIX Small 2
7707,プレシジョン・システム・サイエンス,グロース,
7709,クボテック,スタンダード,
7711,助川電気工業,スタンダード,
7713,シグマ光機,スタンダード,
7715,長野計器,プライム,TOPIX Small 2
7716,ナカニシ,スタンダード,
7717,ブイ・テクノロジー,プライム,TOPIX Small 2
7719,東京衡機,スタンダード,
7721,東京計器,プライム,TOPIX Small 1
7722,国際計測器,スタンダード,
7723,愛知時計電機,プライム,TOPIX Small 2
7725,インターアクション,プライム,TOPIX Small 2
7726,黒田精工,スタンダード,
7727,オーバル,スタンダード,
7729,東京精密,プライム,TOPIX Mid400
7730,マニー,プライム,TOPIX Small 1
7731,ニコン,プライム,TOPIX Mid400
7733,オリンパス,プライム,TOPIX Large70
7734,理研計器,プライム,TOPIX Small 1
7735,SCREENホールディングス,プライム,TOPIX Mid400
7740,タムロン,プライム,TOPIX Small 1
7741,HOYA,プライム,TOPIX Core30
7743,シード,スタンダード,
7744,ノーリツ鋼機,プライム,TOPIX Small 1
7745,A&Dホロンホールディングス,プライム,TOPIX Small 1
7746,岡本硝子,スタンダード,
7747,朝日インテック,プライム,TOPIX Mid400
7749,メディキット,スタンダード,
7751,キヤノン,プライム,TOPIX Large70
7752,リコー,プライム,TOPIX Mid400
7760,IMV,スタンダード,
7762,シチズン時計,プライム,TOPIX Small 1
7769,リズム,プライム,
7771,日本精密,スタンダード,
7774,ジャパン・ティッシュエンジニアリング,グロース,
7775,大研医器,スタンダード,
7776,セルシード,グロース,
7777,スリー・ディー・マトリックス,グロース,
7779,CYBERDYNE,グロース,
7780,メニコン,プライム,TOPIX Small 1
7781,平山ホールディングス,スタンダード,
7782,シンシア,スタンダード,
7791,ドリームベッド,スタンダード,
7792,コラントッテ,グロース,
7793,イメージ・マジック,グロース,
7794,イーディーピー,グロース,
7795,KYORITSU,スタンダード,
7800,アミファ,スタンダード,
7803,ブシロード,グロース,
7804,ビーアンドピー,スタンダード,
7805,プリントネット,スタンダード,
7806,MTG,グロース,
7807,幸和製作所,スタンダード,
7808,シー・エス・ランバー,スタンダード,
7809,壽屋,スタンダード,
7810,クロスフォー,スタンダード,
7811,中本パックス,スタンダード,
7812,クレステック,スタンダード,
7813,プラッツ,スタンダード,
7814,日本創発グループ,スタンダード,
7815,東京ボード工業,スタンダード,
7818,トランザクション,プライム,TOPIX Small 2
7819,粧美堂,スタンダード,
7820,ニホンフラッシュ,プライム,TOPIX Small 2
7821,前田工繊,プライム,TOPIX Small 1
7822,永大産業,スタンダード,
7823,アートネイチャー,スタンダード,TOPIX Small 2
7826,フルヤ金属,プライム,TOPIX Small 1
7827,オービス,スタンダード,
7831,ウイルコホールディングス,スタンダード,
7832,バンダイナムコホールディングス,プライム,TOPIX Large70
7833,アイフィスジャパン,スタンダード,
7836,アビックス,スタンダード,
7837,アールシーコア,スタンダード,
7839,SHOEI,プライム,TOPIX Small 1
7840,フランスベッドホールディングス,プライム,TOPIX Small 2
7841,遠藤製作所,スタンダード,
7844,マーベラス,プライム,TOPIX Small 2
7846,パイロットコーポレーション,プライム,TOPIX Mid400
7847,グラファイトデザイン,スタンダード,
7849,スターツ出版,スタンダード,
7850,総合商研,スタンダード,
7851,カワセコンピュータサプライ,スタンダード,
7856,萩原工業,プライム,TOPIX Small 2
7857,セキ,スタンダード,
7859,アルメディオ,スタンダード,
7860,エイベックス,プライム,TOPIX Small 1
7863,平賀,スタンダード,
7864,フジシールインターナショナル,プライム,TOPIX Small 1
7865,ピープル,スタンダード,
7867,タカラトミー,プライム,TOPIX Mid400
7868,広済堂ホールディングス,プライム,TOPIX Small 2
7871,フクビ化学工業,スタンダード,
7872,エステールホールディングス,スタンダード,
7874,レック,プライム,TOPIX Small 2
7875,竹田iPホールディングス,スタンダード,
7877,永大化工,スタンダード,
7878,光・彩,スタンダード,
7879,ノダ,スタンダード,
7883,サンメッセ,スタンダード,
7885,タカノ,スタンダード,
7886,ヤマト モビリティ & Mfg.,スタンダード,
7887,南海プライウッド,スタンダード,
7888,三光合成,プライム,TOPIX Small 2
7893,プロネクサス,プライム,TOPIX Small 2
7896,セブン工業,スタンダード,
7897,ホクシン,スタンダード,
7898,ウッドワン,スタンダード,
7901,マツモト,スタンダード,
7902,ソノコム,スタンダード,
7906,ヨネックス,スタンダード,
7908,きもと,スタンダード,
7911,TOPPANホールディングス,プライム,TOPIX Mid400
7912,大日本印刷,プライム,TOPIX Mid400
7914,共同印刷,プライム,TOPIX Small 2
7915,NISSHA,プライム,TOPIX Small 1
7916,光村印刷,スタンダード,
7917,ZACROS,プライム,TOPIX Small 2
7918,ヴィア・ホールディングス,スタンダード,
7919,野崎印刷紙業,スタンダード,
7921,TAKARA & COMPANY,プライム,TOPIX Small 2
7927,ムトー精工,スタンダード,
7928,旭化学工業,スタンダード,
7931,未来工業,プライム,TOPIX Small 2
7932,ニッピ,スタンダード,
7936,アシックス,プライム,TOPIX Large70
7937,ツツミ,スタンダード,TOPIX Small 2
7938,リーガルコーポレーション,スタンダード,
7939,研創,スタンダード,
7942,JSP,プライム,TOPIX Small 2
7943,ニチハ,プライム,TOPIX Small 1
7944,ローランド,プライム,TOPIX Small 1
7946,光陽社,スタンダード,
7947,エフピコ,プライム,TOPIX Small 1
7949,小松ウオール工業,プライム,TOPIX Small 2
7951,ヤマハ,プライム,TOPIX Mid400
7952,河合楽器製作所,プライム,TOPIX Small 2
7953,菊水化学工業,スタンダード,
7955,クリナップ,プライム,TOPIX Small 2
7956,ピジョン,プライム,TOPIX Mid400
7957,フジコピアン,スタンダード,
7962,キングジム,プライム,TOPIX Small 2
7963,興研,スタンダード,
7965,象印マホービン,プライム,TOPIX Small 1
7966,リンテック,プライム,TOPIX Small 1
7970,信越ポリマー,プライム,TOPIX Small 1
7971,東リ,スタンダード,
7972,イトーキ,プライム,TOPIX Small 1
7974,任天堂,プライム,TOPIX Core30
7975,リヒトラブ,スタンダード,
7976,三菱鉛筆,プライム,TOPIX Small 1
7979,松風,プライム,TOPIX Small 2
7980,重松製作所,スタンダード,
7981,タカラスタンダード,プライム,TOPIX Small 1
7983,ミロク,スタンダード,
7984,コクヨ,プライム,TOPIX Mid400
7985,ネポン,スタンダード,
7986,日本アイ・エス・ケイ,スタンダード,
7987,ナカバヤシ,スタンダード,TOPIX Small 2
7988,ニフコ,プライム,TOPIX Mid400
7989,立川ブラインド工業,プライム,TOPIX Small 2
7990,グローブライド,プライム,TOPIX Small 1
7991,マミヤ・オーピー,スタンダード,
7992,セーラー万年筆,スタンダード,
7994,オカムラ,プライム,TOPIX Small 1
7995,バルカー,プライム,TOPIX Small 1
7997,くろがね工作所,スタンダード,
8001,伊藤忠商事,プライム,TOPIX Core30
8002,丸紅,プライム,TOPIX Large70
8005,スクロール,プライム,TOPIX Small 2
8006,ユアサ・フナショク,スタンダード,
8007,高島,プライム,
8008,ヨンドシーホールディングス,プライム,TOPIX Small 1
8011,三陽商会,プライム,TOPIX Small 2
8012,長瀬産業,プライム,TOPIX Mid400
8013,ナイガイ,スタンダード,
8014,蝶理,プライム,TOPIX Small 2
8015,豊田通商,プライム,TOPIX Large70
8016,オンワードホールディングス,プライム,TOPIX Small 1
8018,三共生興,スタンダード,TOPIX Small 2
8020,兼松,プライム,TOPIX Mid400
8022,美津濃,プライム,TOPIX Small 1
8023,DAIKO XTECH,スタンダード,
8025,ツカモトコーポレーション,スタンダード,
8029,ルックホールディングス,スタンダード,TOPIX Small 2
8030,中央魚類,スタンダード,
8031,三井物産,プライム,TOPIX Core30
8032,日本紙パルプ商事,プライム,TOPIX Small 2
8035,東京エレクトロン,プライム,TOPIX Core30
8037,カメイ,プライム,TOPIX Small 2
8039,築地魚市場,スタンダード,
8040,東京ソワール,スタンダード,
8041,OUGホールディングス,スタンダード,
8043,スターゼン,プライム,TOPIX Small 2
8045,横浜丸魚,スタンダード,
8046,丸藤シートパイル,スタンダード,
8050,セイコーグループ,プライム,TOPIX Small 1
8051,山善,プライム,TOPIX Small 1
8052,椿本興業,プライム,TOPIX Small 2
8053,住友商事,プライム,TOPIX Large70
8056,BIPROGY,プライム,TOPIX Mid400
8057,内田洋行,プライム,TOPIX Small 1
8058,三菱商事,プライム,TOPIX Core30
8059,第一実業,プライム,TOPIX Small 2
8060,キヤノンマーケティングジャパン,プライム,TOPIX Mid400
8061,西華産業,プライム,TOPIX Small 1
8065,佐藤商事,プライム,TOPIX Small 2
8066,三谷商事,スタンダード,
8070,東京産業,プライム,TOPIX Small 2
8074,YUASA,プライム,TOPIX Small 1
8075,神鋼商事,プライム,TOPIX Small 2
8076,カノークス,スタンダード,
8077,トルク,スタンダード,
8078,阪和興業,プライム,TOPIX Small 1
8079,正栄食品工業,プライム,TOPIX Small 1
8081,カナデン,プライム,TOPIX Small 2
8084,RYODEN,プライム,TOPIX Small 2
8085,ナラサキ産業,スタンダード,
8086,ニプロ,プライム,TOPIX Mid400
8088,岩谷産業,プライム,TOPIX Mid400
8089,ナイス,スタンダード,
8091,ニチモウ,プライム,
8093,極東貿易,プライム,TOPIX Small 2
8095,アステナホールディングス,プライム,TOPIX Small 2
8097,三愛オブリ,プライム,TOPIX Small 1
8098,稲畑産業,プライム,TOPIX Small 1
8101,GSIクレオス,プライム,TOPIX Small 2
8103,明和産業,プライム,TOPIX Small 2
8104,クワザワホールディングス,スタンダード,
8105,Bitcoin Japan,スタンダード,
8107,キムラタン,スタンダード,
8111,ゴールドウイン,プライム,TOPIX Mid400
8113,ユニ・チャーム,プライム,TOPIX Large70
8115,ムーンバット,スタンダード,
8117,中央自動車工業,スタンダード,
8118,キング,スタンダード,
8119,三栄コーポレーション,スタンダード,
8123,川辺,スタンダード,
8125,ワキタ,プライム,TOPIX Small 1
8127,ヤマトインターナショナル,スタンダード,
8129,東邦ホールディングス,プライム,TOPIX Mid400
8130,サンゲツ,プライム,TOPIX Small 1
8131,ミツウロコグループホールディングス,スタンダード,TOPIX Small 2
8132,シナネンホールディングス,プライム,TOPIX Small 2
8133,伊藤忠エネクス,プライム,TOPIX Small 1
8135,ゼット,スタンダード,
8136,サンリオ,プライム,TOPIX Mid400
8137,サンワテクノス,プライム,TOPIX Small 2
8138,三京化成,スタンダード,
8139,ナガホリ,スタンダード,
8141,新光商事,プライム,TOPIX Small 2
8142,トーホー,プライム,TOPIX Small 2
8143,ラピーヌ,スタンダード,
8144,デンキョーグループホールディングス,スタンダード,
8147,トミタ,スタンダード,
8150,三信電気,プライム,TOPIX Small 2
8151,東陽テクニカ,プライム,TOPIX Small 2
8152,ソマール,スタンダード,
8153,モスフードサービス,プライム,TOPIX Small 1
8154,加賀電子,プライム,TOPIX Small 1
8157,都築電気,プライム,TOPIX Small 2
8158,ソーダニッカ,プライム,TOPIX Small 2
8159,立花エレテック,プライム,TOPIX Small 2
8160,木曽路,プライム,TOPIX Small 1
8163,SRSホールディングス,プライム,TOPIX Small 2
8165,千趣会,スタンダード,TOPIX Small 2
8166,タカキュー,スタンダード,
8167,リテールパートナーズ,プライム,TOPIX Small 2
8173,Joshin,プライム,TOPIX Small 1
8174,日本瓦斯,プライム,TOPIX Mid400
8179,ロイヤルホールディングス,プライム,TOPIX Small 1
8181,東天紅,スタンダード,
8185,チヨダ,プライム,TOPIX Small 2
8194,ライフコーポレーション,プライム,TOPIX Small 1
8198,マックスバリュ東海,スタンダード,
8200,リンガーハット,プライム,TOPIX Small 1
8202,ラオックスホールディングス,スタンダード,
8203,MrMaxHD,プライム,TOPIX Small 2
8207,テンアライド,スタンダード,
8214,AOKIホールディングス,プライム,TOPIX Small 1
8217,オークワ,プライム,TOPIX Small 2
8218,コメリ,プライム,TOPIX Small 1
8219,青山商事,プライム,TOPIX Small 1
8225,タカチホ,スタンダード,
8226,理経,スタンダード,
8227,しまむら,プライム,TOPIX Mid400
8230,はせがわ,スタンダード,
8233,高島屋,プライム,TOPIX Mid400
8237,松屋,プライム,TOPIX Small 1
8242,エイチ・ツー・オー リテイリング,プライム,TOPIX Mid400
8244,近鉄百貨店,スタンダード,TOPIX Small 2
8247,大和,スタンダード,
8252,丸井グループ,プライム,TOPIX Mid400
8253,クレディセゾン,プライム,TOPIX Mid400
8254,さいか屋,スタンダード,
8255,アクシアル リテイリング,プライム,TOPIX Small 2
8260,井筒屋,スタンダード,
8267,イオン,プライム,TOPIX Large70
8273,イズミ,プライム,TOPIX Small 1
8275,フォーバル,スタンダード,TOPIX Small 2
8276,平和堂,プライム,TOPIX Small 1
8278,フジ,プライム,TOPIX Small 1
8281,ゼビオホールディングス,プライム,TOPIX Small 1
8282,ケーズホールディングス,プライム,TOPIX Mid400
8285,三谷産業,スタンダード,TOPIX Small 2
8291,日産東京販売ホールディングス,スタンダード,
8303,SBI新生銀行,プライム,TOPIX Mid400
8304,あおぞら銀行,プライム,TOPIX Mid400
8306,三菱UFJフィナンシャル・グループ,プライム,TOPIX Core30
8308,りそなホールディングス,プライム,TOPIX Large70
8309,三井住友トラストグループ,プライム,TOPIX Large70
8316,三井住友フィナンシャルグループ,プライム,TOPIX Core30
8331,千葉銀行,プライム,TOPIX Mid400
8334,群馬銀行,プライム,TOPIX Mid400
8336,武蔵野銀行,プライム,TOPIX Small 1
8337,千葉興業銀行,プライム,TOPIX Small 1
8338,筑波銀行,プライム,TOPIX Small 2
8341,七十七銀行,プライム,TOPIX Mid400
8343,秋田銀行,プライム,TOPIX Small 2
8344,山形銀行,プライム,TOPIX Small 2
8345,岩手銀行,プライム,TOPIX Small 2
8346,東邦銀行,プライム,TOPIX Small 1
8349,東北銀行,スタンダード,
8354,ふくおかフィナンシャルグループ,プライム,TOPIX Mid400
8358,スルガ銀行,プライム,TOPIX Small 1
8359,八十二長野銀行,プライム,TOPIX Mid400
8360,山梨中央銀行,プライム,TOPIX Small 1
8361,大垣共立銀行,プライム,TOPIX Small 1
8362,福井銀行,プライム,TOPIX Small 2
8364,清水銀行,プライム,TOPIX Small 2
8365,富山銀行,スタンダード,
8366,滋賀銀行,プライム,TOPIX Small 1
8367,南都銀行,プライム,TOPIX Small 1
8368,百五銀行,プライム,TOPIX Small 1
8370,紀陽銀行,プライム,TOPIX Small 1
8377,ほくほくフィナンシャルグループ,プライム,TOPIX Mid400
8381,山陰合同銀行,プライム,TOPIX Small 1
8383,鳥取銀行,スタンダード,
8386,百十四銀行,プライム,TOPIX Small 1
8387,四国銀行,プライム,TOPIX Small 2
8388,阿波銀行,プライム,TOPIX Small 1
8392,大分銀行,プライム,TOPIX Small 2
8393,宮崎銀行,プライム,TOPIX Small 2
8395,佐賀銀行,プライム,TOPIX Small 2
8399,琉球銀行,プライム,TOPIX Small 1
8410,セブン銀行,プライム,TOPIX Mid400
8411,みずほフィナンシャルグループ,プライム,TOPIX Core30
8416,高知銀行,スタンダード,
8418,山口フィナンシャルグループ,プライム,TOPIX Mid400
8424,芙蓉総合リース,プライム,TOPIX Mid400
8425,みずほリース,プライム,TOPIX Small 1
8439,東京センチュリー,プライム,TOPIX Mid400
8473,SBIホールディングス,プライム,TOPIX Mid400
8508,Jトラスト,スタンダード,
8511,日本証券金融,プライム,TOPIX Small 1
8518,日本アジア投資,スタンダード,
8522,名古屋銀行,プライム,TOPIX Small 1
8524,北洋銀行,プライム,TOPIX Small 1
8537,大光銀行,スタンダード,
8541,愛媛銀行,プライム,TOPIX Small 2
8542,トマト銀行,スタンダード,
8544,京葉銀行,プライム,TOPIX Small 1
8550,栃木銀行,プライム,TOPIX Small 2
8551,北日本銀行,プライム,TOPIX Small 2
8558,東和銀行,プライム,TOPIX Small 2
8562,福島銀行,スタンダード,
8563,大東銀行,スタンダード,
8566,リコーリース,プライム,TOPIX Small 1
8570,イオンフィナンシャルサービス,プライム,TOPIX Mid400
8572,アコム,スタンダード,TOPIX Mid400
8584,ジャックス,プライム,TOPIX Small 1
8585,オリエントコーポレーション,プライム,TOPIX Small 1
8591,オリックス,プライム,TOPIX Large70
8593,三菱HCキャピタル,プライム,TOPIX Mid400
8595,ジャフコ グループ,プライム,TOPIX Mid400
8596,九州リースサービス,スタンダード,
8600,トモニホールディングス,プライム,TOPIX Small 1
8601,大和証券グループ本社,プライム,TOPIX Mid400
8604,野村ホールディングス,プライム,TOPIX Large70
8609,岡三証券グループ,プライム,TOPIX Small 1
8613,丸三証券,プライム,TOPIX Small 1
8614,東洋証券,プライム,TOPIX Small 2
8616,東海東京フィナンシャル・ホールディングス,プライム,TOPIX Small 1
8617,光世証券,スタンダード,
8622,水戸証券,プライム,TOPIX Small 2
8624,いちよし証券,プライム,TOPIX Small 2
8628,松井証券,プライム,TOPIX Small 1
8630,SOMPOホールディングス,プライム,TOPIX Large70
8697,日本取引所グループ,プライム,TOPIX Large70
8698,マネックスグループ,プライム,TOPIX Small 1
8699,HSホールディングス,スタンダード,
8700,丸八証券,スタンダード,
8704,トレイダーズホールディングス,スタンダード,
8705,日産証券グループ,スタンダード,
8706,極東証券,プライム,TOPIX Small 1
8707,岩井コスモホールディングス,プライム,TOPIX Small 1
8708,アイザワ証券グループ,プライム,TOPIX Small 2
8713,フィデアホールディングス,プライム,TOPIX Small 2
8714,池田泉州ホールディングス,プライム,TOPIX Small 1
8715,アニコム ホールディングス,プライム,TOPIX Small 1
8725,MS&ADインシュアランスグループホールディングス,プライム,TOPIX Large70
8729,ソニーフィナンシャルグループ,プライム,TOPIX Core30
8737,あかつき本社,スタンダード,
8739,スパークス・グループ,プライム,TOPIX Small 2
8742,小林洋行,スタンダード,
8746,unbanked,スタンダード,
8747,豊トラスティ証券,スタンダード,
8750,第一ライフグループ,プライム,TOPIX Large70
8766,東京海上ホールディングス,プライム,TOPIX Core30
8769,アドバンテッジリスクマネジメント,スタンダード,
8771,イー・ギャランティ,プライム,TOPIX Small 1
8772,アサックス,スタンダード,
8783,abc,スタンダード,
8789,フィンテック グローバル,スタンダード,
8793,NECキャピタルソリューション,プライム,TOPIX Small 2
8795,T&Dホールディングス,プライム,TOPIX Mid400
8798,アドバンスクリエイト,プライム,TOPIX Small 2
8801,三井不動産,プライム,TOPIX Large70
8802,三菱地所,プライム,TOPIX Large70
8803,平和不動産,プライム,TOPIX Small 1
8804,東京建物,プライム,TOPIX Mid400
8818,京阪神ビルディング,プライム,TOPIX Small 2
8830,住友不動産,プライム,TOPIX Large70
8835,太平洋興発,スタンダード,
8836,RISE,スタンダード,
8841,テーオーシー,スタンダード,TOPIX Small 2
8844,コスモスイニシア,スタンダード,
8848,レオパレス21,プライム,TOPIX Small 1
8850,スターツコーポレーション,プライム,TOPIX Small 1
8860,フジ住宅,プライム,TOPIX Small 2
8864,空港施設,スタンダード,TOPIX Small 2
8869,明和地所,スタンダード,TOPIX Small 2
8871,ゴールドクレスト,スタンダード,TOPIX Small 1
8876,リログループ,プライム,TOPIX Mid400
8877,エスリード,プライム,TOPIX Small 2
8881,日神グループホールディングス,プライム,TOPIX Small 2
8887,シーラホールディングス,スタンダード,
8891,AMGホールディングス,スタンダード,
8892,エスコン,プライム,TOPIX Small 1
8894,REVOLUTION,スタンダード,
8897,MIRARTHホールディングス,プライム,TOPIX Small 1
8898,センチュリー21・ジャパン,スタンダード,
8904,AVANTIA,スタンダード,
8908,毎日コムネット,スタンダード,
8912,エリアクエスト,スタンダード,
8914,エリアリンク,スタンダード,
8917,ファースト住建,スタンダード,
8918,ランド,スタンダード,TOPIX Small 2
8919,カチタス,プライム,TOPIX Small 1
8920,東祥,スタンダード,TOPIX Small 2
8923,トーセイ,プライム,TOPIX Small 1
8927,明豊エンタープライズ,スタンダード,
8928,穴吹興産,スタンダード,
8929,青山財産ネットワークス,スタンダード,
8931,和田興産,スタンダード,
8934,サンフロンティア不動産,プライム,TOPIX Small 1
8935,FJネクストホールディングス,プライム,TOPIX Small 2
8938,グローム・ホールディングス,グロース,
8944,ランドビジネス,スタンダード,
8945,サンネクスタグループ,スタンダード,
8946,ASIAN STAR,スタンダード,
8951,日本ビルファンド投資法人,REIT・ベンチャーファンド・カントリーファンド・インフラファンド,
8952,ジャパンリアルエステイト投資法人,REIT・ベンチャーファンド・カントリーファンド・インフラファンド,
8953,日本都市ファンド投資法人,REIT・ベンチャーファンド・カントリーファンド・インフラファンド,
8954,オリックス不動産投資法人,REIT・ベンチャーファンド・カントリーファンド・インフラファンド,
8955,日本プライムリアルティ投資法人,REIT・ベンチャーファンド・カントリーファンド・インフラファンド,
8956,NTT都市開発リート投資法人,REIT・ベンチャーファンド・カントリーファンド・インフラファンド,
8957,東急リアル・エステート投資法人,REIT・ベンチャーファンド・カントリーファンド・インフラファンド,
8958,グローバル・ワン不動産投資法人,REIT・ベンチャーファンド・カントリーファンド・インフラファンド,
8960,ユナイテッド・アーバン投資法人,REIT・ベンチャーファンド・カントリーファンド・インフラファンド,
8961,森トラストリート投資法人,REIT・ベンチャーファンド・カントリーファンド・インフラファンド,
8963,インヴィンシブル投資法人,REIT・ベンチャーファンド・カントリーファンド・インフラファンド,
8964,三井不動産商業ファンド投資法人,REIT・ベンチャーファンド・カントリーファンド・インフラファンド,
8966,平和不動産リート投資法人,REIT・ベンチャーファンド・カントリーファンド・インフラファンド,
8967,日本ロジスティクスファンド投資法人,REIT・ベンチャーファンド・カントリーファンド・インフラファンド,
8968,福岡リート投資法人,REIT・ベンチャーファンド・カントリーファンド・インフラファンド,
8972,KDX不動産投資法人,REIT・ベンチャーファンド・カントリーファンド・インフラファンド,
8975,いちごオフィスリート投資法人,REIT・ベンチャーファンド・カントリーファンド・インフラファンド,
8976,大和証券オフィス投資法人,REIT・ベンチャーファンド・カントリーファンド・インフラファンド,
8977,阪急阪神リート投資法人,REIT・ベンチャーファンド・カントリーファンド・インフラファンド,
8979,スターツプロシード投資法人,REIT・ベンチャーファンド・カントリーファンド・インフラファンド,
8984,大和ハウスリート投資法人,REIT・ベンチャーファンド・カントリーファンド・インフラファンド,
8985,ジャパン・ホテル・リート投資法人,REIT・ベンチャーファンド・カントリーファンド・インフラファンド,
8986,大和証券リビング投資法人,REIT・ベンチャーファンド・カントリーファンド・インフラファンド,
8987,ジャパンエクセレント投資法人,REIT・ベンチャーファンド・カントリーファンド・インフラファンド,
8995,誠建設工業,スタンダード,
8996,ハウスフリーダム,スタンダード,
8999,グランディハウス,プライム,TOPIX Small 2
9001,東武鉄道,プライム,TOPIX Mid400
9003,相鉄ホールディングス,プライム,TOPIX Mid400
9005,東急,プライム,TOPIX Mid400
9006,京浜急行電鉄,プライム,TOPIX Mid400
9007,小田急電鉄,プライム,TOPIX Mid400
9008,京王電鉄,プライム,TOPIX Mid400
9009,京成電鉄,プライム,TOPIX Mid400
9010,富士急行,プライム,TOPIX Small 1
9012,秩父鉄道,スタンダード,
9017,新潟交通,スタンダード,
9020,東日本旅客鉄道,プライム,TOPIX Large70
9021,西日本旅客鉄道,プライム,TOPIX Large70
9022,東海旅客鉄道,プライム,TOPIX Large70
9023,東京地下鉄,プライム,TOPIX Mid400
9024,西武ホールディングス,プライム,TOPIX Mid400
9025,鴻池運輸,プライム,TOPIX Small 1
9028,ゼロ,スタンダード,
9029,ヒガシホールディングス,スタンダード,
9031,西日本鉄道,プライム,TOPIX Mid400
9033,広島電鉄,スタンダード,
9034,南総通運,スタンダード,
9036,東部ネットワーク,スタンダード,
9037,ハマキョウレックス,プライム,TOPIX Small 1
9039,サカイ引越センター,プライム,TOPIX Small 1
9041,近鉄グループホールディングス,プライム,TOPIX Mid400
9042,阪急阪神ホールディングス,プライム,TOPIX Mid400
9044,NANKAI,プライム,TOPIX Mid400
9045,京阪ホールディングス,プライム,TOPIX Mid400
9046,神戸電鉄,スタンダード,TOPIX Small 2
9048,名古屋鉄道,プライム,TOPIX Mid400
9049,京福電気鉄道,スタンダード,
9051,センコン物流,スタンダード,
9052,山陽電気鉄道,プライム,TOPIX Small 2
9057,遠州トラック,スタンダード,
9059,カンダホールディングス,スタンダード,
9060,日本ロジテム,スタンダード,
9063,岡山県貨物運送,スタンダード,
9064,ヤマトホールディングス,プライム,TOPIX Mid400
9065,山九,プライム,TOPIX Mid400
9068,丸全昭和運輸,プライム,TOPIX Small 1
9069,センコーグループホールディングス,プライム,TOPIX Mid400
9072,ニッコンホールディングス,プライム,TOPIX Mid400
9073,京極運輸商事,スタンダード,
9074,日本石油輸送,スタンダード,
9075,福山通運,プライム,TOPIX Small 1
9076,セイノーホールディングス,プライム,TOPIX Mid400
9081,神奈川中央交通,プライム,TOPIX Small 2
9082,大和自動車交通,スタンダード,
9083,神姫バス,スタンダード,
9087,タカセ,スタンダード,
9090,AZ-COM丸和ホールディングス,プライム,TOPIX Small 1
9101,日本郵船,プライム,TOPIX Large70
9104,商船三井,プライム,TOPIX Large70
9107,川崎汽船,プライム,TOPIX Mid400
9110,NSユナイテッド海運,プライム,TOPIX Small 1
9115,明海グループ,スタンダード,
9119,飯野海運,プライム,TOPIX Small 1
9127,玉井商船,スタンダード,
9130,共栄タンカー,スタンダード,
9142,九州旅客鉄道,プライム,TOPIX Mid400
9143,SGホールディングス,プライム,TOPIX Mid400
9145,ビーイングホールディングス,スタンダード,
9147,NIPPON EXPRESSホールディングス,プライム,TOPIX Mid400
9158,シーユーシー,グロース,
9159,W TOKYO,グロース,
9160,オンザページ,スタンダード,
9162,ブリーチ,グロース,
9163,ナレルグループ,グロース,
9165,クオルテック,グロース,
9166,GENDA,グロース,
9168,ライズ・コンサルティング・グループ,グロース,
9171,栗林商船,スタンダード,
9173,東海汽船,スタンダード,
9193,東京汽船,スタンダード,
9201,日本航空,プライム,TOPIX Mid400
92015,日本航空株式会社第1回社債型種類株式,プライム,
9202,ANAホールディングス,プライム,TOPIX Large70
92025,ANAホールディングス第1回社債型種類株式,プライム,
9204,スカイマーク,グロース,
9206,スターフライヤー,スタンダード,
9211,エフ・コード,グロース,
9212,Green Earth Institute,グロース,
9213,セイファート,スタンダード,
9214,Recovery International,グロース,
9215,CaSy,グロース,
9216,ビーウィズ,プライム,TOPIX Small 2
9218,メンタルヘルステクノロジーズ,グロース,
9219,ギックス,グロース,
9220,エフビー介護サービス,スタンダード,
9221,フルハシEPO,スタンダード,
9223,ASNOVA,グロース,
9225,ブリッジコンサルティンググループ,グロース,
9227,マイクロ波化学,グロース,
9229,サンウェルズ,プライム,TOPIX Small 2
9233,アジア航測,スタンダード,
9235,売れるネット広告社グループ,グロース,
9236,ジャパンM&Aソリューション,グロース,
9237,笑美面,グロース,
9238,バリュークリエーション,グロース,
9240,デリバリーコンサルティング,グロース,
9241,フューチャーリンクネットワーク,グロース,
9242,メディア総研,グロース,
9244,デジタリフト,グロース,
9245,リベロ,グロース,
9246,プロジェクトホールディングス,グロース,
9247,TREホールディングス,プライム,TOPIX Small 1
9248,人・夢・技術グループ,スタンダード,TOPIX Small 2
9249,日本エコシステム,スタンダード,
9250,GRCS,グロース,
9251,AB&Company,グロース,
9252,ラストワンマイル,グロース,
9253,スローガン,グロース,
9254,ラバブルマーケティンググループ,グロース,
9256,サクシード,グロース,
9257,YCPホールディングス(グローバル)リミテッド JDR,グロース（外国株式）,
9258,CS-C,グロース,
9259,タカヨシホールディングス,グロース,
9262,シルバーライフ,スタンダード,TOPIX Small 2
9264,ポエック,スタンダード,
9265,ヤマシタヘルスケアホールディングス,スタンダード,
9267,Genky DrugStores,プライム,TOPIX Small 1
9268,オプティマスグループ,スタンダード,
9270,バリュエンスホールディングス,グロース,
9271,和心,グロース,
9272,ブティックス,グロース,
9273,コーア商事ホールディングス,プライム,TOPIX Small 2
9274,KPPグループホールディングス,プライム,TOPIX Small 1
9278,ブックオフグループホールディングス,プライム,TOPIX Small 2
9279,ギフトホールディングス,プライム,TOPIX Small 2
9282,いちごグリーンインフラ投資法人,REIT・ベンチャーファンド・カントリーファンド・インフラファンド,
9284,カナディアン・ソーラー・インフラ投資法人,REIT・ベンチャーファンド・カントリーファンド・インフラファンド,
9285,東京インフラ・エネルギー投資法人,REIT・ベンチャーファンド・カントリーファンド・インフラファンド,
9286,エネクス・インフラ投資法人,REIT・ベンチャーファンド・カントリーファンド・インフラファンド,
9301,三菱倉庫,プライム,TOPIX Mid400
9302,三井倉庫ホールディングス,プライム,TOPIX Mid400
9303,住友倉庫,プライム,TOPIX Small 1
9304,澁澤倉庫,プライム,TOPIX Small 2
9305,ヤマタネ,プライム,TOPIX Small 2
9306,東陽倉庫,スタンダード,
9307,杉村倉庫,スタンダード,
9308,乾汽船,スタンダード,TOPIX Small 2
9310,日本トランスシティ,プライム,TOPIX Small 2
9311,アサガミ,スタンダード,
9312,ケイヒン,スタンダード,
9313,丸八倉庫,スタンダード,
9319,中央倉庫,プライム,TOPIX Small 2
9322,川西倉庫,スタンダード,
9324,安田倉庫,プライム,TOPIX Small 2
9325,ファイズホールディングス,スタンダード,
9326,関通ホールディングス,グロース,
9327,イー・ロジット,スタンダード,
9330,揚羽,グロース,
9331,キャスター,グロース,
9332,NISSOホールディングス,プライム,TOPIX Small 2
9336,大栄環境,プライム,TOPIX Small 1
9337,トリドリ,グロース,
9339,コーチ・エィ,スタンダード,
9340,アソインターナショナル,スタンダード,
9341,GENOVA,プライム,TOPIX Small 2
9342,スマサポ,グロース,
9343,アイビス,グロース,
9344,アクシスコンサルティング,グロース,
9345,ビズメイツ,グロース,
9346,ココルポート,グロース,
9347,日本管財ホールディングス,プライム,TOPIX Small 2
9348,ispace,グロース,
9351,東洋埠頭,スタンダード,
9353,櫻島埠頭,スタンダード,
9355,リンコーコーポレーション,スタンダード,
9360,鈴与シンワート,スタンダード,
9361,伏木海陸運送,スタンダード,
9362,兵機海運,スタンダード,
9363,大運,スタンダード,
9364,上組,プライム,TOPIX Mid400
9365,トレーディア,スタンダード,
9366,サンリツ,スタンダード,
9367,大東港運,スタンダード,
9368,キムラユニティー,スタンダード,
9369,キユーソー流通システム,スタンダード,TOPIX Small 2
9376,ユーラシア旅行社,スタンダード,
9380,東海運,スタンダード,
9381,エーアイテイー,プライム,TOPIX Small 2
9385,ショーエイコーポレーション,スタンダード,
9399,ビート・ホールディングス・リミテッド,スタンダード（外国株式）,
9401,TBSホールディングス,プライム,TOPIX Mid400
9404,日本テレビホールディングス,プライム,TOPIX Mid400
9405,朝日放送グループホールディングス,プライム,TOPIX Small 2
9408,BSNメディアホールディングス,スタンダード,
9409,テレビ朝日ホールディングス,プライム,TOPIX Small 1
9412,スカパーJSAT,プライム,TOPIX Small 1
9413,テレビ東京ホールディングス,プライム,TOPIX Small 1
9414,日本BS放送,スタンダード,
9416,ビジョン,プライム,TOPIX Small 1
9417,スマートバリュー,スタンダード,
9418,U-NEXT HOLDINGS,プライム,TOPIX Small 1
9419,ワイヤレスゲート,スタンダード,
9421,エヌジェイホールディングス,スタンダード,
9423,フォーバル・リアルストレート,スタンダード,
9424,日本通信,プライム,TOPIX Small 2
9425,ReYuu Japan,スタンダード,
9428,クロップス,スタンダード,
9432,NTT,プライム,TOPIX Core30
9433,KDDI,プライム,TOPIX Core30
9434,ソフトバンク,プライム,TOPIX Core30
94345,ソフトバンク第1回社債型種類株式,プライム,
94346,ソフトバンク第2回社債型種類株式,プライム,
9435,光通信,プライム,TOPIX Mid400
9436,沖縄セルラー電話,スタンダード,
9438,エムティーアイ,プライム,TOPIX Small 2
9439,エム・エイチ・グループ,スタンダード,
9441,ベルパーク,スタンダード,
9444,トーシンホールディングス,スタンダード,
9445,フォーバルテレコム,スタンダード,
9446,サカイホールディングス,スタンダード,
9449,GMOインターネットグループ,プライム,TOPIX Mid400
9450,ファイバーゲート,スタンダード,TOPIX Small 2
9466,アイドママーケティングコミュニケーション,スタンダード,
9467,アルファポリス,グロース,
9468,KADOKAWA,プライム,TOPIX Mid400
9470,学研ホールディングス,プライム,TOPIX Small 2
9474,ゼンリン,プライム,TOPIX Small 2
9475,昭文社ホールディングス,スタンダード,
9476,中央経済社ホールディングス,スタンダード,
9478,SEホールディングス・アンド・インキュベーションズ,スタンダード,
9501,東京電力ホールディングス,プライム,TOPIX Mid400
9502,中部電力,プライム,TOPIX Mid400
9503,関西電力,プライム,TOPIX Mid400
9504,中国電力,プライム,TOPIX Mid400
9505,北陸電力,プライム,TOPIX Mid400
9506,東北電力,プライム,TOPIX Mid400
9507,四国電力,プライム,TOPIX Mid400
9508,九州電力,プライム,TOPIX Mid400
9509,北海道電力,プライム,TOPIX Mid400
9511,沖縄電力,プライム,TOPIX Small 1
9513,電源開発,プライム,TOPIX Mid400
9514,エフオン,スタンダード,TOPIX Small 2
9517,イーレックス,プライム,TOPIX Small 2
9519,レノバ,プライム,TOPIX Small 1
9531,東京瓦斯,プライム,TOPIX Mid400
9532,大阪瓦斯,プライム,TOPIX Mid400
9533,東邦瓦斯,プライム,TOPIX Mid400
9534,北海道瓦斯,プライム,TOPIX Small 2
9535,広島ガス,プライム,TOPIX Small 2
9536,西部ガスホールディングス,プライム,TOPIX Small 2
9537,北陸瓦斯,スタンダード,
9539,京葉瓦斯,スタンダード,
9543,静岡ガス,プライム,TOPIX Small 1
9551,メタウォーター,プライム,TOPIX Small 1
9552,クオンツ総研ホールディングス,プライム,TOPIX Small 1
9553,マイクロアド,グロース,
9554,AViC,グロース,
9556,INTLOOP,グロース,
9557,エアークローゼット,グロース,
9558,ジャパニアス,グロース,
9560,プログリット,グロース,
9561,グラッドキューブ,グロース,
9562,ビジネスコーチ,グロース,
9563,Atlas Technologies,グロース,
9564,FCE,スタンダード,
9565,GLOE,グロース,
9601,松竹,プライム,TOPIX Small 1
9602,東宝,プライム,TOPIX Mid400
9603,エイチ・アイ・エス,プライム,TOPIX Small 1
9605,東映,プライム,TOPIX Small 1
9610,ウィルソン・ラーニング ワールドワイド,スタンダード,
9612,ラックランド,プライム,TOPIX Small 2
9616,共立メンテナンス,プライム,TOPIX Mid400
9619,イチネンホールディングス,プライム,TOPIX Small 2
9621,建設技術研究所,プライム,TOPIX Small 1
9622,スペース,プライム,TOPIX Small 2
9625,セレスポ,スタンダード,
9627,アインホールディングス,プライム,TOPIX Mid400
9628,燦ホールディングス,プライム,TOPIX Small 2
9629,ピー・シー・エー,プライム,TOPIX Small 2
9632,スバル興業,スタンダード,TOPIX Small 2
9633,東京テアトル,スタンダード,
9635,武蔵野興業,スタンダード,
9636,きんえい,スタンダード,
9639,三協フロンテア,スタンダード,
9640,セゾンテクノロジー,スタンダード,
9644,タナベコンサルティンググループ,プライム,TOPIX Small 2
9647,協和コンサルタンツ,スタンダード,
9651,日本プロセス,スタンダード,
9656,グリーンランドリゾート,スタンダード,
9658,ビジネスブレイン太田昭和,プライム,TOPIX Small 2
9661,歌舞伎座,スタンダード,
9663,ナガワ,プライム,TOPIX Small 2
9672,東京都競馬,プライム,TOPIX Small 1
9678,カナモト,プライム,TOPIX Small 1
9679,ホウライ,スタンダード,
9682,DTS,プライム,TOPIX Small 1
9684,スクウェア・エニックス・ホールディングス,プライム,TOPIX Mid400
9685,KYCOMホールディングス,スタンダード,
9686,東洋テック,スタンダード,
9687,KSK,スタンダード,
9691,両毛システムズ,スタンダード,
9692,シーイーシー,プライム,TOPIX Small 1
9697,カプコン,プライム,TOPIX Mid400
9698,クレオ,スタンダード,
9699,ニシオホールディングス,プライム,TOPIX Small 1
9701,東京會舘,スタンダード,
9702,アイ・エス・ビー,プライム,TOPIX Small 2
9704,アゴーラ ホスピタリティー グループ,スタンダード,
9706,日本空港ビルデング,プライム,TOPIX Mid400
9708,帝国ホテル,スタンダード,
9709,NCS&A,スタンダード,
9713,ロイヤルホテル,スタンダード,
9715,トランス・コスモス,プライム,TOPIX Small 1
9716,乃村工藝社,プライム,TOPIX Small 1
9720,ホテル、ニューグランド,スタンダード,
9722,藤田観光,プライム,TOPIX Small 1
9723,京都ホテル,スタンダード,
9726,KNT-CTホールディングス,スタンダード,TOPIX Small 2
9729,トーカイ,プライム,TOPIX Small 2
9731,白洋舎,スタンダード,
9733,ナガセ,スタンダード,
9735,セコム,プライム,TOPIX Large70
9739,NSW,プライム,TOPIX Small 2
9740,セントラル警備保障,プライム,TOPIX Small 2
9742,アイネス,プライム,TOPIX Small 2
9743,丹青社,プライム,TOPIX Small 1
9744,メイテックグループホールディングス,プライム,TOPIX Mid400
9746,TKC,プライム,TOPIX Small 1
9753,アイエックス・ナレッジ,スタンダード,
9755,応用地質,プライム,TOPIX Small 2
9757,船井総研ホールディングス,プライム,TOPIX Small 1
9759,NSD,プライム,TOPIX Mid400
9760,進学会ホールディングス,スタンダード,
9761,東海リース,スタンダード,
9763,丸建リース,スタンダード,
9765,オオバ,プライム,
9766,コナミグループ,プライム,TOPIX Mid400
9767,日建工学,スタンダード,
9768,いであ,スタンダード,
9769,学究社,プライム,TOPIX Small 2
9778,昴,スタンダード,
9780,ハリマビステム,スタンダード,
9782,ディーエムエス,スタンダード,
9788,ナック,プライム,TOPIX Small 2
9790,福井コンピュータホールディングス,プライム,TOPIX Small 2
9791,ビケンテクノ,スタンダード,
9793,ダイセキ,プライム,TOPIX Small 1
9795,ステップ,プライム,TOPIX Small 2
9799,旭情報サービス,スタンダード,
9812,テーオーホールディングス,スタンダード,
9816,ストライダーズ,スタンダード,
9818,大丸エナウィン,スタンダード,
9820,エムティジェネックス,スタンダード,
9823,マミーマートホールディングス,スタンダード,
9824,泉州電業,プライム,TOPIX Small 1
9827,リリカラ,スタンダード,
9828,Genki Global Dining Concepts,スタンダード,TOPIX Small 1
9830,トラスコ中山,プライム,TOPIX Small 1
9831,ヤマダホールディングス,プライム,TOPIX Mid400
9832,オートバックスセブン,プライム,TOPIX Small 1
9835,ジュンテンドー,スタンダード,
9837,モリト,プライム,TOPIX Small 2
9842,アークランズ,プライム,TOPIX Small 1
9843,ニトリホールディングス,プライム,TOPIX Mid400
9845,パーカーコーポレーション,スタンダード,
9846,天満屋ストア,スタンダード,
9849,共同紙販ホールディングス,スタンダード,
9850,グルメ杵屋,プライム,TOPIX Small 2
9853,銀座ルノアール,スタンダード,
9854,愛眼,スタンダード,
9856,ケーユーホールディングス,スタンダード,TOPIX Small 2
9857,英和,スタンダード,
9861,吉野家ホールディングス,プライム,TOPIX Mid400
9867,ソレキア,スタンダード,
9869,加藤産業,プライム,TOPIX Small 1
9872,北恵,スタンダード,
9876,コックス,スタンダード,
9878,セキド,スタンダード,
9880,イノテック,プライム,TOPIX Small 2
9882,イエローハット,プライム,TOPIX Small 1
9885,シャルレ,スタンダード,
9887,松屋フーズホールディングス,プライム,TOPIX Small 1
9888,UEX,スタンダード,
9889,JBCCホールディングス,プライム,TOPIX Small 1
9890,マキヤ,スタンダード,
9895,コンセック,スタンダード,
9896,JKホールディングス,スタンダード,TOPIX Small 2
9900,サガミホールディングス,プライム,TOPIX Small 1
9902,日伝,プライム,TOPIX Small 2
9903,カンセキ,スタンダード,
9904,ベリテ,スタンダード,
9906,藤井産業,スタンダード,
9908,日本電計,スタンダード,
9913,日邦産業,スタンダード,
9914,植松商会,スタンダード,
9928,ミロク情報サービス,プライム,TOPIX Small 2
9929,平和紙業,スタンダード,
9930,北沢産業,スタンダード,
9932,杉本商事,プライム,TOPIX Small 2
9934,因幡電機産業,プライム,TOPIX Mid400
9936,王将フードサービス,プライム,TOPIX Small 1
9941,太洋物産,スタンダード,
9946,ミニストップ,プライム,TOPIX Small 2
9948,アークス,プライム,TOPIX Small 1
9950,ハチバン,スタンダード,
9955,ヨンキュウ,スタンダード,
9956,バローホールディングス,プライム,TOPIX Small 1
9959,アシードホールディングス,スタンダード,
9960,東テク,プライム,TOPIX Small 1
9962,ミスミグループ本社,プライム,TOPIX Mid400
9969,ショクブン,スタンダード,
9972,アルテック,スタンダード,
9973,KOZOホールディングス,スタンダード,
9974,ベルク,プライム,TOPIX Small 1
9976,セキチュー,スタンダード,
9978,文教堂グループホールディングス,スタンダード,
9979,大庄,スタンダード,TOPIX Small 2
9980,MRKホールディングス,スタンダード,
9982,タキヒヨー,スタンダード,
9983,ファーストリテイリング,プライム,TOPIX Core30
9984,ソフトバンクグループ,プライム,TOPIX Core30
9986,蔵王産業,スタンダード,
9987,スズケン,プライム,TOPIX Mid400
9989,サンドラッグ,プライム,TOPIX Mid400
9990,サックスバー ホールディングス,プライム,TOPIX Small 2
9991,ジェコス,プライム,TOPIX Small 2
9993,ヤマザワ,スタンダード,
9994,やまや,スタンダード,
9996,サトー商会,スタンダード,
9997,ベルーナ,プライム,TOPIX Small 1
