日付,コード,売残,買残
2026-09-25,1301,9300,154300
2026-09-25,1305,12260,43880
2026-09-25,1306,2566610,12062870
2026-09-25,1308,52731,62867
2026-09-25,1309,0,1455
2026-09-25,130A,0,254200
2026-09-25,1311,2517,21866
2026-09-25,1319,0,7000
2026-09-25,1320,8271,17305
2026-09-25,1321,92025,264503
2026-09-25,1322,0,24548
2026-09-25,1325,1020,155560
2026-09-25,1328,6415,153078
2026-09-25,1329,23600,322496
2026-09-25,1330,6474,15929
2026-09-25,1332,79200,581100
2026-09-25,1333,12300,196900
2026-09-25,133A,20166,28038
2026-09-25,1343,36810,1255490
2026-09-25,1345,104,115875
2026-09-25,1346,2142,9038
2026-09-25,1348,580,36703
2026-09-25,1356,1175930,2514170
2026-09-25,1357,1445504,3936132
2026-09-25,1358,1061,13263
2026-09-25,135A,54100,282400
2026-09-25,1360,12098170,38154180
2026-09-25,1364,2,5389
2026-09-25,1365,39083,296344
2026-09-25,1366,62607,2800223
2026-09-25,1367,3851,118605
2026-09-25,1368,24781,103124
2026-09-25,1369,32,582
2026-09-25,1375,63100,61700
2026-09-25,1376,1000,35200
2026-09-25,1377,18600,43200
2026-09-25,1379,7600,26500
2026-09-25,137A,0,105800
2026-09-25,1380,0,3300
2026-09-25,1381,0,54700
2026-09-25,1382,0,7400
2026-09-25,1383,0,11000
2026-09-25,1384,0,119700
2026-09-25,138A,0,70400
2026-09-25,1397,0,26
2026-09-25,1398,240,6960
2026-09-25,1399,0,5430
2026-09-25,1401,0,77400
2026-09-25,1407,14200,739600
2026-09-25,140A,0,248
2026-09-25,1414,191900,774200
2026-09-25,1417,13700,95900
2026-09-25,1418,24800,495400
2026-09-25,1419,659300,195200
2026-09-25,141A,455000,1080900
2026-09-25,1420,4700,113400
2026-09-25,1429,26200,536100
2026-09-25,142A,0,312400
2026-09-25,1430,800,374500
2026-09-25,1431,200300,79000
2026-09-25,1433,107400,249100
2026-09-25,1434,12000,369900
2026-09-25,1435,5600,3927900
2026-09-25,1436,0,327600
2026-09-25,1438,0,47000
2026-09-25,143A,0,106200
2026-09-25,1443,0,960900
2026-09-25,1444,0,21700
2026-09-25,1446,18800,45200
2026-09-25,1447,0,1702300
2026-09-25,1450,0,66800
2026-09-25,1456,1643,30192
2026-09-25,1457,491,34518
2026-09-25,1458,10508,81987
2026-09-25,1459,1191315,6982793
2026-09-25,145A,0,263100
2026-09-25,1466,0,1915
2026-09-25,1469,0,20690
2026-09-25,146A,0,519900
2026-09-25,1472,0,24568
2026-09-25,1473,2250,9340
2026-09-25,1474,0,9
2026-09-25,1475,23360,1843820
2026-09-25,1476,56,99470
2026-09-25,1477,3,569
2026-09-25,1478,344,12223
2026-09-25,1479,1,21
2026-09-25,147A,125500,610600
2026-09-25,1480,0,0
2026-09-25,1481,0,11
2026-09-25,1482,67,37053
2026-09-25,1483,0,0
2026-09-25,1484,0,300
2026-09-25,1485,0,0
2026-09-25,1486,32,3683
2026-09-25,1487,0,2461
2026-09-25,1488,1,31018
2026-09-25,1489,20153,413015
2026-09-25,148A,0,104700
2026-09-25,1490,0,3
2026-09-25,1491,0,88800
2026-09-25,1493,0,90
2026-09-25,1494,6,2040
2026-09-25,1495,0,930
2026-09-25,1496,88,2662
2026-09-25,1497,58,52627
2026-09-25,1498,7,242
2026-09-25,1499,12,4
2026-09-25,149A,0,133100
2026-09-25,150A,0,802000
2026-09-25,1514,646800,1720400
2026-09-25,1515,68000,930100
2026-09-25,1518,167800,559400
2026-09-25,151A,0,170700
2026-09-25,153A,15000,143300
2026-09-25,1540,17875,1046961
2026-09-25,1541,2583,204038
2026-09-25,1542,4025,416556
2026-09-25,1543,0,2109
2026-09-25,1545,2226390,24084070
2026-09-25,1546,309,2856
2026-09-25,1547,2266,123341
2026-09-25,1550,195,37750
2026-09-25,1551,0,970
2026-09-25,1554,194,7756
2026-09-25,1555,62,1712
2026-09-25,1559,236,1161
2026-09-25,155A,7400,509500
2026-09-25,1560,0,1973
2026-09-25,1563,4384,26543
2026-09-25,1566,174,2593
2026-09-25,1568,421670,3011440
2026-09-25,1569,7490,687330
2026-09-25,156A,2900,540400
2026-09-25,1570,245100,1800585
2026-09-25,1571,88544,2251508
2026-09-25,1572,0,22900
2026-09-25,1573,140,4820
2026-09-25,1577,110,3449
2026-09-25,1578,310,4319
2026-09-25,1579,867170,11076420
2026-09-25,157A,0,394000
2026-09-25,1580,14880,1373070
2026-09-25,1585,10,50
2026-09-25,1586,0,360
2026-09-25,1591,0,320
2026-09-25,1592,0,3721
2026-09-25,1593,2,31
2026-09-25,1595,0,764117
2026-09-25,1596,0,5
2026-09-25,1597,402,236595
2026-09-25,1599,21,5
2026-09-25,159A,0,7410
2026-09-25,1605,250400,2881000
2026-09-25,160A,0,147300
2026-09-25,1615,69810,2996890
2026-09-25,1617,37,753
2026-09-25,1618,5,1699
2026-09-25,1619,46,934
2026-09-25,1620,75,472
2026-09-25,1621,14,692
2026-09-25,1622,42,1710
2026-09-25,1623,40,8743
2026-09-25,1624,9,344
2026-09-25,1625,115,1171
2026-09-25,1626,32,727
2026-09-25,1627,373,4392
2026-09-25,1628,23,274
2026-09-25,1629,3900,1005010
2026-09-25,162A,0,351
2026-09-25,1630,22,1534
2026-09-25,1631,188,6412
2026-09-25,1632,25,2377
2026-09-25,1633,228,460
2026-09-25,163A,0,6949
2026-09-25,1651,4,45632
2026-09-25,1652,0,20
2026-09-25,1653,0,60
2026-09-25,1654,0,0
2026-09-25,1655,112100,7343780
2026-09-25,1656,850,116700
2026-09-25,1657,0,7396
2026-09-25,1658,100,22417
2026-09-25,1659,57,8707
2026-09-25,1660,27,2197
2026-09-25,1662,37600,986100
2026-09-25,1663,21800,469500
2026-09-25,166A,186700,1981800
2026-09-25,1671,434943,433873
2026-09-25,1677,0,300
2026-09-25,1678,44180,3390330
2026-09-25,1679,0,260
2026-09-25,167A,42100,124500
2026-09-25,1680,35,9168
2026-09-25,1681,196,36201
2026-09-25,168A,0,47400
2026-09-25,1698,50,13942
2026-09-25,1699,858560,2078870
2026-09-25,170A,0,45
2026-09-25,1711,0,423300
2026-09-25,1716,2700,617600
2026-09-25,1717,0,132200
2026-09-25,1718,0,91500
2026-09-25,1719,65300,438400
2026-09-25,1720,20300,160900
2026-09-25,1721,43100,44000
2026-09-25,1723,0,191800
2026-09-25,1724,0,173600
2026-09-25,1736,0,35400
2026-09-25,173A,0,38200
2026-09-25,1758,0,92700
2026-09-25,175A,0,154300
2026-09-25,1762,34900,32300
2026-09-25,1764,0,20700
2026-09-25,1766,6100,28000
2026-09-25,1768,4000,81600
2026-09-25,1770,0,108700
2026-09-25,177A,0,222000
2026-09-25,1780,40100,56200
2026-09-25,1783,0,3997700
2026-09-25,1786,24600,546600
2026-09-25,1787,0,6000
2026-09-25,1788,0,6400
2026-09-25,178A,0,21306
2026-09-25,1793,0,64400
2026-09-25,1795,0,700
2026-09-25,1798,0,582100
2026-09-25,1799,14600,87600
2026-09-25,179A,60,160090
2026-09-25,1801,33300,454400
2026-09-25,1802,66900,738500
2026-09-25,1803,47500,2753000
2026-09-25,1807,0,21700
2026-09-25,1808,45100,249100
2026-09-25,180A,0,95950
2026-09-25,1810,1400,222700
2026-09-25,1811,4400,131100
2026-09-25,1812,39300,1249300
2026-09-25,1813,15500,114200
2026-09-25,1814,3500,293500
2026-09-25,1815,38300,168800
2026-09-25,181A,0,0
2026-09-25,1820,6400,124300
2026-09-25,1822,1007700,256600
2026-09-25,1826,15400,156400
2026-09-25,1827,24700,947700
2026-09-25,1828,0,66000
2026-09-25,182A,0,7250
2026-09-25,1833,22800,177100
2026-09-25,1835,2100,95200
2026-09-25,183A,0,1040
2026-09-25,1840,0,272400
2026-09-25,1844,0,582900
2026-09-25,1847,800,345300
2026-09-25,1848,58800,77900
2026-09-25,184A,0,159300
2026-09-25,1850,0,699300
2026-09-25,1852,85400,778400
2026-09-25,1853,0,599100
2026-09-25,1860,60500,128800
2026-09-25,1861,37200,911600
2026-09-25,1866,500,203500
2026-09-25,1867,6100,47800
2026-09-25,186A,3461300,6855000
2026-09-25,1870,19400,133100
2026-09-25,1871,10200,227900
2026-09-25,1873,10300,346300
2026-09-25,1878,349000,890000
2026-09-25,1879,2236700,525400
2026-09-25,1882,62100,426300
2026-09-25,1885,28000,611400
2026-09-25,1887,13000,996300
2026-09-25,1888,1400,59100
2026-09-25,188A,0,26822
2026-09-25,1893,50500,1703500
2026-09-25,1897,0,40900
2026-09-25,1898,16000,201500
2026-09-25,1899,6100,65700
2026-09-25,189A,0,216400
2026-09-25,1904,17600,68300
2026-09-25,1905,0,69900
2026-09-25,190A,0,3226300
2026-09-25,1911,73600,4331000
2026-09-25,1914,29000,143500
2026-09-25,1921,25300,2100000
2026-09-25,1925,30200,536700
2026-09-25,1926,7600,111900
2026-09-25,1928,534800,852400
2026-09-25,1929,23600,178800
2026-09-25,192A,0,102400
2026-09-25,1930,4000,253300
2026-09-25,1934,4500,148100
2026-09-25,1938,0,138600
2026-09-25,1939,18700,122300
2026-09-25,1941,6600,22200
2026-09-25,1942,27700,418700
2026-09-25,1944,12400,242600
2026-09-25,1945,2500,358600
2026-09-25,1946,3700,92000
2026-09-25,194A,0,156800
2026-09-25,1950,16700,72200
2026-09-25,1951,14700,118800
2026-09-25,1952,16200,175700
2026-09-25,1959,8400,86100
2026-09-25,195A,0,266400
2026-09-25,1960,0,377100
2026-09-25,1961,34500,189900
2026-09-25,1963,56400,1270100
2026-09-25,1964,1600,66700
2026-09-25,1965,11400,63300
2026-09-25,1966,6000,102100
2026-09-25,1967,26800,93400
2026-09-25,1968,3800,143600
2026-09-25,1969,37200,286000
2026-09-25,196A,0,690700
2026-09-25,1972,2200,446600
2026-09-25,1975,4500,77700
2026-09-25,1976,25000,69300
2026-09-25,1979,5500,50400
2026-09-25,197A,343000,1618400
2026-09-25,1980,22900,477500
2026-09-25,1981,0,24700
2026-09-25,1982,7500,106500
2026-09-25,198A,0,1197900
2026-09-25,1992,0,500
2026-09-25,1994,0,143800
2026-09-25,1997,0,13600
2026-09-25,2001,25400,56000
2026-09-25,2002,70300,107200
2026-09-25,2003,6200,30600
2026-09-25,2004,12800,132600
2026-09-25,2009,0,64400
2026-09-25,200A,115307,2585872
2026-09-25,2011,0,1250
2026-09-25,2012,510,115050
2026-09-25,2013,2620,485400
2026-09-25,2014,10,250730
2026-09-25,2015,0,171
2026-09-25,2016,0,33600
2026-09-25,2017,68,44260
2026-09-25,2018,0,25
2026-09-25,2019,0,3436
2026-09-25,201A,15480,331730
2026-09-25,2031,0,2922
2026-09-25,2032,0,1283
2026-09-25,2033,0,13433
2026-09-25,2034,0,31589
2026-09-25,2036,0,38578
2026-09-25,2037,0,17010
2026-09-25,2038,0,120088
2026-09-25,2039,0,3044527
2026-09-25,2040,0,1890
2026-09-25,2041,0,39524
2026-09-25,2042,0,1701
2026-09-25,2043,0,20
2026-09-25,2044,0,4436
2026-09-25,2045,0,1
2026-09-25,2046,0,12261
2026-09-25,2047,0,2016
2026-09-25,2048,0,40
2026-09-25,2050,0,70
2026-09-25,2053,239400,138200
2026-09-25,2055,300,1560600
2026-09-25,205A,0,177400
2026-09-25,2060,8900,342400
2026-09-25,2065,0,0
2026-09-25,2066,0,0
2026-09-25,2067,0,0
2026-09-25,2068,0,1
2026-09-25,2069,0,16
2026-09-25,206A,0,1038500
2026-09-25,2070,0,0
2026-09-25,2071,0,41
2026-09-25,2072,0,38
2026-09-25,2073,0,2
2026-09-25,2080,4643,235387
2026-09-25,2081,9,2599
2026-09-25,2082,2,38
2026-09-25,2083,394,18797
2026-09-25,2084,237,11851
2026-09-25,2085,1160,39240
2026-09-25,2086,0,0
2026-09-25,2087,0,0
2026-09-25,2088,0,6
2026-09-25,2089,0,116
2026-09-25,208A,0,98700
2026-09-25,2090,0,10
2026-09-25,2091,0,0
2026-09-25,2092,0,0
2026-09-25,2093,0,20
2026-09-25,2094,0,892
2026-09-25,2095,0,2900
2026-09-25,2096,0,7211
2026-09-25,2097,0,21218
2026-09-25,2098,0,24399
2026-09-25,2108,29500,451900
2026-09-25,2109,11700,18600
2026-09-25,210A,20,206756
2026-09-25,2112,2600,679300
2026-09-25,2114,79800,18400
2026-09-25,2117,4400,21500
2026-09-25,211A,0,57300
2026-09-25,2120,3122300,3538600
2026-09-25,2121,36600,185900
2026-09-25,2122,0,34300
2026-09-25,2124,27200,153000
2026-09-25,2127,1183500,3057500
2026-09-25,212A,75400,635000
2026-09-25,2130,28300,340300
2026-09-25,2134,50000,10886900
2026-09-25,2136,0,69300
2026-09-25,2138,108500,1235400
2026-09-25,2139,16600,71600
2026-09-25,213A,51330,1489070
2026-09-25,2146,1120600,1900400
2026-09-25,2148,0,155000
2026-09-25,2152,0,21600
2026-09-25,2153,100,208900
2026-09-25,2154,23900,46900
2026-09-25,2156,0,148400
2026-09-25,2157,39500,922700
2026-09-25,2158,0,1820900
2026-09-25,215A,145100,5012700
2026-09-25,2160,711800,8242100
2026-09-25,2163,0,176000
2026-09-25,2164,0,179700
2026-09-25,2168,38100,413700
2026-09-25,2169,800,20300
2026-09-25,2170,1096800,860500
2026-09-25,2173,10800,202400
2026-09-25,2175,54000,102800
2026-09-25,2179,800,238800
2026-09-25,2181,287900,2240400
2026-09-25,2183,0,376400
2026-09-25,2185,0,22500
2026-09-25,2186,0,83300
2026-09-25,218A,0,941100
2026-09-25,2193,700700,1379600
2026-09-25,2195,0,249300
2026-09-25,2198,23300,72300
2026-09-25,219A,515400,1677200
2026-09-25,2201,80600,105300
2026-09-25,2204,7000,7900
2026-09-25,2206,82400,42400
2026-09-25,2207,384100,521500
2026-09-25,2208,0,19900
2026-09-25,2209,131400,11100
2026-09-25,220A,0,171900
2026-09-25,2211,69800,63300
2026-09-25,2212,62400,79400
2026-09-25,2215,0,111200
2026-09-25,2216,38900,110100
2026-09-25,2217,109300,28300
2026-09-25,221A,10780,273450
2026-09-25,2220,162300,94400
2026-09-25,2221,0,14000
2026-09-25,2222,43000,84900
2026-09-25,2224,0,9600
2026-09-25,2226,28100,4600
2026-09-25,2229,60000,42400
2026-09-25,2235,0,3877
2026-09-25,2236,0,65379
2026-09-25,2237,325,122092
2026-09-25,2238,0,1195
2026-09-25,2239,0,3938
2026-09-25,223A,1,27622
2026-09-25,2240,0,4152
2026-09-25,2241,3840,14520
2026-09-25,2242,40,1460
2026-09-25,2243,35163,741875
2026-09-25,2244,2486,714971
2026-09-25,2245,0,10
2026-09-25,2247,0,10348
2026-09-25,2248,51,1478
2026-09-25,2249,0,3440
2026-09-25,224A,158,53824
2026-09-25,2250,0,1110
2026-09-25,2251,240,19490
2026-09-25,2252,0,600
2026-09-25,2253,0,10095
2026-09-25,2254,0,14177
2026-09-25,2255,0,539910
2026-09-25,2256,0,69470
2026-09-25,2257,0,5500
2026-09-25,2258,0,204900
2026-09-25,2259,0,4290
2026-09-25,2264,979100,607700
2026-09-25,2266,61000,106200
2026-09-25,2267,99400,406000
2026-09-25,2268,0,20900
2026-09-25,2269,59600,69700
2026-09-25,2270,5100,106200
2026-09-25,2281,1305700,510500
2026-09-25,2282,34600,143200
2026-09-25,2286,5700,223900
2026-09-25,2288,958000,29800
2026-09-25,228A,0,61900
2026-09-25,2291,5700,49100
2026-09-25,2292,5500,67000
2026-09-25,2293,0,3300
2026-09-25,2294,41500,62500
2026-09-25,2296,11700,52500
2026-09-25,2300,0,29500
2026-09-25,2301,55500,135600
2026-09-25,2303,0,92500
2026-09-25,2304,600,77800
2026-09-25,2305,42900,16300
2026-09-25,2307,180400,62900
2026-09-25,2311,0,252800
2026-09-25,2315,1333700,8361700
2026-09-25,2317,233500,867300
2026-09-25,2321,0,2008100
2026-09-25,2323,0,1153300
2026-09-25,2325,16000,84800
2026-09-25,2326,7000,193900
2026-09-25,2327,29300,49500
2026-09-25,2329,0,495900
2026-09-25,2330,0,3797800
2026-09-25,2331,10100,104300
2026-09-25,2332,700,117400
2026-09-25,2334,0,12608600
2026-09-25,2335,410700,41800
2026-09-25,2337,31400,1376600
2026-09-25,2338,0,24500
2026-09-25,233A,637,16984
2026-09-25,2340,100,20300
2026-09-25,2341,0,346800
2026-09-25,2342,0,928300
2026-09-25,2345,0,1408600
2026-09-25,2349,0,35900
2026-09-25,234A,0,696
2026-09-25,2351,0,186100
2026-09-25,2353,52100,1218300
2026-09-25,2354,0,1629100
2026-09-25,2359,1700,41500
2026-09-25,235A,1,10690
2026-09-25,236A,1750,23220
2026-09-25,2370,0,9185500
2026-09-25,2371,22400,85400
2026-09-25,2373,0,130900
2026-09-25,2375,0,619500
2026-09-25,2376,0,13300
2026-09-25,2378,811300,150200
2026-09-25,2379,108800,220000
2026-09-25,237A,300,1572910
2026-09-25,2384,19200,453400
2026-09-25,2385,1000,977200
2026-09-25,2388,0,2200100
2026-09-25,238A,1500,1844150
2026-09-25,2391,0,19200
2026-09-25,2393,100,54700
2026-09-25,2395,14400,711300
2026-09-25,2404,48800,59800
2026-09-25,2408,0,52900
2026-09-25,2410,13900,81500
2026-09-25,2411,1300,189300
2026-09-25,2413,679600,2952600
2026-09-25,2415,0,303900
2026-09-25,2418,3700,1210000
2026-09-25,241A,22300,198600
2026-09-25,2424,0,69200
2026-09-25,2425,0,24300
2026-09-25,2428,15900,460000
2026-09-25,2429,1800,164100
2026-09-25,2432,145400,1744900
2026-09-25,2433,80200,42200
2026-09-25,2435,0,289800
2026-09-25,2436,0,379100
2026-09-25,2437,0,3014100
2026-09-25,2438,148400,447700
2026-09-25,2440,584200,1474500
2026-09-25,2445,11500,523700
2026-09-25,2449,0,105100
2026-09-25,244A,0,165600
2026-09-25,2454,0,494500
2026-09-25,2459,0,449900
2026-09-25,245A,0,205200
2026-09-25,2461,108300,634200
2026-09-25,2462,92900,72000
2026-09-25,2464,3700,81500
2026-09-25,2469,0,38500
2026-09-25,246A,0,333600
2026-09-25,2471,24000,1057400
2026-09-25,2475,3900,86500
2026-09-25,2477,9300,26000
2026-09-25,2479,0,531500
2026-09-25,247A,707900,5533600
2026-09-25,2480,0,5200
2026-09-25,2481,0,12900
2026-09-25,2483,0,310600
2026-09-25,2484,1493400,3189300
2026-09-25,2485,9400,528900
2026-09-25,2488,0,181200
2026-09-25,2489,162100,769800
2026-09-25,248A,0,226700
2026-09-25,2491,301000,655300
2026-09-25,2492,695000,1398800
2026-09-25,2493,0,20100
2026-09-25,2497,9900,168700
2026-09-25,2498,0,59300
2026-09-25,2499,0,162500
2026-09-25,2501,340200,314000
2026-09-25,2502,56000,3043200
2026-09-25,2503,92300,476800
2026-09-25,250A,8300,42200
2026-09-25,2510,6870,4870
2026-09-25,2511,10,7820
2026-09-25,2512,220,4660
2026-09-25,2513,4,102224
2026-09-25,2514,100,527
2026-09-25,2515,122,15697
2026-09-25,2516,758920,997780
2026-09-25,2517,0,2300
2026-09-25,2518,1,1057
2026-09-25,2519,10,2180
2026-09-25,2520,124,22500
2026-09-25,2521,90,68026
2026-09-25,2522,307,15514
2026-09-25,2523,0,50
2026-09-25,2524,0,43
2026-09-25,2525,0,2
2026-09-25,2526,0,1
2026-09-25,2527,0,107
2026-09-25,2528,0,26439
2026-09-25,2529,18,989
2026-09-25,2530,0,705
2026-09-25,2531,300100,49800
2026-09-25,2533,24300,497800
2026-09-25,253A,25300,255700
2026-09-25,254A,0,1258900
2026-09-25,2552,6,7721
2026-09-25,2553,0,109540
2026-09-25,2554,10,990
2026-09-25,2555,60,9770
2026-09-25,2556,50,29500
2026-09-25,2557,0,15030
2026-09-25,2558,5350,871815
2026-09-25,2559,2724,1622041
2026-09-25,255A,3800,209800
2026-09-25,2560,0,0
2026-09-25,2561,5688,9848
2026-09-25,2562,3381,7125
2026-09-25,2563,58020,286080
2026-09-25,2564,3630,7848
2026-09-25,2565,0,1826
2026-09-25,2566,0,1924
2026-09-25,2567,0,180
2026-09-25,2568,2851,59660
2026-09-25,2569,1946,18507
2026-09-25,256A,5900,841500
2026-09-25,2573,0,29100
2026-09-25,2579,36500,214000
2026-09-25,257A,0,1270
2026-09-25,2585,21600,1206300
2026-09-25,2586,0,8574400
2026-09-25,2587,29800,90500
2026-09-25,2588,0,49400
2026-09-25,258A,0,712
2026-09-25,2590,65200,35000
2026-09-25,2593,61000,241500
2026-09-25,2594,390700,24900
2026-09-25,2597,0,47900
2026-09-25,2602,12900,60200
2026-09-25,2607,69900,37400
2026-09-25,2612,0,335600
2026-09-25,2613,8300,37500
2026-09-25,261A,0,158500
2026-09-25,2620,10,77240
2026-09-25,2621,3796,1246789
2026-09-25,2622,0,975
2026-09-25,2623,0,1550
2026-09-25,2624,107,9407
2026-09-25,2625,0,648
2026-09-25,2626,29,1032
2026-09-25,2627,1,11
2026-09-25,2628,0,109099
2026-09-25,2629,92,71437
2026-09-25,262A,0,398000
2026-09-25,2630,25,8123
2026-09-25,2631,3303,98776
2026-09-25,2632,405,6758
2026-09-25,2633,17710,427880
2026-09-25,2634,4680,9332
2026-09-25,2636,9,140
2026-09-25,2637,81,5641
2026-09-25,2638,254,71187
2026-09-25,2639,0,3232
2026-09-25,2640,255,23492
2026-09-25,2641,21,1290
2026-09-25,2642,0,2
2026-09-25,2644,41590,772213
2026-09-25,2645,0,10
2026-09-25,2646,155,22088
2026-09-25,2647,0,40
2026-09-25,2648,0,8124
2026-09-25,2649,0,0
2026-09-25,264A,0,749900
2026-09-25,2652,335100,924000
2026-09-25,2653,100,28800
2026-09-25,2654,0,12100
2026-09-25,2656,0,5428800
2026-09-25,2659,13800,28700
2026-09-25,265A,0,173900
2026-09-25,2664,16900,17700
2026-09-25,2666,0,1220800
2026-09-25,2667,333400,1983700
2026-09-25,2668,0,8400
2026-09-25,2669,8800,13900
2026-09-25,2670,11800,91800
2026-09-25,2673,0,698400
2026-09-25,2674,7400,94100
2026-09-25,2676,17000,28400
2026-09-25,2678,274500,607800
2026-09-25,2681,92200,376000
2026-09-25,2683,0,7600
2026-09-25,2685,12300,88400
2026-09-25,2687,0,57000
2026-09-25,2689,400,122200
2026-09-25,268A,800,1503100
2026-09-25,2693,0,869100
2026-09-25,2694,7700,270700
2026-09-25,2695,935000,258100
2026-09-25,2698,0,15600
2026-09-25,269A,0,66200
2026-09-25,2700,0,67600
2026-09-25,2702,64900,364600
2026-09-25,2705,26600,30500
2026-09-25,2708,0,49300
2026-09-25,2721,0,1453700
2026-09-25,2722,3400,67400
2026-09-25,2726,70000,707600
2026-09-25,2730,188300,42300
2026-09-25,2733,703800,46800
2026-09-25,2734,10400,96000
2026-09-25,2735,10400,368300
2026-09-25,2736,0,16700
2026-09-25,2737,5200,86100
2026-09-25,273A,0,132
2026-09-25,2742,10200,28500
2026-09-25,2747,0,9200
2026-09-25,2749,3811900,497400
2026-09-25,274A,0,127800
2026-09-25,2750,1300,26600
2026-09-25,2751,8100,29500
2026-09-25,2752,517700,140500
2026-09-25,2753,8900,56800
2026-09-25,2760,21900,190500
2026-09-25,2762,0,2148800
2026-09-25,2764,0,1093700
2026-09-25,2767,34300,365800
2026-09-25,2768,39400,2582600
2026-09-25,2769,0,76800
2026-09-25,276A,0,215100
2026-09-25,2776,0,2718600
2026-09-25,2778,11500,1147800
2026-09-25,277A,100,585400
2026-09-25,2780,1500,487000
2026-09-25,2782,43100,64700
2026-09-25,2784,15700,18100
2026-09-25,2788,0,1227300
2026-09-25,2789,0,44500
2026-09-25,278A,0,1259900
2026-09-25,2790,0,49600
2026-09-25,2791,13400,102400
2026-09-25,2792,79000,133100
2026-09-25,2795,0,27700
2026-09-25,2796,300,26700
2026-09-25,2798,0,10500
2026-09-25,2801,120800,720000
2026-09-25,2802,80400,1318400
2026-09-25,2804,18100,12100
2026-09-25,2805,0,43900
2026-09-25,2806,0,20200
2026-09-25,2809,38300,67000
2026-09-25,280A,0,169600
2026-09-25,2810,73200,61800
2026-09-25,2811,54300,177700
2026-09-25,2813,0,139000
2026-09-25,2814,0,12800
2026-09-25,2815,27500,58300
2026-09-25,2816,14100,5100
2026-09-25,2818,5300,1700
2026-09-25,2819,5300,15600
2026-09-25,281A,0,859700
2026-09-25,2820,100,19400
2026-09-25,282A,22524,449929
2026-09-25,2831,0,2500
2026-09-25,2836,0,26
2026-09-25,2837,47,28825
2026-09-25,2838,0,0
2026-09-25,2839,0,0
2026-09-25,283A,0,1255
2026-09-25,2840,12014,512976
2026-09-25,2841,1499,32154
2026-09-25,2842,1738,10695
2026-09-25,2843,0,210
2026-09-25,2844,6,2252
2026-09-25,2845,5460,23345
2026-09-25,2846,939,5821
2026-09-25,2847,0,1166
2026-09-25,2848,0,210
2026-09-25,2849,24,688
2026-09-25,2851,0,3030
2026-09-25,2852,0,1020
2026-09-25,2853,10,0
2026-09-25,2854,644,261512
2026-09-25,2855,0,4459
2026-09-25,2856,1000,7710
2026-09-25,2857,10,300
2026-09-25,2858,0,2864
2026-09-25,2859,10,211
2026-09-25,285A,836400,13929900
2026-09-25,2860,17,1902
2026-09-25,2861,0,31
2026-09-25,2862,0,0
2026-09-25,2864,0,73
2026-09-25,2865,1212,2013953
2026-09-25,2866,30,80912
2026-09-25,2867,0,4322
2026-09-25,2868,1065,307261
2026-09-25,2869,8889,688323
2026-09-25,286A,162900,1221100
2026-09-25,2870,17568,216768
2026-09-25,2871,186100,110300
2026-09-25,2872,0,10200
2026-09-25,2874,353800,81400
2026-09-25,2875,17900,51800
2026-09-25,2876,0,155400
2026-09-25,2877,0,5500
2026-09-25,287A,0,2060900
2026-09-25,2882,30900,20500
2026-09-25,2883,0,6000
2026-09-25,2884,135700,1394600
2026-09-25,288A,0,1691900
2026-09-25,2892,0,115100
2026-09-25,2894,0,12200
2026-09-25,2897,541900,384200
2026-09-25,2901,0,733900
2026-09-25,2903,0,9500
2026-09-25,2904,1500,8200
2026-09-25,2907,800,21200
2026-09-25,2908,108100,52200
2026-09-25,290A,0,2570700
2026-09-25,2910,208100,47700
2026-09-25,2911,0,1600
2026-09-25,2914,193500,2035000
2026-09-25,2915,2900,13000
2026-09-25,2916,0,16500
2026-09-25,2917,0,7600
2026-09-25,2918,9500,156300
2026-09-25,291A,0,115300
2026-09-25,2922,13300,5000
2026-09-25,2923,0,14300
2026-09-25,2924,100,255000
2026-09-25,2926,87500,625800
2026-09-25,2927,0,124000
2026-09-25,2929,99400,614200
2026-09-25,2930,1261300,2771600
2026-09-25,2931,2605900,3347400
2026-09-25,2932,0,74700
2026-09-25,2933,719300,65200
2026-09-25,2934,0,113500
2026-09-25,2935,4900,43600
2026-09-25,2936,728800,18425100
2026-09-25,2937,3100,19600
2026-09-25,2938,100200,154300
2026-09-25,294A,0,100
2026-09-25,295A,0,107
2026-09-25,2961,0,5400
2026-09-25,2962,100,409900
2026-09-25,296A,37400,137700
2026-09-25,2970,0,1777200
2026-09-25,2971,225,3854
2026-09-25,2972,0,5979
2026-09-25,2975,29400,545100
2026-09-25,2978,0,279200
2026-09-25,2979,1,2791
2026-09-25,297A,0,320400
2026-09-25,2980,20600,1577100
2026-09-25,2981,0,86500
2026-09-25,2982,53100,2623500
2026-09-25,2983,0,403800
2026-09-25,2984,1300,225000
2026-09-25,2986,30800,2578100
2026-09-25,2989,0,8892
2026-09-25,298A,0,350300
2026-09-25,2991,0,633400
2026-09-25,2993,0,82300
2026-09-25,2997,0,10800
2026-09-25,2998,0,749300
2026-09-25,2999,0,538000
2026-09-25,299A,117400,2949700
2026-09-25,3001,6400,25600
2026-09-25,3002,165200,136600
2026-09-25,3003,44900,851800
2026-09-25,3004,0,112600
2026-09-25,300A,0,69300
2026-09-25,3010,0,709100
2026-09-25,3011,0,102800
2026-09-25,3020,0,115200
2026-09-25,3021,0,177000
2026-09-25,3023,4800,48800
2026-09-25,3024,0,9400
2026-09-25,3028,22500,32500
2026-09-25,302A,0,146400
2026-09-25,3030,0,151700
2026-09-25,3031,461100,538400
2026-09-25,3034,19000,80800
2026-09-25,3035,17500,55800
2026-09-25,3036,43600,320800
2026-09-25,3038,204900,1350300
2026-09-25,303A,0,84400
2026-09-25,3040,400,311200
2026-09-25,3041,23400,34200
2026-09-25,3042,71000,342400
2026-09-25,3045,0,9400
2026-09-25,3046,13000,286200
2026-09-25,3048,129100,92700
2026-09-25,304A,0,38400
2026-09-25,3050,69000,64900
2026-09-25,3053,646600,1279300
2026-09-25,3054,0,138900
2026-09-25,3058,2200,4300
2026-09-25,3059,2100,20900
2026-09-25,3063,129400,28700
2026-09-25,3064,84500,761300
2026-09-25,3065,0,7800
2026-09-25,3067,99400,81300
2026-09-25,3068,0,19500
2026-09-25,3069,28300,1193200
2026-09-25,3070,0,6297600
2026-09-25,3071,0,225200
2026-09-25,3075,0,32500
2026-09-25,3076,5900,111200
2026-09-25,3077,0,552800
2026-09-25,3080,0,38700
2026-09-25,3082,9500,53000
2026-09-25,3083,0,3031300
2026-09-25,3086,179400,210000
2026-09-25,3087,13500,35300
2026-09-25,3088,2179800,216700
2026-09-25,3089,100,112200
2026-09-25,3091,35700,42600
2026-09-25,3092,262100,539300
2026-09-25,3093,13900,548800
2026-09-25,3096,0,3400
2026-09-25,3097,42500,205900
2026-09-25,3099,423300,731000
2026-09-25,3101,45700,613000
2026-09-25,3103,3033500,7465900
2026-09-25,3104,4400,120500
2026-09-25,3105,95000,280300
2026-09-25,3106,7400,18700
2026-09-25,3107,11500,53700
2026-09-25,3109,2000,150100
2026-09-25,3110,1395900,5897200
2026-09-25,3111,0,206800
2026-09-25,3113,0,2879400
2026-09-25,3116,66700,232100
2026-09-25,3121,65300,1108200
2026-09-25,3123,0,67000
2026-09-25,3131,0,111700
2026-09-25,3132,39700,363700
2026-09-25,3133,0,1444600
2026-09-25,3134,231200,339700
2026-09-25,3135,0,133700
2026-09-25,3137,230000,289200
2026-09-25,3138,0,36200
2026-09-25,3139,3200,61200
2026-09-25,313A,8320,209570
2026-09-25,3140,28800,18300
2026-09-25,3143,0,58500
2026-09-25,3148,12000,22500
2026-09-25,314A,105310,8919420
2026-09-25,3150,5200,105300
2026-09-25,3151,1700,47600
2026-09-25,3153,784900,64300
2026-09-25,3154,59600,46900
2026-09-25,3156,34000,95200
2026-09-25,3157,0,93900
2026-09-25,3159,104700,204100
2026-09-25,315A,2333,172387
2026-09-25,3160,27800,78600
2026-09-25,3161,0,333400
2026-09-25,3166,2500,60700
2026-09-25,3167,2665700,64500
2026-09-25,3168,170800,380500
2026-09-25,3169,200,60000
2026-09-25,316A,28997,857065
2026-09-25,3172,1600,23400
2026-09-25,3173,0,73900
2026-09-25,3174,0,120700
2026-09-25,3175,0,61500
2026-09-25,3176,3002800,569700
2026-09-25,3177,0,61900
2026-09-25,3178,154100,52300
2026-09-25,3179,9600,255200
2026-09-25,3180,23600,310900
2026-09-25,3181,0,295800
2026-09-25,3182,36600,221000
2026-09-25,3183,4500,15100
2026-09-25,3184,0,136900
2026-09-25,3185,0,1229500
2026-09-25,3186,171900,641000
2026-09-25,3187,150600,639900
2026-09-25,3189,0,1487400
2026-09-25,318A,0,3886860
2026-09-25,3190,0,6500
2026-09-25,3191,129400,42200
2026-09-25,3192,0,1232300
2026-09-25,3193,70700,250200
2026-09-25,3195,117300,622900
2026-09-25,3196,124700,141400
2026-09-25,3197,304300,295900
2026-09-25,3199,111900,22500
2026-09-25,319A,0,331400
2026-09-25,3201,54200,24600
2026-09-25,3202,0,671100
2026-09-25,3204,0,235900
2026-09-25,3205,19200,481000
2026-09-25,3221,352500,26600
2026-09-25,3222,70300,150200
2026-09-25,3223,0,156400
2026-09-25,3224,0,25700
2026-09-25,3226,11,698
2026-09-25,3231,126800,3301600
2026-09-25,3232,2515800,135300
2026-09-25,3234,91,2151
2026-09-25,3236,0,2577600
2026-09-25,3237,0,5658800
2026-09-25,3238,0,451800
2026-09-25,323A,0,222800
2026-09-25,3241,200,75800
2026-09-25,3242,68100,222600
2026-09-25,3245,199300,1507700
2026-09-25,3246,0,125500
2026-09-25,3248,0,205500
2026-09-25,3249,92,13576
2026-09-25,324A,0,229700
2026-09-25,3252,24700,325200
2026-09-25,325A,330700,1161300
2026-09-25,3261,0,123800
2026-09-25,3266,0,1242200
2026-09-25,3267,0,336900
2026-09-25,3269,123,2248
2026-09-25,3276,3100,14600
2026-09-25,3277,1800,383800
2026-09-25,3279,4,1052
2026-09-25,3280,1000,318100
2026-09-25,3281,325,2961
2026-09-25,3282,174,1732
2026-09-25,3283,277,2225
2026-09-25,3284,95600,1315500
2026-09-25,3286,0,21600
2026-09-25,3287,4,1567
2026-09-25,3288,39400,242500
2026-09-25,3289,164500,732200
2026-09-25,328A,0,37
2026-09-25,3290,3,5294
2026-09-25,3291,32400,156400
2026-09-25,3292,14,6118
2026-09-25,3293,0,173100
2026-09-25,3295,0,1485
2026-09-25,3296,18,2494
2026-09-25,3297,0,37000
2026-09-25,3299,167200,447300
2026-09-25,3300,0,581400
2026-09-25,3302,4500,52800
2026-09-25,3306,0,976200
2026-09-25,3309,71,15942
2026-09-25,330A,0,272100
2026-09-25,3315,389200,6736800
2026-09-25,3317,0,35900
2026-09-25,331A,0,172100
2026-09-25,3320,1900,65600
2026-09-25,3321,13900,255900
2026-09-25,3323,0,5277500
2026-09-25,3326,0,43800
2026-09-25,3329,14800,33400
2026-09-25,332A,36400,363800
2026-09-25,3333,41400,114500
2026-09-25,3349,24800,206000
2026-09-25,334A,100,140500
2026-09-25,3350,1035000,41602600
2026-09-25,3352,0,22800
2026-09-25,3353,0,30700
2026-09-25,3355,0,154200
2026-09-25,3358,0,1564700
2026-09-25,3359,305800,550700
2026-09-25,335A,80900,340500
2026-09-25,3360,8100,18600
2026-09-25,3361,11900,21900
2026-09-25,336A,0,1858500
2026-09-25,3370,0,206000
2026-09-25,3371,271400,14900
2026-09-25,3372,0,36200
2026-09-25,3374,2900,122600
2026-09-25,3375,0,26200
2026-09-25,3377,0,267600
2026-09-25,3382,771300,3944600
2026-09-25,3386,900,104500
2026-09-25,3387,2167000,383900
2026-09-25,3388,5300,109800
2026-09-25,338A,300,466000
2026-09-25,3391,38500,267500
2026-09-25,3392,0,154000
2026-09-25,3393,14600,97800
2026-09-25,3395,68300,58000
2026-09-25,3396,0,25200
2026-09-25,3397,1402000,116800
2026-09-25,3399,38800,220400
2026-09-25,339A,0,291100
2026-09-25,3401,65600,207200
2026-09-25,3402,442900,1553000
2026-09-25,3405,93500,256900
2026-09-25,3407,152900,1169800
2026-09-25,3409,0,1753100
2026-09-25,340A,0,380400
2026-09-25,3415,86400,2185700
2026-09-25,3416,0,79200
2026-09-25,3417,0,941900
2026-09-25,3418,0,63500
2026-09-25,341A,0,383900
2026-09-25,3420,0,64500
2026-09-25,3421,5200,26100
2026-09-25,3422,4200,328200
2026-09-25,3423,3100,223400
2026-09-25,3426,0,19400
2026-09-25,3431,70500,215300
2026-09-25,3433,13000,621000
2026-09-25,3434,0,47600
2026-09-25,3435,0,18700
2026-09-25,3436,627400,3838500
2026-09-25,3437,0,4100
2026-09-25,3439,0,30200
2026-09-25,343A,0,61300
2026-09-25,3440,0,171900
2026-09-25,3441,0,376100
2026-09-25,3443,10000,1219800
2026-09-25,3444,254500,676100
2026-09-25,3445,8800,412800
2026-09-25,3446,66200,144700
2026-09-25,3447,0,97600
2026-09-25,3449,14700,291000
2026-09-25,3451,0,1484
2026-09-25,3452,8000,500300
2026-09-25,3454,300,509700
2026-09-25,3455,203,15440
2026-09-25,3457,243400,759400
2026-09-25,3459,81,4297
2026-09-25,345A,0,473
2026-09-25,3461,0,17500
2026-09-25,3462,86,2386
2026-09-25,3463,4,4251
2026-09-25,3465,126200,328600
2026-09-25,3466,43,1037
2026-09-25,3467,0,56500
2026-09-25,3468,151,7695
2026-09-25,3469,0,236100
2026-09-25,346A,3396,39451
2026-09-25,3470,0,3707
2026-09-25,3471,22,5442
2026-09-25,3472,0,9472
2026-09-25,3474,0,90400
2026-09-25,3475,388800,564100
2026-09-25,3476,30,11061
2026-09-25,3477,0,42800
2026-09-25,3479,135100,285500
2026-09-25,3481,84,3040
2026-09-25,3482,10700,572100
2026-09-25,3484,13400,37500
2026-09-25,3486,12500,326000
2026-09-25,3487,19,1582
2026-09-25,3488,1,7211
2026-09-25,3489,4200,489800
2026-09-25,348A,1510,128700
2026-09-25,3490,0,18100
2026-09-25,3491,12600,1491300
2026-09-25,3492,79,25438
2026-09-25,3494,0,53800
2026-09-25,3495,0,108700
2026-09-25,3496,0,357300
2026-09-25,3498,169400,1124200
2026-09-25,349A,0,1550
2026-09-25,3501,600,53000
2026-09-25,350A,414200,2829400
2026-09-25,3512,0,1983100
2026-09-25,3513,0,442100
2026-09-25,3521,0,373800
2026-09-25,3524,0,92900
2026-09-25,3529,101800,546400
2026-09-25,352A,0,915300
2026-09-25,3536,0,473800
2026-09-25,3537,0,10900
2026-09-25,3538,1000,871500
2026-09-25,3539,30900,220800
2026-09-25,3542,26800,118600
2026-09-25,3543,18100,105500
2026-09-25,3544,900,14200
2026-09-25,3547,80800,199300
2026-09-25,3548,203500,236500
2026-09-25,3549,5000,29300
2026-09-25,354A,0,6397
2026-09-25,3550,0,223700
2026-09-25,3551,0,118400
2026-09-25,3553,39800,264500
2026-09-25,3556,300,842900
2026-09-25,3557,0,52100
2026-09-25,3558,0,2257000
2026-09-25,3559,32500,230700
2026-09-25,3560,800,18200
2026-09-25,3561,314100,123200
2026-09-25,3562,0,202400
2026-09-25,3563,483300,1481200
2026-09-25,3565,37900,1306700
2026-09-25,3566,0,225800
2026-09-25,3569,2000,115300
2026-09-25,356A,0,4117
2026-09-25,3571,1300,36100
2026-09-25,3577,0,5500
2026-09-25,3580,6300,110300
2026-09-25,3583,0,37400
2026-09-25,3591,43000,82500
2026-09-25,3597,100,9400
2026-09-25,3598,0,251900
2026-09-25,3600,0,2600
2026-09-25,3607,0,246200
2026-09-25,3608,25600,298300
2026-09-25,360A,0,0
2026-09-25,3611,300,605600
2026-09-25,3612,23400,178900
2026-09-25,3622,0,161300
2026-09-25,3623,0,284000
2026-09-25,3624,0,2911100
2026-09-25,3625,0,365700
2026-09-25,3626,19800,171000
2026-09-25,3627,18900,543200
2026-09-25,3628,0,412800
2026-09-25,3632,30400,3536100
2026-09-25,3633,0,119700
2026-09-25,3634,0,146600
2026-09-25,3635,38000,840900
2026-09-25,3636,1300,12600
2026-09-25,3639,17300,653700
2026-09-25,363A,0,774
2026-09-25,3640,300,58000
2026-09-25,3641,0,130300
2026-09-25,3645,3100,711300
2026-09-25,3646,0,51100
2026-09-25,3647,0,662500
2026-09-25,3648,7900,40900
2026-09-25,3649,40600,353500
2026-09-25,364A,0,7691
2026-09-25,3652,600,294100
2026-09-25,3653,130300,508500
2026-09-25,3656,5588700,18233000
2026-09-25,3657,39900,1040800
2026-09-25,3659,88200,800300
2026-09-25,365A,0,139200
2026-09-25,3660,592100,3582000
2026-09-25,3661,25000,1066400
2026-09-25,3662,462700,236900
2026-09-25,3663,124500,869800
2026-09-25,3664,390200,7865400
2026-09-25,3665,298300,1182000
2026-09-25,3667,658500,4992500
2026-09-25,3668,137600,649700
2026-09-25,366A,0,331200
2026-09-25,3670,0,4100
2026-09-25,3671,0,1290400
2026-09-25,3672,0,3981800
2026-09-25,3673,38100,2483900
2026-09-25,3674,86700,221400
2026-09-25,3675,6200,1694100
2026-09-25,3676,0,37000
2026-09-25,3678,400,117400
2026-09-25,3679,2635500,1065300
2026-09-25,367A,0,133600
2026-09-25,3680,7100,809800
2026-09-25,3682,2100,101700
2026-09-25,3683,300,138400
2026-09-25,3686,200,2783900
2026-09-25,3687,867900,2058000
2026-09-25,368A,0,428100
2026-09-25,3690,44700,67200
2026-09-25,3691,0,407500
2026-09-25,3692,206900,402500
2026-09-25,3694,334500,955600
2026-09-25,3695,0,97400
2026-09-25,3696,66500,569500
2026-09-25,3697,2825100,9391700
2026-09-25,3698,7600,180500
2026-09-25,369A,100,208400
2026-09-25,3708,24100,37900
2026-09-25,3710,16700,34400
2026-09-25,3712,14000,176600
2026-09-25,3719,0,3161000
2026-09-25,3723,0,223000
2026-09-25,3726,0,271900
2026-09-25,3727,0,1268100
2026-09-25,372A,0,79800
2026-09-25,3733,600,18200
2026-09-25,373A,0,262600
2026-09-25,3741,198100,326100
2026-09-25,3744,5500,293600
2026-09-25,3747,185400,659800
2026-09-25,3750,0,1517800
2026-09-25,3753,0,925400
2026-09-25,3758,5900,607500
2026-09-25,3760,0,470500
2026-09-25,3762,98400,894600
2026-09-25,3763,14200,105100
2026-09-25,3765,13700,225200
2026-09-25,3766,0,43600
2026-09-25,3768,400,47400
2026-09-25,3769,18400,112400
2026-09-25,376A,0,0
2026-09-25,3771,622000,162000
2026-09-25,3772,0,23600
2026-09-25,3773,12300,337900
2026-09-25,3774,65000,75100
2026-09-25,3776,0,2278200
2026-09-25,3777,0,23362100
2026-09-25,3778,581100,1255900
2026-09-25,3779,0,754700
2026-09-25,3787,0,1900
2026-09-25,3788,32200,137600
2026-09-25,378A,0,926900
2026-09-25,3791,200500,309700
2026-09-25,3793,129700,1440400
2026-09-25,3796,154400,164400
2026-09-25,3798,0,1174300
2026-09-25,3799,26200,53600
2026-09-25,379A,0,150
2026-09-25,3800,0,8600
2026-09-25,3802,0,17400
2026-09-25,3803,1200,175400
2026-09-25,3804,0,124800
2026-09-25,3807,329600,1482900
2026-09-25,380A,0,62030
2026-09-25,3810,0,13084500
2026-09-25,3815,0,27900
2026-09-25,3816,0,72500
2026-09-25,3817,1000,40800
2026-09-25,381A,0,0
2026-09-25,3823,0,13067500
2026-09-25,3825,0,4089000
2026-09-25,3826,1300,228600
2026-09-25,382A,0,1
2026-09-25,3834,9100,68700
2026-09-25,3835,75900,770100
2026-09-25,3836,52300,257600
2026-09-25,3837,14400,243900
2026-09-25,3839,25800,8200
2026-09-25,383A,0,1433
2026-09-25,3840,0,1384700
2026-09-25,3841,0,78600
2026-09-25,3842,0,70400
2026-09-25,3843,27900,620800
2026-09-25,3844,477900,479300
2026-09-25,3845,0,1954500
2026-09-25,3848,3500,24000
2026-09-25,3850,0,48200
2026-09-25,3851,68700,533400
2026-09-25,3853,438300,1677000
2026-09-25,3854,100,175600
2026-09-25,3856,0,0
2026-09-25,3858,0,749600
2026-09-25,3861,297600,2331800
2026-09-25,3863,88900,342900
2026-09-25,3864,91000,1726800
2026-09-25,3865,11600,64500
2026-09-25,386A,0,72500
2026-09-25,3877,1700,147200
2026-09-25,3878,1200,255600
2026-09-25,387A,0,59200
2026-09-25,3880,110200,139600
2026-09-25,3891,7700,156900
2026-09-25,3892,1200,15000
2026-09-25,3895,0,278500
2026-09-25,3896,0,135500
2026-09-25,3900,236700,2414600
2026-09-25,3901,4000,347600
2026-09-25,3903,1085000,4524000
2026-09-25,3904,0,308100
2026-09-25,3905,1910000,8907800
2026-09-25,3907,0,305700
2026-09-25,3908,0,115900
2026-09-25,3909,0,367400
2026-09-25,3910,0,196600
2026-09-25,3911,0,4149800
2026-09-25,3912,33100,59100
2026-09-25,3913,0,292900
2026-09-25,3914,100,193000
2026-09-25,3915,55300,514400
2026-09-25,3916,4300,166700
2026-09-25,3917,8800,267300
2026-09-25,3918,0,158500
2026-09-25,3920,11300,72000
2026-09-25,3921,1600,37300
2026-09-25,3922,18200,187600
2026-09-25,3923,184500,1348400
2026-09-25,3925,0,403200
2026-09-25,3926,0,315800
2026-09-25,3927,0,857700
2026-09-25,3928,31600,880100
2026-09-25,3929,0,818200
2026-09-25,392A,0,1427560
2026-09-25,3930,0,158300
2026-09-25,3931,0,15500
2026-09-25,3932,15400,138600
2026-09-25,3933,800,101600
2026-09-25,3934,0,42200
2026-09-25,3935,0,391200
2026-09-25,3936,0,4254200
2026-09-25,3937,2900,495900
2026-09-25,3939,75200,459500
2026-09-25,3940,21900,830000
2026-09-25,3941,22200,793500
2026-09-25,3943,0,19400
2026-09-25,3944,0,12200
2026-09-25,3945,0,47900
2026-09-25,3946,71500,92400
2026-09-25,3947,0,26700
2026-09-25,3948,0,10900
2026-09-25,394A,0,110
2026-09-25,3950,41600,14600
2026-09-25,3951,700,67900
2026-09-25,3953,0,40500
2026-09-25,3954,0,360000
2026-09-25,3955,2500,75200
2026-09-25,3958,0,118900
2026-09-25,395A,0,207040
2026-09-25,3962,56000,1211000
2026-09-25,3963,64100,515100
2026-09-25,3964,123900,436700
2026-09-25,3965,0,197600
2026-09-25,3967,0,179800
2026-09-25,3968,13100,768300
2026-09-25,3969,0,83200
2026-09-25,396A,0,10
2026-09-25,3970,0,112100
2026-09-25,3974,0,32100
2026-09-25,3976,0,246200
2026-09-25,3979,0,179200
2026-09-25,3981,0,491300
2026-09-25,3983,5900,87000
2026-09-25,3984,49600,295400
2026-09-25,3985,0,186600
2026-09-25,3986,0,96200
2026-09-25,3987,21400,59000
2026-09-25,3988,0,91500
2026-09-25,3989,0,428000
2026-09-25,3991,0,63300
2026-09-25,3992,261300,516100
2026-09-25,3993,229100,1632400
2026-09-25,3994,728900,155400
2026-09-25,3996,220100,559800
2026-09-25,3997,353300,1875000
2026-09-25,3998,8600,245900
2026-09-25,399A,0,64682
2026-09-25,4004,7300,765900
2026-09-25,4005,378200,10739200
2026-09-25,4008,26300,275900
2026-09-25,4011,100,222800
2026-09-25,4012,0,99700
2026-09-25,4013,6000,291400
2026-09-25,4014,0,439200
2026-09-25,4015,0,429200
2026-09-25,4016,0,110300
2026-09-25,4017,0,443900
2026-09-25,4019,1000,470400
2026-09-25,401A,0,4248
2026-09-25,4020,0,93400
2026-09-25,4021,35200,53800
2026-09-25,4022,169300,3072200
2026-09-25,4023,213900,498200
2026-09-25,4025,1400,17200
2026-09-25,4026,22000,402900
2026-09-25,4027,25000,2171100
2026-09-25,4028,2700,484100
2026-09-25,402A,0,7184900
2026-09-25,4031,5500,165500
2026-09-25,4040,0,70800
2026-09-25,4041,11200,51600
2026-09-25,4042,103700,1080100
2026-09-25,4043,25900,1429400
2026-09-25,4044,12400,50700
2026-09-25,4045,87100,212700
2026-09-25,4046,20800,134700
2026-09-25,4047,43400,1063900
2026-09-25,404A,0,44926
2026-09-25,4051,800,196400
2026-09-25,4052,200,623600
2026-09-25,4053,384500,979600
2026-09-25,4054,9200,138400
2026-09-25,4055,170300,403300
2026-09-25,4056,0,1191700
2026-09-25,4057,0,101100
2026-09-25,4058,8300,128400
2026-09-25,4059,100,83800
2026-09-25,4060,7100,588200
2026-09-25,4061,42200,418600
2026-09-25,4062,976100,1558500
2026-09-25,4063,195300,3934400
2026-09-25,4064,19000,120500
2026-09-25,4068,0,22000
2026-09-25,4069,0,190200
2026-09-25,4071,77800,229500
2026-09-25,4072,3000,131300
2026-09-25,4073,2300,148200
2026-09-25,4074,53500,54600
2026-09-25,4075,1300,337100
2026-09-25,4076,0,89800
2026-09-25,4078,16700,472000
2026-09-25,407A,0,238400
2026-09-25,4082,483700,965200
2026-09-25,4088,451200,676100
2026-09-25,408A,0,2312130
2026-09-25,4091,31100,157000
2026-09-25,4092,52800,222500
2026-09-25,4093,0,213600
2026-09-25,4094,0,643900
2026-09-25,4095,41300,963700
2026-09-25,4097,378200,45600
2026-09-25,4098,0,139200
2026-09-25,4099,59200,537200
2026-09-25,409A,231100,606400
2026-09-25,4100,55100,204500
2026-09-25,4102,0,4600
2026-09-25,4107,0,1282200
2026-09-25,4109,28700,198700
2026-09-25,410A,800,154900
2026-09-25,4112,10100,2568100
2026-09-25,4113,0,600500
2026-09-25,4114,54500,390800
2026-09-25,4116,2900,221400
2026-09-25,4118,7800,209500
2026-09-25,4119,0,59600
2026-09-25,4120,200,33800
2026-09-25,4124,0,1500
2026-09-25,4125,0,86000
2026-09-25,412A,0,145305
2026-09-25,413A,0,39593
2026-09-25,414A,3600,483000
2026-09-25,4151,21500,520400
2026-09-25,415A,0,33500
2026-09-25,4165,749900,2474700
2026-09-25,4166,0,118100
2026-09-25,4167,49900,346600
2026-09-25,4168,89200,1008700
2026-09-25,4169,685400,3931800
2026-09-25,416A,7900,139800
2026-09-25,4170,477000,1998000
2026-09-25,4172,0,20100
2026-09-25,4174,0,233800
2026-09-25,4175,0,142900
2026-09-25,4176,62200,1427800
2026-09-25,4177,0,45000
2026-09-25,4178,0,158800
2026-09-25,4179,0,764400
2026-09-25,417A,11200,85600
2026-09-25,4180,40200,1973000
2026-09-25,4182,6000,728600
2026-09-25,4183,42500,654300
2026-09-25,4186,31200,526700
2026-09-25,4187,5800,463800
2026-09-25,4188,115800,1469000
2026-09-25,4189,21900,324700
2026-09-25,4192,555100,911400
2026-09-25,4193,0,24400
2026-09-25,4194,17300,89400
2026-09-25,4196,0,105800
2026-09-25,4197,0,22000
2026-09-25,4198,0,128600
2026-09-25,4199,0,225200
2026-09-25,4202,83900,754900
2026-09-25,4203,21400,240100
2026-09-25,4204,261500,1247000
2026-09-25,4205,72100,400100
2026-09-25,4206,22700,43900
2026-09-25,4208,52800,837900
2026-09-25,4212,9200,22900
2026-09-25,4216,2600,204200
2026-09-25,4218,166300,6400
2026-09-25,421A,0,291700
2026-09-25,4220,271300,68200
2026-09-25,4221,17500,58900
2026-09-25,4222,0,2327000
2026-09-25,4224,0,140800
2026-09-25,4228,40800,572500
2026-09-25,4229,15500,745400
2026-09-25,4231,1000,99900
2026-09-25,4234,0,177100
2026-09-25,4235,0,445300
2026-09-25,4237,149700,372700
2026-09-25,4238,0,326300
2026-09-25,423A,0,274900
2026-09-25,4240,0,303100
2026-09-25,4241,0,257700
2026-09-25,4242,600,38500
2026-09-25,4243,0,58300
2026-09-25,4245,4200,172200
2026-09-25,4246,39200,867000
2026-09-25,4247,0,5200
2026-09-25,4248,700,199200
2026-09-25,4249,1900,46200
2026-09-25,424A,0,547630
2026-09-25,4251,48200,317800
2026-09-25,4255,0,183200
2026-09-25,4256,0,79200
2026-09-25,4258,89600,60400
2026-09-25,4259,7000,6291400
2026-09-25,425A,0,1450750
2026-09-25,4260,0,231200
2026-09-25,4261,0,52200
2026-09-25,4262,1500,38300
2026-09-25,4263,265800,1527100
2026-09-25,4264,0,118900
2026-09-25,4265,0,574700
2026-09-25,426A,0,3821
2026-09-25,4270,0,119600
2026-09-25,4272,25900,133000
2026-09-25,4274,0,221000
2026-09-25,4275,82100,522100
2026-09-25,4284,0,260300
2026-09-25,4286,17300,142600
2026-09-25,4287,0,497700
2026-09-25,4288,76500,288200
2026-09-25,428A,0,324200
2026-09-25,4290,2784800,429900
2026-09-25,4293,32400,1696700
2026-09-25,4299,0,22400
2026-09-25,429A,17000,1236900
2026-09-25,4301,2300,373600
2026-09-25,4307,37200,674700
2026-09-25,4308,0,511000
2026-09-25,4310,5200,172100
2026-09-25,4316,0,7200
2026-09-25,4317,0,492500
2026-09-25,4318,35600,94300
2026-09-25,431A,0,317300
2026-09-25,4320,0,225200
2026-09-25,4323,55600,64100
2026-09-25,4324,581700,212900
2026-09-25,4326,27500,20400
2026-09-25,4331,30900,1047800
2026-09-25,4334,0,134400
2026-09-25,4335,0,32700
2026-09-25,4337,43800,108800
2026-09-25,4341,0,37000
2026-09-25,4343,24700,107600
2026-09-25,4344,1872300,6964000
2026-09-25,4345,59100,144100
2026-09-25,4346,11500,922500
2026-09-25,4347,0,283200
2026-09-25,4350,0,196400
2026-09-25,4351,0,72200
2026-09-25,4356,0,43700
2026-09-25,435A,252,263269
2026-09-25,4360,0,126000
2026-09-25,4361,0,84300
2026-09-25,4362,1000,20500
2026-09-25,4365,0,8500
2026-09-25,4366,0,786200
2026-09-25,4368,15800,1197200
2026-09-25,4369,5000,1294700
2026-09-25,436A,0,154200
2026-09-25,4370,0,302700
2026-09-25,4371,20200,94000
2026-09-25,4372,0,95900
2026-09-25,4373,13368200,457700
2026-09-25,4374,0,66200
2026-09-25,4375,332100,891900
2026-09-25,4376,0,1123000
2026-09-25,4377,21600,361800
2026-09-25,4378,0,127500
2026-09-25,4379,0,605500
2026-09-25,4380,0,196600
2026-09-25,4381,0,225300
2026-09-25,4382,225700,406400
2026-09-25,4385,133000,1529400
2026-09-25,4386,4400,90600
2026-09-25,4387,0,81900
2026-09-25,4388,4700,315400
2026-09-25,4389,0,75200
2026-09-25,438A,0,599400
2026-09-25,4390,21300,604200
2026-09-25,4391,0,157200
2026-09-25,4392,620600,3845300
2026-09-25,4393,44900,303500
2026-09-25,4394,0,137800
2026-09-25,4395,0,604700
2026-09-25,4396,5800,157000
2026-09-25,4397,4600,421100
2026-09-25,4398,0,52800
2026-09-25,4401,14300,183100
2026-09-25,4403,13400,309000
2026-09-25,4404,0,999300
2026-09-25,4406,43200,1650100
2026-09-25,4409,0,55600
2026-09-25,4410,3800,176700
2026-09-25,4412,0,361700
2026-09-25,4413,0,79000
2026-09-25,4414,0,143000
2026-09-25,4415,0,262600
2026-09-25,4416,0,184200
2026-09-25,4417,0,89900
2026-09-25,4418,166600,728200
2026-09-25,4419,0,2647300
2026-09-25,441A,11400,239600
2026-09-25,4420,4700,1188100
2026-09-25,4421,0,23600
2026-09-25,4422,0,432700
2026-09-25,4424,72900,313000
2026-09-25,4425,246400,633400
2026-09-25,4427,0,460300
2026-09-25,4428,0,145900
2026-09-25,4429,600,78200
2026-09-25,442A,0,93300
2026-09-25,4430,0,141700
2026-09-25,4431,68000,197700
2026-09-25,4432,17100,236700
2026-09-25,4433,12200,111800
2026-09-25,4434,18500,134400
2026-09-25,4436,51700,843900
2026-09-25,4437,0,357000
2026-09-25,4438,0,289400
2026-09-25,4439,300,135300
2026-09-25,443A,0,0
2026-09-25,4440,33600,258600
2026-09-25,4441,0,23200
2026-09-25,4442,396700,598900
2026-09-25,4443,141600,632400
2026-09-25,4444,0,16700
2026-09-25,4445,0,7000
2026-09-25,4446,254600,879800
2026-09-25,4447,30200,59900
2026-09-25,4448,91800,640900
2026-09-25,4450,0,76500
2026-09-25,4452,150900,328500
2026-09-25,4461,15700,622500
2026-09-25,4462,189900,61100
2026-09-25,4463,0,113300
2026-09-25,4464,0,3500
2026-09-25,4465,10600,41900
2026-09-25,446A,25200,1247300
2026-09-25,4471,6800,35500
2026-09-25,4475,298200,981800
2026-09-25,4476,0,300300
2026-09-25,4477,23700,23287600
2026-09-25,4478,251600,279800
2026-09-25,4479,0,570000
2026-09-25,447A,0,448990
2026-09-25,4480,138500,395100
2026-09-25,4481,35500,180300
2026-09-25,4482,4600,90600
2026-09-25,4483,69800,173600
2026-09-25,4484,0,319500
2026-09-25,4486,1600,119700
2026-09-25,4487,0,322000
2026-09-25,4488,0,161300
2026-09-25,448A,0,97300
2026-09-25,4490,0,358100
2026-09-25,4491,0,4300
2026-09-25,4492,0,589800
2026-09-25,4493,127400,455500
2026-09-25,4495,1000,92300
2026-09-25,4496,0,34400
2026-09-25,4498,15300,356100
2026-09-25,4499,179100,783400
2026-09-25,449A,0,95290
2026-09-25,4502,671300,521000
2026-09-25,4503,432500,735300
2026-09-25,4506,229000,5804200
2026-09-25,4507,100800,599400
2026-09-25,450A,0,1030
2026-09-25,4512,127400,568400
2026-09-25,4516,51300,184900
2026-09-25,4519,48300,1558500
2026-09-25,451A,0,9270
2026-09-25,4521,10800,117900
2026-09-25,4523,71300,885400
2026-09-25,4524,0,7000
2026-09-25,4526,311900,23600
2026-09-25,4527,28400,199400
2026-09-25,4528,41700,371200
2026-09-25,452A,0,2507450
2026-09-25,4531,6900,569800
2026-09-25,4534,900,39600
2026-09-25,4536,22300,133400
2026-09-25,4538,4100,34300
2026-09-25,4539,0,182900
2026-09-25,453A,0,334850
2026-09-25,4540,37600,258100
2026-09-25,4543,125300,692100
2026-09-25,4544,10200,37400
2026-09-25,4547,22400,16500
2026-09-25,4548,138700,892300
2026-09-25,4549,19400,303000
2026-09-25,4552,751300,2110000
2026-09-25,4553,33100,160100
2026-09-25,4554,11000,279900
2026-09-25,4558,0,461400
2026-09-25,4559,308000,135700
2026-09-25,4563,0,18548600
2026-09-25,4564,2131300,16682700
2026-09-25,4565,78300,8500800
2026-09-25,4568,155900,3740700
2026-09-25,4569,20500,183300
2026-09-25,456A,328400,1122300
2026-09-25,4570,0,549200
2026-09-25,4571,0,6499600
2026-09-25,4572,0,2197500
2026-09-25,4574,607700,674400
2026-09-25,4575,0,1073800
2026-09-25,4576,0,4445000
2026-09-25,4577,6100,49100
2026-09-25,4578,15500,101600
2026-09-25,4579,200,1722900
2026-09-25,4582,0,4967200
2026-09-25,4583,0,6576800
2026-09-25,4584,0,3103700
2026-09-25,4586,0,8374900
2026-09-25,4587,88800,2420500
2026-09-25,4588,3900,3184600
2026-09-25,4591,0,8402200
2026-09-25,4592,0,5091300
2026-09-25,4593,2110900,9323700
2026-09-25,4594,0,13920900
2026-09-25,4595,0,623300
2026-09-25,4596,0,4250000
2026-09-25,4597,3410600,17659600
2026-09-25,4598,0,3776300
2026-09-25,4599,4700,4156400
2026-09-25,459A,0,162
2026-09-25,460A,0,217900
2026-09-25,4611,26200,104800
2026-09-25,4612,66800,259200
2026-09-25,4613,107700,125700
2026-09-25,4615,0,853000
2026-09-25,4616,0,61000
2026-09-25,4617,5100,222800
2026-09-25,4619,1800,205800
2026-09-25,461A,0,323
2026-09-25,4620,21600,4062600
2026-09-25,4623,0,73700
2026-09-25,4624,0,101900
2026-09-25,4625,0,60800
2026-09-25,4626,7400,80600
2026-09-25,4627,0,66000
2026-09-25,4628,0,26000
2026-09-25,4629,0,77400
2026-09-25,462A,0,1305900
2026-09-25,4631,5200,543000
2026-09-25,4633,23400,81200
2026-09-25,4634,6000,30600
2026-09-25,4635,0,92300
2026-09-25,463A,10600,338300
2026-09-25,4641,5400,96800
2026-09-25,4642,0,34500
2026-09-25,4644,2200,772100
2026-09-25,4645,0,10000
2026-09-25,464A,106600,3542100
2026-09-25,4650,0,112700
2026-09-25,4651,117700,3911700
2026-09-25,4657,0,255200
2026-09-25,4658,719100,55500
2026-09-25,465A,0,9925
2026-09-25,4661,5448700,2695400
2026-09-25,4662,0,102600
2026-09-25,4664,0,310400
2026-09-25,4665,230100,26100
2026-09-25,4666,85900,713000
2026-09-25,4667,0,359300
2026-09-25,4668,97000,36200
2026-09-25,466A,0,204318
2026-09-25,4671,2600,30500
2026-09-25,4673,0,63400
2026-09-25,4674,13600,49600
2026-09-25,4676,131300,228000
2026-09-25,4678,1100,32700
2026-09-25,4679,2000,76400
2026-09-25,467A,0,300
2026-09-25,4680,567800,1648400
2026-09-25,4681,60300,99000
2026-09-25,4684,33400,185700
2026-09-25,4685,0,88900
2026-09-25,4686,19200,250900
2026-09-25,4687,8900,101100
2026-09-25,4689,817300,6444200
2026-09-25,468A,0,0
2026-09-25,4691,0,643200
2026-09-25,4694,20100,7800
2026-09-25,469A,0,104200
2026-09-25,4704,59300,462700
2026-09-25,4705,0,15600
2026-09-25,4707,0,113700
2026-09-25,4709,4700,187400
2026-09-25,4712,0,183400
2026-09-25,4714,107900,1274600
2026-09-25,4716,22000,199400
2026-09-25,4718,510200,46800
2026-09-25,4719,5100,34300
2026-09-25,471A,1000,576700
2026-09-25,4720,0,32200
2026-09-25,4722,4700,117300
2026-09-25,4725,2000,191000
2026-09-25,4728,0,128300
2026-09-25,472A,0,2037300
2026-09-25,4732,1583200,138900
2026-09-25,4733,7700,18700
2026-09-25,4735,0,74200
2026-09-25,4736,0,180200
2026-09-25,473A,0,2508
2026-09-25,4743,4900,174500
2026-09-25,4746,32700,63000
2026-09-25,4750,1300,43500
2026-09-25,4751,1566300,5463900
2026-09-25,4752,0,31600
2026-09-25,4754,0,6100
2026-09-25,4755,1290700,37340300
2026-09-25,475A,0,168700
2026-09-25,4760,0,25800
2026-09-25,4761,0,54400
2026-09-25,4762,0,6600
2026-09-25,4763,3100,105800
2026-09-25,4765,23100,448300
2026-09-25,4766,0,119400
2026-09-25,4767,6500,244300
2026-09-25,4768,34700,32700
2026-09-25,4769,100,1200
2026-09-25,476A,0,76700
2026-09-25,4771,400,104700
2026-09-25,4772,0,2432600
2026-09-25,4776,282900,726400
2026-09-25,4777,0,769300
2026-09-25,477A,0,649200
2026-09-25,4783,3000,51800
2026-09-25,4784,0,5125200
2026-09-25,478A,0,634000
2026-09-25,4792,3900,82200
2026-09-25,479A,0,595400
2026-09-25,4800,0,0
2026-09-25,4801,385000,21600
2026-09-25,4809,0,56900
2026-09-25,480A,0,397300
2026-09-25,4811,0,107700
2026-09-25,4812,236200,218000
2026-09-25,4813,618000,3095100
2026-09-25,4814,0,812100
2026-09-25,4816,11700,133400
2026-09-25,4819,32200,456000
2026-09-25,4820,34900,257500
2026-09-25,4825,61500,378200
2026-09-25,4826,21300,400500
2026-09-25,4828,24500,408100
2026-09-25,4829,232100,840100
2026-09-25,4832,0,62200
2026-09-25,4833,100,8567400
2026-09-25,4838,0,490000
2026-09-25,4839,138400,464100
2026-09-25,483A,0,49000
2026-09-25,4840,300,335700
2026-09-25,4845,5100,474800
2026-09-25,4847,101100,341700
2026-09-25,4848,17700,183400
2026-09-25,4849,70100,80600
2026-09-25,485A,6800,6941800
2026-09-25,486A,0,6330
2026-09-25,487A,0,4685
2026-09-25,4880,172100,506300
2026-09-25,4881,0,3499700
2026-09-25,4882,0,1670600
2026-09-25,4883,0,10886200
2026-09-25,4884,0,1034500
2026-09-25,4885,800,183100
2026-09-25,4886,700,93300
2026-09-25,4887,89700,398100
2026-09-25,4888,0,2108000
2026-09-25,4889,0,1347100
2026-09-25,488A,0,28810
2026-09-25,4890,0,655500
2026-09-25,4891,0,4013600
2026-09-25,4892,0,815200
2026-09-25,4893,381600,1022300
2026-09-25,4894,0,525700
2026-09-25,4896,0,253600
2026-09-25,489A,0,38
2026-09-25,4901,44300,2314000
2026-09-25,4902,395300,1071700
2026-09-25,4911,343300,619000
2026-09-25,4912,29900,86800
2026-09-25,4914,47200,168900
2026-09-25,4918,0,172700
2026-09-25,4919,7700,54500
2026-09-25,491A,0,400
2026-09-25,4920,0,47500
2026-09-25,4922,279200,174600
2026-09-25,4923,54700,6400
2026-09-25,4925,0,22700
2026-09-25,4926,100,9000
2026-09-25,4927,522600,190000
2026-09-25,4928,32800,57000
2026-09-25,4929,2600,16000
2026-09-25,492A,0,130
2026-09-25,4931,494000,41200
2026-09-25,4932,0,183000
2026-09-25,4933,80500,103500
2026-09-25,4934,5000,256700
2026-09-25,4935,16500,4263100
2026-09-25,4936,103000,317000
2026-09-25,4937,0,172100
2026-09-25,493A,0,0
2026-09-25,494A,0,0
2026-09-25,4951,124600,17100
2026-09-25,4956,27400,16500
2026-09-25,4958,394200,21700
2026-09-25,495A,0,0
2026-09-25,4960,100,597600
2026-09-25,4966,0,19700
2026-09-25,4967,81200,145400
2026-09-25,4968,11000,417800
2026-09-25,496A,0,107220
2026-09-25,4970,800,347000
2026-09-25,4971,11900,526300
2026-09-25,4972,0,173100
2026-09-25,4973,0,160600
2026-09-25,4975,12600,158700
2026-09-25,4976,0,12600
2026-09-25,4977,1700,239700
2026-09-25,4978,0,3998400
2026-09-25,4979,1100,45600
2026-09-25,497A,0,292
2026-09-25,4980,50000,1848100
2026-09-25,4985,7600,35900
2026-09-25,498A,0,173
2026-09-25,4990,0,24100
2026-09-25,4992,8100,127400
2026-09-25,4994,9300,12500
2026-09-25,4996,144600,893100
2026-09-25,4997,1465900,171000
2026-09-25,4998,26100,103600
2026-09-25,499A,0,1340
2026-09-25,500A,0,63100
2026-09-25,5010,0,1416800
2026-09-25,5011,18600,53500
2026-09-25,5013,13500,59300
2026-09-25,5015,0,48200
2026-09-25,5016,615700,24008300
2026-09-25,5018,7800,100700
2026-09-25,5019,219300,801600
2026-09-25,5020,247100,1965100
2026-09-25,5021,43800,133400
2026-09-25,5025,0,22000
2026-09-25,5026,0,165300
2026-09-25,5027,32300,1386500
2026-09-25,5028,0,365600
2026-09-25,5029,0,168700
2026-09-25,502A,0,210
2026-09-25,5031,0,1041900
2026-09-25,5032,54700,953200
2026-09-25,5033,67900,292500
2026-09-25,5034,0,154100
2026-09-25,5035,0,204300
2026-09-25,5036,480600,141200
2026-09-25,5038,0,166100
2026-09-25,504A,0,210200
2026-09-25,505A,0,109500
2026-09-25,5071,73500,293700
2026-09-25,5074,592400,3376200
2026-09-25,5076,591200,2822100
2026-09-25,5078,0,4600
2026-09-25,5079,0,86500
2026-09-25,509A,0,1513
2026-09-25,5101,33500,579600
2026-09-25,5105,22600,400500
2026-09-25,5108,485000,642600
2026-09-25,5110,23200,1472700
2026-09-25,5121,17000,78400
2026-09-25,5122,5400,6700
2026-09-25,5125,0,90800
2026-09-25,5126,0,13900
2026-09-25,5129,602700,826000
2026-09-25,512A,0,2201
2026-09-25,5131,1015900,1797700
2026-09-25,5132,112400,510200
2026-09-25,5133,0,776000
2026-09-25,5134,0,32200
2026-09-25,5136,0,434700
2026-09-25,5137,760100,1668200
2026-09-25,5138,0,108600
2026-09-25,5139,100,68400
2026-09-25,513A,7322,748596
2026-09-25,5142,42900,466100
2026-09-25,515A,0,1430
2026-09-25,5161,0,165600
2026-09-25,5162,145000,205100
2026-09-25,516A,0,982
2026-09-25,517A,0,156
2026-09-25,5184,2400,75100
2026-09-25,5185,14700,119600
2026-09-25,5186,13500,328700
2026-09-25,5187,0,68000
2026-09-25,5189,0,44100
2026-09-25,518A,0,1006
2026-09-25,5192,48700,34000
2026-09-25,5194,0,304100
2026-09-25,5195,16900,18800
2026-09-25,5199,0,24900
2026-09-25,519A,0,85200
2026-09-25,5201,16100,931100
2026-09-25,5202,0,0
2026-09-25,5204,400,69500
2026-09-25,5208,57000,466600
2026-09-25,520A,0,1440400
2026-09-25,5210,33500,211500
2026-09-25,5214,28600,290500
2026-09-25,5216,0,1441200
2026-09-25,5218,22100,173700
2026-09-25,521A,2120,1564716
2026-09-25,5232,25100,175500
2026-09-25,5233,37000,478100
2026-09-25,5237,400,265700
2026-09-25,523A,134600,413500
2026-09-25,5240,187500,1189600
2026-09-25,5242,0,221800
2026-09-25,5243,0,988800
2026-09-25,5244,2300,2086600
2026-09-25,5246,253600,2433900
2026-09-25,5247,0,130700
2026-09-25,5248,0,2282000
2026-09-25,5250,0,59500
2026-09-25,5252,0,426400
2026-09-25,5253,1025700,3883200
2026-09-25,5254,100,93200
2026-09-25,5255,0,3926200
2026-09-25,5256,100,58100
2026-09-25,5257,0,61200
2026-09-25,5258,72500,2574300
2026-09-25,5261,2700,18700
2026-09-25,5262,758700,1140600
2026-09-25,5268,0,487100
2026-09-25,5269,44000,424500
2026-09-25,526A,0,1017
2026-09-25,5271,0,12200
2026-09-25,5273,2100,8500
2026-09-25,5279,0,33100
2026-09-25,5280,0,401500
2026-09-25,5282,0,1213500
2026-09-25,5283,0,92200
2026-09-25,5284,0,100600
2026-09-25,5285,1500,332900
2026-09-25,5287,0,163900
2026-09-25,5288,400,1031000
2026-09-25,5290,89100,185900
2026-09-25,5301,257300,595100
2026-09-25,5302,3800,39700
2026-09-25,5304,5600,205500
2026-09-25,530A,0,1002
2026-09-25,5310,44500,95500
2026-09-25,531A,0,0
2026-09-25,532A,0,428
2026-09-25,5331,20500,130500
2026-09-25,5332,65700,734300
2026-09-25,5333,26400,429400
2026-09-25,5334,49200,688100
2026-09-25,5337,0,26000
2026-09-25,533A,0,331
2026-09-25,5341,0,750000
2026-09-25,5344,3100,58400
2026-09-25,534A,0,548
2026-09-25,5351,2100,131600
2026-09-25,5355,0,454400
2026-09-25,5356,900,66500
2026-09-25,5357,4300,98700
2026-09-25,535A,0,0
2026-09-25,5363,6400,812600
2026-09-25,5367,286200,640100
2026-09-25,5368,0,80100
2026-09-25,536A,0,0
2026-09-25,537A,0,461
2026-09-25,5380,0,31300
2026-09-25,5381,89200,613900
2026-09-25,5384,11500,163300
2026-09-25,5388,1100,53700
2026-09-25,538A,0,1
2026-09-25,5391,1700,236900
2026-09-25,5393,17900,103600
2026-09-25,539A,0,200
2026-09-25,5401,10815200,34958800
2026-09-25,5406,250100,1637400
2026-09-25,5408,24500,853300
2026-09-25,540A,0,126824
2026-09-25,5410,54300,280000
2026-09-25,5411,1169400,4693400
2026-09-25,541A,0,940
2026-09-25,5423,79800,137600
2026-09-25,542A,0,67900
2026-09-25,543A,573500,21764400
2026-09-25,5440,41300,136400
2026-09-25,5444,8100,35100
2026-09-25,5445,6800,154900
2026-09-25,5446,0,44900
2026-09-25,5449,169500,1741100
2026-09-25,544A,188700,1167100
2026-09-25,5451,169700,124000
2026-09-25,5458,0,76600
2026-09-25,545A,24300,28800
2026-09-25,5461,55600,169500
2026-09-25,5463,142800,118200
2026-09-25,5464,7800,155600
2026-09-25,546A,8800,613300
2026-09-25,5471,41700,509800
2026-09-25,547A,74300,16463400
2026-09-25,5480,23000,123400
2026-09-25,5482,18000,118900
2026-09-25,5484,0,700
2026-09-25,548A,0,126000
2026-09-25,5491,2600,897800
2026-09-25,549A,0,269800
2026-09-25,550A,0,52100
2026-09-25,5527,0,186700
2026-09-25,552A,0,14961
2026-09-25,5532,0,370100
2026-09-25,5533,0,5800
2026-09-25,5535,0,2517400
2026-09-25,5537,400,249200
2026-09-25,5541,164000,758300
2026-09-25,5542,0,235400
2026-09-25,554A,0,92700
2026-09-25,5563,47200,1478700
2026-09-25,556A,400,229700
2026-09-25,5570,0,182500
2026-09-25,5571,0,274600
2026-09-25,5572,0,194700
2026-09-25,5574,9800,535800
2026-09-25,5575,0,54800
2026-09-25,5576,0,24800
2026-09-25,5578,0,255000
2026-09-25,5580,0,9300
2026-09-25,5582,0,107200
2026-09-25,5586,0,381300
2026-09-25,5587,0,286100
2026-09-25,5588,0,174600
2026-09-25,5589,700,6700
2026-09-25,558A,0,110000
2026-09-25,5590,147200,1608300
2026-09-25,5591,0,200400
2026-09-25,5592,0,509500
2026-09-25,5597,0,233800
2026-09-25,5599,0,112400
2026-09-25,559A,0,90100
2026-09-25,5602,36500,345900
2026-09-25,5603,1900,194000
2026-09-25,5609,0,196900
2026-09-25,5612,0,91800
2026-09-25,5616,0,58100
2026-09-25,5618,0,51100
2026-09-25,5619,0,29100
2026-09-25,5621,0,135100
2026-09-25,5631,44400,1097900
2026-09-25,5632,15100,192200
2026-09-25,563A,7371,3813515
2026-09-25,5644,0,15700
2026-09-25,564A,0,579
2026-09-25,5658,2200,270800
2026-09-25,5659,54500,103100
2026-09-25,566A,0,144
2026-09-25,568A,0,106740
2026-09-25,5695,0,12600
2026-09-25,5697,0,86200
2026-09-25,5698,100,590800
2026-09-25,5699,0,210700
2026-09-25,569A,0,18810
2026-09-25,5702,24300,593300
2026-09-25,5703,8400,414100
2026-09-25,5704,0,369300
2026-09-25,5706,118000,1112500
2026-09-25,5707,384100,1546700
2026-09-25,570A,0,1180
2026-09-25,5711,37900,2198700
2026-09-25,5713,126700,1671100
2026-09-25,5714,6700,316800
2026-09-25,5715,17800,356500
2026-09-25,571A,0,560
2026-09-25,5721,0,3691300
2026-09-25,5724,0,180000
2026-09-25,5726,807700,1414400
2026-09-25,5729,100,96500
2026-09-25,572A,0,80
2026-09-25,573A,0,36640
2026-09-25,5741,14800,463800
2026-09-25,5742,100,25500
2026-09-25,5753,0,103400
2026-09-25,5757,0,20900
2026-09-25,575A,5500,169100
2026-09-25,576A,0,94044
2026-09-25,577A,0,7010
2026-09-25,578A,0,65470
2026-09-25,579A,0,58864
2026-09-25,5801,760500,17761600
2026-09-25,5802,347700,11355300
2026-09-25,5803,1045400,22914700
2026-09-25,5805,15200,253000
2026-09-25,580A,0,85057
2026-09-25,5816,4500,449400
2026-09-25,5817,0,315300
2026-09-25,5819,0,59800
2026-09-25,581A,56300,3901100
2026-09-25,5820,0,371900
2026-09-25,5821,100,372700
2026-09-25,5830,19700,443000
2026-09-25,5831,69200,627900
2026-09-25,5832,19000,327200
2026-09-25,5834,3200,448100
2026-09-25,5838,54400,1815700
2026-09-25,5842,0,198300
2026-09-25,5843,0,221600
2026-09-25,5844,58100,255700
2026-09-25,5845,0,280400
2026-09-25,584A,0,372200
2026-09-25,5851,26100,121600
2026-09-25,5852,45300,562700
2026-09-25,5857,13800,683500
2026-09-25,5858,0,221500
2026-09-25,585A,0,761
2026-09-25,5867,0,20400
2026-09-25,5868,0,93000
2026-09-25,5869,100,40800
2026-09-25,586A,0,970190
2026-09-25,5870,0,312300
2026-09-25,5871,3400,73000
2026-09-25,5884,0,345500
2026-09-25,5885,28000,75600
2026-09-25,5888,0,43100
2026-09-25,5889,100,457800
2026-09-25,5891,0,83600
2026-09-25,5892,0,479700
2026-09-25,589A,0,201500
2026-09-25,5900,0,16200
2026-09-25,5901,53900,55600
2026-09-25,5902,15700,22700
2026-09-25,5905,0,87900
2026-09-25,5906,0,352600
2026-09-25,5909,5200,22000
2026-09-25,590A,54400,598900
2026-09-25,5911,68400,447500
2026-09-25,5915,2400,77300
2026-09-25,5918,0,23500
2026-09-25,5921,0,132500
2026-09-25,5922,0,5100
2026-09-25,5923,0,241500
2026-09-25,5928,1800,152800
2026-09-25,5929,49100,91900
2026-09-25,5930,900,47900
2026-09-25,5932,26600,507900
2026-09-25,5933,6500,50200
2026-09-25,5936,700,224000
2026-09-25,5938,935700,1775700
2026-09-25,5939,0,22400
2026-09-25,593A,2500,5215000
2026-09-25,5940,0,312800
2026-09-25,5941,100,20300
2026-09-25,5942,0,339400
2026-09-25,5943,39200,37800
2026-09-25,5945,0,176600
2026-09-25,5946,9400,2385500
2026-09-25,5947,136000,82300
2026-09-25,5949,11700,190800
2026-09-25,5950,0,191600
2026-09-25,5951,59500,20700
2026-09-25,5952,0,539500
2026-09-25,5955,52800,2838000
2026-09-25,5956,3900,42300
2026-09-25,5957,5500,192200
2026-09-25,5958,100,98600
2026-09-25,5959,8600,161500
2026-09-25,5962,0,37300
2026-09-25,5965,0,135800
2026-09-25,5966,0,1900
2026-09-25,5967,0,787300
2026-09-25,5969,0,3100
2026-09-25,5970,3700,220600
2026-09-25,5971,0,900
2026-09-25,5973,0,238900
2026-09-25,5974,0,9600
2026-09-25,5975,7800,41300
2026-09-25,5976,36600,73300
2026-09-25,5981,9600,202200
2026-09-25,5982,0,8200
2026-09-25,5983,0,8800
2026-09-25,5984,0,61300
2026-09-25,5985,246200,1488000
2026-09-25,5986,0,527600
2026-09-25,5987,0,15700
2026-09-25,5988,194400,75700
2026-09-25,5989,10300,653000
2026-09-25,598A,0,261200
2026-09-25,5990,0,54200
2026-09-25,5991,7900,1709800
2026-09-25,5992,600,699600
2026-09-25,5994,0,158500
2026-09-25,5997,0,35800
2026-09-25,5998,8500,104900
2026-09-25,6005,38300,81500
2026-09-25,600A,0,970
2026-09-25,6013,41800,61400
2026-09-25,6016,0,216200
2026-09-25,6018,0,48500
2026-09-25,6022,0,50500
2026-09-25,6023,30900,473500
2026-09-25,6027,344900,538200
2026-09-25,6029,0,961600
2026-09-25,6030,0,122300
2026-09-25,6031,75400,1845300
2026-09-25,6033,4400,163000
2026-09-25,6034,400,113300
2026-09-25,6035,34300,667500
2026-09-25,6036,40800,305000
2026-09-25,6037,100,366600
2026-09-25,6038,1200,315900
2026-09-25,6039,0,572100
2026-09-25,603A,100,2439000
2026-09-25,6040,0,265700
2026-09-25,6042,0,17600
2026-09-25,6044,0,42100
2026-09-25,6045,129200,129800
2026-09-25,6046,222200,715800
2026-09-25,6047,380400,1094300
2026-09-25,6049,0,1670500
2026-09-25,604A,100,1200200
2026-09-25,6050,96100,43600
2026-09-25,6054,58600,1268300
2026-09-25,6055,35800,490400
2026-09-25,6058,87900,3627200
2026-09-25,6059,4200,147300
2026-09-25,605A,0,119450
2026-09-25,6061,0,42700
2026-09-25,6062,29600,231200
2026-09-25,6063,0,22900
2026-09-25,6069,5400,621800
2026-09-25,606A,0,12413
2026-09-25,6070,152000,114300
2026-09-25,6071,12300,476300
2026-09-25,6072,1066900,5163900
2026-09-25,6073,84500,34500
2026-09-25,6074,0,154800
2026-09-25,6078,253300,128400
2026-09-25,607A,0,1862800
2026-09-25,6080,30400,153300
2026-09-25,6081,0,1707800
2026-09-25,6082,2400,35900
2026-09-25,6083,9900,79200
2026-09-25,6085,0,2764200
2026-09-25,6086,0,59900
2026-09-25,6087,500,5400
2026-09-25,6088,25000,1119600
2026-09-25,6089,12900,89200
2026-09-25,608A,0,15703
2026-09-25,6090,0,183400
2026-09-25,6091,22200,517900
2026-09-25,6092,96000,519800
2026-09-25,6093,126500,871100
2026-09-25,6094,0,1037800
2026-09-25,6098,389100,583200
2026-09-25,6099,61400,148100
2026-09-25,609A,0,37441
2026-09-25,6101,15000,538500
2026-09-25,6103,9400,165300
2026-09-25,6104,24700,51100
2026-09-25,610A,0,113745
2026-09-25,6113,25500,240400
2026-09-25,6118,25000,154000
2026-09-25,611A,0,4130
2026-09-25,6125,0,434100
2026-09-25,612A,0,20
2026-09-25,6134,5900,559800
2026-09-25,6135,0,64600
2026-09-25,6136,18900,113500
2026-09-25,6137,400,197300
2026-09-25,6138,0,69800
2026-09-25,613A,0,14
2026-09-25,6140,20000,1205000
2026-09-25,6141,64300,2050100
2026-09-25,6143,17500,672200
2026-09-25,6144,0,61300
2026-09-25,6145,9300,162700
2026-09-25,6146,85700,910800
2026-09-25,6147,0,12000
2026-09-25,6149,0,82100
2026-09-25,6150,0,22200
2026-09-25,6151,2100,48500
2026-09-25,6155,0,162800
2026-09-25,6156,0,14100
2026-09-25,6157,12900,114400
2026-09-25,6158,19800,49800
2026-09-25,6159,0,4400
2026-09-25,6161,0,1035000
2026-09-25,6165,1000,912000
2026-09-25,6166,0,657700
2026-09-25,6167,38800,176200
2026-09-25,6171,2200,262400
2026-09-25,6176,0,384400
2026-09-25,6177,0,2029200
2026-09-25,6178,152600,459300
2026-09-25,6180,0,37100
2026-09-25,6181,0,2396100
2026-09-25,6182,145500,587300
2026-09-25,6183,7900,97400
2026-09-25,6184,226500,497800
2026-09-25,6185,18900,200300
2026-09-25,6186,0,83500
2026-09-25,6189,96300,126600
2026-09-25,618A,0,626900
2026-09-25,6190,0,231400
2026-09-25,6191,142000,1010900
2026-09-25,6193,0,38000
2026-09-25,6194,792200,654500
2026-09-25,6195,0,328000
2026-09-25,6196,101000,1289800
2026-09-25,6198,0,661900
2026-09-25,6199,18400,95600
2026-09-25,619A,0,2274100
2026-09-25,6200,56500,968800
2026-09-25,6203,174600,1495000
2026-09-25,6208,97300,374100
2026-09-25,6209,5000,134800
2026-09-25,6217,0,322300
2026-09-25,6218,500,207600
2026-09-25,621A,100,771500
2026-09-25,6222,429200,325200
2026-09-25,6223,5300,188500
2026-09-25,6224,0,495600
2026-09-25,6226,75500,510000
2026-09-25,6227,638600,3165100
2026-09-25,6228,0,259500
2026-09-25,6229,0,79200
2026-09-25,622A,0,135300
2026-09-25,6230,0,16700
2026-09-25,6231,100,96900
2026-09-25,6232,1014300,2512300
2026-09-25,6233,0,77500
2026-09-25,6235,3500,478200
2026-09-25,6237,8700,86600
2026-09-25,6238,11000,433800
2026-09-25,6239,0,654900
2026-09-25,623A,0,813800
2026-09-25,6240,386900,895100
2026-09-25,6245,25000,587000
2026-09-25,6246,2000,36500
2026-09-25,6247,17900,37800
2026-09-25,6248,0,21500
2026-09-25,6249,0,66200
2026-09-25,6250,4000,96800
2026-09-25,6254,332600,1949500
2026-09-25,6255,142600,1141400
2026-09-25,6257,9500,146000
2026-09-25,6258,77100,808400
2026-09-25,625A,600,786800
2026-09-25,6262,3500,3247400
2026-09-25,6264,42400,1602500
2026-09-25,6265,0,45200
2026-09-25,6266,60900,358500
2026-09-25,6267,0,5200
2026-09-25,6268,24300,993000
2026-09-25,6269,36100,1473100
2026-09-25,626A,0,6758
2026-09-25,6272,4400,85300
2026-09-25,6273,5200,61600
2026-09-25,6276,0,477300
2026-09-25,6277,150700,197600
2026-09-25,6278,13900,160100
2026-09-25,6279,32100,59200
2026-09-25,627A,208900,913200
2026-09-25,6282,1213300,37400
2026-09-25,6284,7200,21700
2026-09-25,6286,0,27800
2026-09-25,6287,38700,63800
2026-09-25,6289,116800,97600
2026-09-25,6291,100,522000
2026-09-25,6292,0,137700
2026-09-25,6294,1800,130600
2026-09-25,6298,207400,1075500
2026-09-25,6301,268700,744700
2026-09-25,6302,22600,170500
2026-09-25,6305,13600,417800
2026-09-25,6306,7300,91600
2026-09-25,6307,0,195700
2026-09-25,6309,3000,137700
2026-09-25,630A,0,122
2026-09-25,6310,33600,169200
2026-09-25,6315,76100,5171500
2026-09-25,6316,0,31200
2026-09-25,6317,53300,216500
2026-09-25,6322,0,102100
2026-09-25,6323,87900,3409400
2026-09-25,6324,723700,881200
2026-09-25,6325,12700,35100
2026-09-25,6326,214800,661600
2026-09-25,6327,0,695200
2026-09-25,6328,6800,134200
2026-09-25,632A,0,3
2026-09-25,6330,1270200,5391500
2026-09-25,6331,10100,639700
2026-09-25,6332,38500,81000
2026-09-25,6333,7700,22600
2026-09-25,6334,0,120000
2026-09-25,6335,0,273200
2026-09-25,6336,0,555000
2026-09-25,6337,0,126400
2026-09-25,6338,0,243500
2026-09-25,6339,465800,91700
2026-09-25,633A,0,140029
2026-09-25,6340,14300,15200
2026-09-25,6342,0,7000
2026-09-25,6343,17100,1112500
2026-09-25,6345,14600,219200
2026-09-25,6346,0,4600
2026-09-25,6347,0,798900
2026-09-25,6349,69700,90100
2026-09-25,634A,0,272900
2026-09-25,6351,7000,13600
2026-09-25,6356,356800,928000
2026-09-25,6357,900,147100
2026-09-25,6358,2300,100400
2026-09-25,635A,0,380
2026-09-25,6360,0,12200
2026-09-25,6361,62400,1598200
2026-09-25,6363,14000,486300
2026-09-25,6364,24600,48500
2026-09-25,6365,0,9700
2026-09-25,6366,468100,9925600
2026-09-25,6367,22900,571700
2026-09-25,6368,29900,224600
2026-09-25,6369,8500,118300
2026-09-25,636A,0,10
2026-09-25,6370,8500,158000
2026-09-25,6371,50800,83200
2026-09-25,6376,23500,2780000
2026-09-25,6378,15100,661100
2026-09-25,6379,1223200,68000
2026-09-25,6380,0,428900
2026-09-25,6381,12200,93000
2026-09-25,6382,0,149900
2026-09-25,6383,58300,767000
2026-09-25,6384,0,95600
2026-09-25,6387,600,149500
2026-09-25,6390,21500,328300
2026-09-25,6391,0,46900
2026-09-25,6392,0,3100
2026-09-25,6393,100,29300
2026-09-25,6395,11800,228100
2026-09-25,6396,0,46500
2026-09-25,6400,800,436300
2026-09-25,6402,0,36000
2026-09-25,6405,0,444900
2026-09-25,6407,7400,177700
2026-09-25,6408,0,32700
2026-09-25,6412,1419200,138000
2026-09-25,6413,18000,771300
2026-09-25,6417,56600,410900
2026-09-25,6418,30200,192900
2026-09-25,6419,28100,261400
2026-09-25,6420,17300,6100
2026-09-25,6424,0,62800
2026-09-25,6425,194200,1928300
2026-09-25,6428,900,314700
2026-09-25,6430,121000,85400
2026-09-25,6432,19000,525800
2026-09-25,6433,0,517700
2026-09-25,6436,17200,33700
2026-09-25,6440,78900,869200
2026-09-25,6444,302300,952400
2026-09-25,6445,13700,83600
2026-09-25,6448,27700,96500
2026-09-25,6454,41900,42300
2026-09-25,6455,2300,22600
2026-09-25,6457,9400,36200
2026-09-25,6458,5200,272300
2026-09-25,6459,34900,51000
2026-09-25,6460,108400,134600
2026-09-25,6463,37900,144000
2026-09-25,6464,80100,1206300
2026-09-25,6465,52400,223100
2026-09-25,6466,0,143400
2026-09-25,6467,0,297000
2026-09-25,6469,0,329800
2026-09-25,6470,14500,178700
2026-09-25,6471,57300,1587900
2026-09-25,6472,331300,1771200
2026-09-25,6473,40500,308400
2026-09-25,6474,15000,238200
2026-09-25,6479,37600,2710000
2026-09-25,6480,22200,1393800
2026-09-25,6481,61300,552200
2026-09-25,6482,12100,107300
2026-09-25,6484,0,9700
2026-09-25,6485,24400,25900
2026-09-25,6486,2000,88600
2026-09-25,6488,0,112200
2026-09-25,6490,8500,85400
2026-09-25,6492,100,85600
2026-09-25,6493,0,512500
2026-09-25,6494,0,4015600
2026-09-25,6495,0,257900
2026-09-25,6496,0,80400
2026-09-25,6497,0,42300
2026-09-25,6498,15300,732600
2026-09-25,6501,465500,3518800
2026-09-25,6503,113300,3565500
2026-09-25,6504,10200,434000
2026-09-25,6505,1300,140900
2026-09-25,6506,170000,6582400
2026-09-25,6507,16300,107300
2026-09-25,6508,18100,160300
2026-09-25,6513,100,264400
2026-09-25,6516,6900,130800
2026-09-25,6517,8400,30100
2026-09-25,6518,0,211900
2026-09-25,6521,100,682000
2026-09-25,6522,124700,1381300
2026-09-25,6523,331800,384300
2026-09-25,6524,26300,481400
2026-09-25,6525,453900,1972100
2026-09-25,6526,1276200,5204700
2026-09-25,6532,130600,373800
2026-09-25,6533,108000,120700
2026-09-25,6535,26600,906200
2026-09-25,6537,11200,305900
2026-09-25,6538,800,843500
2026-09-25,6539,7900,315600
2026-09-25,6540,500,125700
2026-09-25,6543,0,23900
2026-09-25,6544,80300,437000
2026-09-25,6545,4400,213500
2026-09-25,6546,600,7500
2026-09-25,6547,1500,282600
2026-09-25,6548,0,739400
2026-09-25,6549,0,108300
2026-09-25,6551,51300,245400
2026-09-25,6552,0,723300
2026-09-25,6554,0,268300
2026-09-25,6555,0,111100
2026-09-25,6557,0,194300
2026-09-25,6558,0,25600
2026-09-25,6560,2200,105800
2026-09-25,6561,0,354900
2026-09-25,6562,138500,636600
2026-09-25,6563,2000,113800
2026-09-25,6564,0,64200
2026-09-25,6566,100,32400
2026-09-25,6568,0,122400
2026-09-25,6570,66400,114700
2026-09-25,6571,5800,109500
2026-09-25,6572,167800,823000
2026-09-25,6573,0,5157100
2026-09-25,6574,0,12895400
2026-09-25,6577,0,110800
2026-09-25,6578,0,59900
2026-09-25,6579,0,312100
2026-09-25,6580,30900,211900
2026-09-25,6584,310100,1242100
2026-09-25,6586,30700,198400
2026-09-25,6588,25500,143200
2026-09-25,6590,42700,1162100
2026-09-25,6592,98800,230200
2026-09-25,6594,341000,4210300
2026-09-25,6597,0,324600
2026-09-25,6599,0,51200
2026-09-25,6612,0,83300
2026-09-25,6613,16700,3531000
2026-09-25,6614,17700,118300
2026-09-25,6615,23000,545500
2026-09-25,6616,100,241900
2026-09-25,6617,7500,174100
2026-09-25,6619,753200,6971100
2026-09-25,6620,189100,584100
2026-09-25,6622,6500,194700
2026-09-25,6625,710100,3810200
2026-09-25,6626,0,59100
2026-09-25,6627,0,251600
2026-09-25,6629,268600,1182700
2026-09-25,6630,423100,187100
2026-09-25,6632,84200,1653800
2026-09-25,6633,200,99000
2026-09-25,6634,0,922900
2026-09-25,6635,33400,318900
2026-09-25,6637,0,195000
2026-09-25,6638,12800,44200
2026-09-25,6643,200,31300
2026-09-25,6644,1595800,364000
2026-09-25,6645,24100,517500
2026-09-25,6647,0,33900
2026-09-25,6648,100,250600
2026-09-25,6651,3900,56900
2026-09-25,6652,7800,62600
2026-09-25,6653,3000,746800
2026-09-25,6654,9200,63500
2026-09-25,6656,122500,386600
2026-09-25,6658,0,606000
2026-09-25,6659,462500,7717800
2026-09-25,6662,0,2046600
2026-09-25,6663,0,264200
2026-09-25,6664,20500,344500
2026-09-25,6666,0,431700
2026-09-25,6668,0,404700
2026-09-25,6674,17400,646400
2026-09-25,6675,20200,160200
2026-09-25,6676,247500,61400
2026-09-25,6677,2100,259100
2026-09-25,6678,1200,128900
2026-09-25,6694,0,148700
2026-09-25,6696,0,388400
2026-09-25,6699,1100,497300
2026-09-25,6701,243900,4961400
2026-09-25,6702,199400,2455100
2026-09-25,6703,42700,1267500
2026-09-25,6706,15900,224600
2026-09-25,6707,29900,71700
2026-09-25,6718,3400,70000
2026-09-25,6721,0,3007500
2026-09-25,6723,637400,2924900
2026-09-25,6724,128500,94600
2026-09-25,6727,107400,757100
2026-09-25,6728,49800,305000
2026-09-25,6730,10500,533500
2026-09-25,6731,0,400500
2026-09-25,6736,41000,16400
2026-09-25,6737,9000,55500
2026-09-25,6740,8572900,42742900
2026-09-25,6741,28400,168500
2026-09-25,6742,33900,222200
2026-09-25,6743,0,134400
2026-09-25,6744,9800,113900
2026-09-25,6745,18800,77100
2026-09-25,6748,200,233900
2026-09-25,6750,50600,79000
2026-09-25,6752,482300,1732600
2026-09-25,6753,3030400,2790500
2026-09-25,6754,118900,733100
2026-09-25,6757,0,89200
2026-09-25,6758,331800,6207800
2026-09-25,6762,248600,5012900
2026-09-25,6763,12300,17200
2026-09-25,6768,90100,1426400
2026-09-25,6769,0,369700
2026-09-25,6770,82500,107000
2026-09-25,6771,17800,208900
2026-09-25,6772,0,1750800
2026-09-25,6775,0,1082300
2026-09-25,6776,0,448400
2026-09-25,6777,100,246200
2026-09-25,6778,22800,384300
2026-09-25,6779,12800,1074200
2026-09-25,6785,7000,82700
2026-09-25,6786,0,1095100
2026-09-25,6787,27000,459500
2026-09-25,6788,8300,9000
2026-09-25,6794,48500,975600
2026-09-25,6797,0,131000
2026-09-25,6798,21200,49400
2026-09-25,6800,5900,260300
2026-09-25,6803,47800,1171800
2026-09-25,6804,3300,165500
2026-09-25,6806,4200,18400
2026-09-25,6807,47200,40500
2026-09-25,6809,5900,184300
2026-09-25,6810,37300,106600
2026-09-25,6814,15700,437100
2026-09-25,6817,6300,508300
2026-09-25,6819,0,113800
2026-09-25,6820,9300,24100
2026-09-25,6822,0,71100
2026-09-25,6823,3600,102200
2026-09-25,6824,0,27400
2026-09-25,6832,0,151000
2026-09-25,6834,366100,1424500
2026-09-25,6835,0,1597100
2026-09-25,6836,0,268600
2026-09-25,6837,0,285200
2026-09-25,6838,100,1005100
2026-09-25,6840,1100,1327200
2026-09-25,6841,91800,170400
2026-09-25,6844,14500,217900
2026-09-25,6845,86500,140600
2026-09-25,6848,31600,39100
2026-09-25,6849,94100,90600
2026-09-25,6850,21200,27800
2026-09-25,6853,9300,86600
2026-09-25,6855,42100,808300
2026-09-25,6856,8100,56400
2026-09-25,6857,1856900,2414700
2026-09-25,6858,0,248900
2026-09-25,6859,13400,51000
2026-09-25,6861,58900,138400
2026-09-25,6862,0,915800
2026-09-25,6863,0,353700
2026-09-25,6864,0,245100
2026-09-25,6866,4200,30900
2026-09-25,6867,0,271700
2026-09-25,6869,167000,878400
2026-09-25,6870,0,55600
2026-09-25,6871,61400,604800
2026-09-25,6874,100,53000
2026-09-25,6875,8100,44100
2026-09-25,6877,11500,38400
2026-09-25,6882,33700,489500
2026-09-25,6888,100,141100
2026-09-25,6890,64500,1788700
2026-09-25,6894,0,30200
2026-09-25,6897,0,1506000
2026-09-25,6898,0,51200
2026-09-25,6899,0,140800
2026-09-25,6902,193400,2984000
2026-09-25,6904,300,441500
2026-09-25,6905,26200,267400
2026-09-25,6907,0,830000
2026-09-25,6908,16700,312400
2026-09-25,6912,0,56900
2026-09-25,6914,1600,177500
2026-09-25,6915,1300,87100
2026-09-25,6918,0,126000
2026-09-25,6919,10000,86400
2026-09-25,6920,410600,1388000
2026-09-25,6923,11600,26700
2026-09-25,6925,16600,65900
2026-09-25,6926,41000,161300
2026-09-25,6927,0,347800
2026-09-25,6928,600,139800
2026-09-25,6929,1300,125400
2026-09-25,6932,1700,265000
2026-09-25,6941,25100,368500
2026-09-25,6942,0,3200
2026-09-25,6943,0,38500
2026-09-25,6946,0,418200
2026-09-25,6947,137200,44400
2026-09-25,6951,23600,82400
2026-09-25,6952,63700,274600
2026-09-25,6954,247400,5199400
2026-09-25,6955,0,869900
2026-09-25,6958,196800,1631200
2026-09-25,6960,3000,32800
2026-09-25,6961,5200,156300
2026-09-25,6962,644500,1637100
2026-09-25,6963,132900,928100
2026-09-25,6964,0,50300
2026-09-25,6965,72600,2942700
2026-09-25,6966,152200,7412600
2026-09-25,6969,0,357800
2026-09-25,6971,120200,502700
2026-09-25,6976,630900,4694000
2026-09-25,6977,0,177200
2026-09-25,6981,951500,6969300
2026-09-25,6982,0,184800
2026-09-25,6986,154400,965500
2026-09-25,6988,86400,357700
2026-09-25,6989,7200,183700
2026-09-25,6993,9330900,23122500
2026-09-25,6994,47700,650500
2026-09-25,6995,44900,25000
2026-09-25,6996,24600,456300
2026-09-25,6997,39600,1173900
2026-09-25,6998,51000,210100
2026-09-25,6999,42000,651900
2026-09-25,7003,132900,3596900
2026-09-25,7004,590500,3509600
2026-09-25,7011,1175400,20376200
2026-09-25,7012,698800,19316800
2026-09-25,7013,400200,13713500
2026-09-25,7014,91000,1188900
2026-09-25,7018,500,274900
2026-09-25,7021,0,52100
2026-09-25,7022,39000,1347000
2026-09-25,7030,1100,231200
2026-09-25,7031,0,106500
2026-09-25,7033,38300,221300
2026-09-25,7034,0,501000
2026-09-25,7035,16300,326700
2026-09-25,7036,0,45200
2026-09-25,7037,0,59100
2026-09-25,7038,156300,336000
2026-09-25,7039,24200,152800
2026-09-25,7040,0,45000
2026-09-25,7041,0,85700
2026-09-25,7042,0,32700
2026-09-25,7043,0,252000
2026-09-25,7044,0,129700
2026-09-25,7046,0,72400
2026-09-25,7047,7400,2027100
2026-09-25,7048,228700,1404100
2026-09-25,7049,7400,50300
2026-09-25,7050,0,149500
2026-09-25,7057,0,79900
2026-09-25,7058,0,28100
2026-09-25,7059,7000,941700
2026-09-25,7060,1300,183000
2026-09-25,7061,36000,695200
2026-09-25,7062,0,256600
2026-09-25,7063,0,3927200
2026-09-25,7064,0,112200
2026-09-25,7065,2000,141700
2026-09-25,7066,0,291000
2026-09-25,7067,0,28400
2026-09-25,7068,5800,431600
2026-09-25,7069,0,336600
2026-09-25,7071,635000,1641600
2026-09-25,7072,0,163300
2026-09-25,7073,0,15700
2026-09-25,7074,0,274700
2026-09-25,7075,0,65400
2026-09-25,7077,0,43300
2026-09-25,7078,0,328400
2026-09-25,7079,0,80600
2026-09-25,7080,0,195900
2026-09-25,7081,0,498100
2026-09-25,7082,0,600
2026-09-25,7083,0,29100
2026-09-25,7084,0,122300
2026-09-25,7085,140500,228700
2026-09-25,7087,22900,30700
2026-09-25,7089,0,150500
2026-09-25,7090,0,9500
2026-09-25,7091,0,86600
2026-09-25,7093,0,270500
2026-09-25,7094,18900,1157300
2026-09-25,7095,0,599600
2026-09-25,7096,20700,236000
2026-09-25,7097,0,45400
2026-09-25,7102,17100,78100
2026-09-25,7110,600,161800
2026-09-25,7111,0,379200
2026-09-25,7112,0,339200
2026-09-25,7114,0,58300
2026-09-25,7115,0,107800
2026-09-25,7119,78800,61000
2026-09-25,7120,0,55500
2026-09-25,7122,0,44100
2026-09-25,7126,0,24800
2026-09-25,7127,0,13900
2026-09-25,7128,250900,95200
2026-09-25,7129,0,19300
2026-09-25,7130,21400,228100
2026-09-25,7131,0,64700
2026-09-25,7133,0,193600
2026-09-25,7134,1600,67000
2026-09-25,7135,12500,98700
2026-09-25,7138,0,2304200
2026-09-25,7140,0,55100
2026-09-25,7148,647700,1633700
2026-09-25,7150,73300,187200
2026-09-25,7157,27600,477600
2026-09-25,7161,73400,647200
2026-09-25,7162,0,850800
2026-09-25,7164,68000,202900
2026-09-25,7167,92800,585700
2026-09-25,7172,25600,1378600
2026-09-25,7173,133600,1270800
2026-09-25,7175,0,59500
2026-09-25,7177,100,713300
2026-09-25,7180,129100,844400
2026-09-25,7181,29700,1941400
2026-09-25,7182,177300,1427700
2026-09-25,7183,0,3200
2026-09-25,7184,35000,80500
2026-09-25,7185,0,9900
2026-09-25,7186,76600,1006100
2026-09-25,7187,5500,327100
2026-09-25,7189,16200,275000
2026-09-25,7191,13000,86300
2026-09-25,7192,10900,591500
2026-09-25,7196,0,144800
2026-09-25,7198,250600,514400
2026-09-25,7199,12300,513900
2026-09-25,7201,969700,60145100
2026-09-25,7202,32200,752300
2026-09-25,7203,2004700,17051600
2026-09-25,7208,0,12100
2026-09-25,7211,3841200,7481300
2026-09-25,7212,6700,806600
2026-09-25,7213,13500,179000
2026-09-25,7214,0,334000
2026-09-25,7215,0,126600
2026-09-25,7217,0,76000
2026-09-25,7218,0,34100
2026-09-25,7219,0,19300
2026-09-25,7220,23300,763800
2026-09-25,7222,17000,338500
2026-09-25,7224,23200,690900
2026-09-25,7226,19500,499100
2026-09-25,7228,0,34300
2026-09-25,7231,31500,58800
2026-09-25,7235,0,226800
2026-09-25,7236,34700,765500
2026-09-25,7238,157000,6989200
2026-09-25,7239,1500,137900
2026-09-25,7240,27500,141500
2026-09-25,7241,1461500,188000
2026-09-25,7242,11900,85900
2026-09-25,7244,9400,294800
2026-09-25,7245,20300,726800
2026-09-25,7246,14000,343500
2026-09-25,7247,0,321600
2026-09-25,7254,0,785600
2026-09-25,7255,0,300
2026-09-25,7256,54200,2916700
2026-09-25,7259,131400,950900
2026-09-25,7261,530000,5271400
2026-09-25,7264,0,41500
2026-09-25,7265,0,27300
2026-09-25,7266,23000,373300
2026-09-25,7267,1685200,3694600
2026-09-25,7269,129800,3371100
2026-09-25,7270,135700,1364000
2026-09-25,7271,0,545200
2026-09-25,7272,370600,1246200
2026-09-25,7273,0,3743800
2026-09-25,7276,87800,3094800
2026-09-25,7277,17100,302600
2026-09-25,7278,47900,167600
2026-09-25,7279,90700,142100
2026-09-25,7280,20200,417200
2026-09-25,7282,11300,199200
2026-09-25,7283,2000,96300
2026-09-25,7284,0,668700
2026-09-25,7287,87400,292800
2026-09-25,7291,10300,565900
2026-09-25,7292,0,502000
2026-09-25,7294,21900,61300
2026-09-25,7296,63900,23800
2026-09-25,7297,0,17000
2026-09-25,7299,0,51700
2026-09-25,7305,1700,112400
2026-09-25,7309,62500,60000
2026-09-25,7313,119200,154200
2026-09-25,7314,0,24200
2026-09-25,7318,0,1069700
2026-09-25,7320,100,668900
2026-09-25,7322,38600,544200
2026-09-25,7325,0,160000
2026-09-25,7326,0,202200
2026-09-25,7327,44700,400600
2026-09-25,7337,34000,392500
2026-09-25,7343,0,31500
2026-09-25,7345,0,121600
2026-09-25,7347,28700,273800
2026-09-25,7350,12100,102900
2026-09-25,7351,0,196700
2026-09-25,7352,361200,1085700
2026-09-25,7353,0,215000
2026-09-25,7354,33400,1843600
2026-09-25,7356,19700,531900
2026-09-25,7357,0,23200
2026-09-25,7358,200,60500
2026-09-25,7359,0,587900
2026-09-25,7360,0,40900
2026-09-25,7361,0,131700
2026-09-25,7362,0,92600
2026-09-25,7363,700,44400
2026-09-25,7366,43200,60500
2026-09-25,7367,0,194500
2026-09-25,7368,200,13300
2026-09-25,7369,0,150400
2026-09-25,7370,3600,121000
2026-09-25,7371,10800,792100
2026-09-25,7372,0,155500
2026-09-25,7373,72900,403500
2026-09-25,7374,0,146300
2026-09-25,7375,0,314300
2026-09-25,7376,0,812800
2026-09-25,7377,0,159300
2026-09-25,7378,22600,220300
2026-09-25,7380,107000,380500
2026-09-25,7381,27700,435000
2026-09-25,7383,259500,7957100
2026-09-25,7384,52700,120700
2026-09-25,7388,148000,131000
2026-09-25,7389,1316400,4418000
2026-09-25,7399,0,35900
2026-09-25,7409,0,416300
2026-09-25,7412,1933900,832200
2026-09-25,7413,0,29500
2026-09-25,7414,1900,273200
2026-09-25,7416,24500,11900
2026-09-25,7417,2900,21500
2026-09-25,7419,605500,6935900
2026-09-25,7421,1067900,78300
2026-09-25,7422,0,76900
2026-09-25,7425,0,291100
2026-09-25,7426,0,0
2026-09-25,7427,0,194300
2026-09-25,7433,14800,78600
2026-09-25,7434,0,26000
2026-09-25,7435,0,99900
2026-09-25,7438,6700,29600
2026-09-25,7442,7700,51500
2026-09-25,7443,600,32300
2026-09-25,7444,0,122800
2026-09-25,7446,0,2900
2026-09-25,7447,9800,178700
2026-09-25,7453,519200,1057700
2026-09-25,7456,11100,149100
2026-09-25,7458,2730100,117800
2026-09-25,7459,18700,18800
2026-09-25,7460,2600,1014500
2026-09-25,7461,0,31400
2026-09-25,7462,0,9000
2026-09-25,7463,13000,552300
2026-09-25,7464,0,33800
2026-09-25,7466,7800,31900
2026-09-25,7472,0,2700
2026-09-25,7475,13800,39600
2026-09-25,7476,46100,9500
2026-09-25,7477,0,69600
2026-09-25,7480,11900,129600
2026-09-25,7481,0,48900
2026-09-25,7482,4500,38100
2026-09-25,7483,9900,21900
2026-09-25,7486,0,14100
2026-09-25,7487,43400,21400
2026-09-25,7490,0,1000
2026-09-25,7494,25200,625300
2026-09-25,7500,0,4700
2026-09-25,7501,0,40000
2026-09-25,7502,0,5700
2026-09-25,7504,73900,32800
2026-09-25,7505,0,112600
2026-09-25,7506,4000,1700
2026-09-25,7508,1200,204500
2026-09-25,7509,0,42400
2026-09-25,7510,345700,27400
2026-09-25,7512,137100,98700
2026-09-25,7513,204600,63700
2026-09-25,7514,0,22200
2026-09-25,7515,0,900
2026-09-25,7516,23000,76000
2026-09-25,7520,900,27400
2026-09-25,7521,0,114500
2026-09-25,7522,692500,267000
2026-09-25,7523,0,5700
2026-09-25,7524,12900,740900
2026-09-25,7525,1100,21300
2026-09-25,7527,0,9319100
2026-09-25,7531,0,8300
2026-09-25,7532,861400,10252500
2026-09-25,7537,44900,93000
2026-09-25,7538,0,54300
2026-09-25,7539,60700,71200
2026-09-25,7544,0,233600
2026-09-25,7545,21600,72200
2026-09-25,7550,560900,169100
2026-09-25,7551,14800,149400
2026-09-25,7552,63800,119200
2026-09-25,7554,88100,57700
2026-09-25,7555,0,25100
2026-09-25,7561,1400,234500
2026-09-25,7562,0,11200
2026-09-25,7564,58700,809700
2026-09-25,7565,0,2500
2026-09-25,7567,0,192900
2026-09-25,7570,8300,47600
2026-09-25,7571,22800,767000
2026-09-25,7575,47700,205400
2026-09-25,7578,0,1502600
2026-09-25,7581,28800,803900
2026-09-25,7585,0,26500
2026-09-25,7590,30000,231700
2026-09-25,7593,488300,508200
2026-09-25,7595,24000,186300
2026-09-25,7596,279700,16800
2026-09-25,7599,189300,1244900
2026-09-25,7600,164900,2520500
2026-09-25,7601,0,290700
2026-09-25,7602,268900,543200
2026-09-25,7603,0,4824400
2026-09-25,7604,0,29400
2026-09-25,7606,14100,179500
2026-09-25,7607,3100,41000
2026-09-25,7608,14900,440100
2026-09-25,7609,17200,374500
2026-09-25,7610,30500,4142800
2026-09-25,7611,31900,93200
2026-09-25,7613,79100,246000
2026-09-25,7614,0,127100
2026-09-25,7615,0,1631000
2026-09-25,7616,5607700,301700
2026-09-25,7619,1600,244300
2026-09-25,7621,0,5000
2026-09-25,7624,0,1810200
2026-09-25,7625,1400,373000
2026-09-25,7628,274500,37300
2026-09-25,7630,81800,800300
2026-09-25,7634,0,19600
2026-09-25,7636,0,46300
2026-09-25,7637,6400,60600
2026-09-25,7638,600,240400
2026-09-25,7640,19100,429000
2026-09-25,7643,0,5200
2026-09-25,7646,0,80500
2026-09-25,7649,62200,688800
2026-09-25,7670,0,80900
2026-09-25,7673,0,37600
2026-09-25,7674,0,38400
2026-09-25,7677,0,3400
2026-09-25,7678,78800,25500
2026-09-25,7679,6100,185600
2026-09-25,7681,0,100100
2026-09-25,7682,100,227700
2026-09-25,7683,100,226700
2026-09-25,7685,0,1166800
2026-09-25,7686,6200,291100
2026-09-25,7687,0,127900
2026-09-25,7689,0,147600
2026-09-25,7692,0,4266500
2026-09-25,7694,0,195200
2026-09-25,7695,0,120200
2026-09-25,7698,0,4200
2026-09-25,7699,0,18400
2026-09-25,7701,10300,208000
2026-09-25,7702,4800,181300
2026-09-25,7707,302100,1267400
2026-09-25,7709,104300,8100
2026-09-25,7711,0,430400
2026-09-25,7713,0,197800
2026-09-25,7715,6200,222300
2026-09-25,7716,12200,189300
2026-09-25,7717,18100,599700
2026-09-25,7719,0,522400
2026-09-25,7721,35900,303900
2026-09-25,7722,0,198100
2026-09-25,7723,1300,62900
2026-09-25,7725,41500,308500
2026-09-25,7726,21900,174900
2026-09-25,7727,69100,446400
2026-09-25,7729,18000,94900
2026-09-25,7730,32300,302000
2026-09-25,7731,198500,342800
2026-09-25,7733,208500,588000
2026-09-25,7734,5800,14900
2026-09-25,7735,160200,937000
2026-09-25,7740,66400,728600
2026-09-25,7741,18300,242400
2026-09-25,7743,7100,154300
2026-09-25,7744,9700,816100
2026-09-25,7745,4700,74200
2026-09-25,7746,545500,2172500
2026-09-25,7747,22500,398200
2026-09-25,7749,0,11200
2026-09-25,7751,164400,1313300
2026-09-25,7752,378800,197500
2026-09-25,7760,100,340800
2026-09-25,7762,59100,374500
2026-09-25,7769,7900,53900
2026-09-25,7771,0,765500
2026-09-25,7774,229300,484700
2026-09-25,7775,0,119900
2026-09-25,7776,0,2369000
2026-09-25,7777,0,12553200
2026-09-25,7779,826500,7832100
2026-09-25,7780,159900,155800
2026-09-25,7781,0,516600
2026-09-25,7782,300,38300
2026-09-25,7791,0,36000
2026-09-25,7792,0,96400
2026-09-25,7793,0,131900
2026-09-25,7794,0,1110900
2026-09-25,7795,7200,362400
2026-09-25,7800,0,303500
2026-09-25,7803,674600,2226400
2026-09-25,7804,0,70200
2026-09-25,7805,19800,27800
2026-09-25,7806,58400,270000
2026-09-25,7807,0,113300
2026-09-25,7808,0,343400
2026-09-25,7809,0,47900
2026-09-25,7810,124800,937500
2026-09-25,7811,22900,140900
2026-09-25,7812,600,106900
2026-09-25,7813,0,51600
2026-09-25,7814,7600,45200
2026-09-25,7815,0,125700
2026-09-25,7818,86900,101100
2026-09-25,7819,41700,133200
2026-09-25,7820,37000,167900
2026-09-25,7821,4700,45400
2026-09-25,7822,3900,250000
2026-09-25,7823,923500,45300
2026-09-25,7826,66800,657100
2026-09-25,7827,0,123300
2026-09-25,7831,0,1263200
2026-09-25,7832,74900,281700
2026-09-25,7833,700,72800
2026-09-25,7836,0,1575900
2026-09-25,7837,0,228700
2026-09-25,7839,248000,46000
2026-09-25,7840,31700,42000
2026-09-25,7841,0,664300
2026-09-25,7844,65200,643600
2026-09-25,7846,26300,37500
2026-09-25,7847,0,55900
2026-09-25,7849,0,97800
2026-09-25,7850,0,18400
2026-09-25,7851,0,27000
2026-09-25,7856,105700,105900
2026-09-25,7857,0,5800
2026-09-25,7859,0,3951100
2026-09-25,7860,59900,94500
2026-09-25,7863,0,99400
2026-09-25,7864,50300,346700
2026-09-25,7865,0,63600
2026-09-25,7867,95400,247700
2026-09-25,7868,743400,12384800
2026-09-25,7871,0,93500
2026-09-25,7872,0,16500
2026-09-25,7874,12000,79200
2026-09-25,7875,0,144800
2026-09-25,7877,0,11100
2026-09-25,7878,0,59100
2026-09-25,7879,100,151400
2026-09-25,7883,4400,60500
2026-09-25,7885,19800,69300
2026-09-25,7886,0,151600
2026-09-25,7887,0,105800
2026-09-25,7888,17000,436000
2026-09-25,7893,8900,29900
2026-09-25,7896,0,6400
2026-09-25,7897,10100,358800
2026-09-25,7898,300,230500
2026-09-25,7901,0,72800
2026-09-25,7902,0,66300
2026-09-25,7906,21500,641300
2026-09-25,7908,3100,666000
2026-09-25,7911,54000,359200
2026-09-25,7912,38000,200600
2026-09-25,7914,19700,120000
2026-09-25,7915,17100,271400
2026-09-25,7916,0,105100
2026-09-25,7917,2000,109100
2026-09-25,7918,0,983600
2026-09-25,7919,0,180300
2026-09-25,7921,9700,32400
2026-09-25,7927,2400,78300
2026-09-25,7928,0,48600
2026-09-25,7931,41300,12500
2026-09-25,7932,100,123600
2026-09-25,7936,370700,3850300
2026-09-25,7937,2800,30600
2026-09-25,7938,0,20000
2026-09-25,7939,0,15200
2026-09-25,7942,36900,59500
2026-09-25,7943,10400,12900
2026-09-25,7944,15300,49300
2026-09-25,7946,0,800
2026-09-25,7947,15700,138100
2026-09-25,7949,42200,100100
2026-09-25,7951,48300,312200
2026-09-25,7952,29800,35500
2026-09-25,7953,0,85900
2026-09-25,7955,2100,196100
2026-09-25,7956,75000,269900
2026-09-25,7957,0,86800
2026-09-25,7962,207800,34600
2026-09-25,7963,200,67000
2026-09-25,7965,1177500,86900
2026-09-25,7966,557000,1961000
2026-09-25,7970,10300,116900
2026-09-25,7971,5600,434200
2026-09-25,7972,18800,220100
2026-09-25,7974,705500,8958000
2026-09-25,7975,0,24900
2026-09-25,7976,44600,22400
2026-09-25,7979,26800,34600
2026-09-25,7980,0,258700
2026-09-25,7981,32100,71400
2026-09-25,7983,0,63800
2026-09-25,7984,33800,75300
2026-09-25,7985,0,1600
2026-09-25,7986,0,68700
2026-09-25,7987,7000,116500
2026-09-25,7988,19700,84900
2026-09-25,7989,16300,26600
2026-09-25,7990,8200,52600
2026-09-25,7991,13600,348900
2026-09-25,7992,0,384400
2026-09-25,7994,44200,129600
2026-09-25,7995,21700,66100
2026-09-25,7997,0,55600
2026-09-25,8001,1359900,13170900
2026-09-25,8002,168900,3079900
2026-09-25,8005,11600,303400
2026-09-25,8006,0,8600
2026-09-25,8007,22000,423200
2026-09-25,8008,17700,83400
2026-09-25,8011,327000,212600
2026-09-25,8012,55100,278300
2026-09-25,8013,0,465500
2026-09-25,8014,600,24300
2026-09-25,8015,50900,516400
2026-09-25,8016,67400,698100
2026-09-25,8018,8500,218100
2026-09-25,8020,43500,269400
2026-09-25,8022,32500,27300
2026-09-25,8023,26700,233500
2026-09-25,8025,0,16900
2026-09-25,8029,7900,22500
2026-09-25,8030,200,60300
2026-09-25,8031,147300,4766200
2026-09-25,8032,4900,21100
2026-09-25,8035,374200,2174900
2026-09-25,8037,31800,22700
2026-09-25,8039,0,8600
2026-09-25,8040,0,24200
2026-09-25,8041,6400,33400
2026-09-25,8043,1296100,147500
2026-09-25,8045,0,5700
2026-09-25,8046,100,242500
2026-09-25,8050,43400,109100
2026-09-25,8051,72100,64200
2026-09-25,8052,746500,22600
2026-09-25,8053,528600,5524000
2026-09-25,8056,26300,36900
2026-09-25,8057,40800,51900
2026-09-25,8058,1367900,5904400
2026-09-25,8059,1656700,67500
2026-09-25,8060,10100,67300
2026-09-25,8061,2600,137100
2026-09-25,8065,9800,230900
2026-09-25,8066,21300,9600
2026-09-25,8070,9000,200700
2026-09-25,8074,7600,14200
2026-09-25,8075,7300,59700
2026-09-25,8076,1100,85900
2026-09-25,8077,1100,374100
2026-09-25,8078,23700,248600
2026-09-25,8079,70600,37500
2026-09-25,8081,168100,23300
2026-09-25,8084,23400,82200
2026-09-25,8085,0,23300
2026-09-25,8086,68500,192200
2026-09-25,8088,29300,1610700
2026-09-25,8089,0,25700
2026-09-25,8091,700,198500
2026-09-25,8093,3700,91000
2026-09-25,8095,14400,356900
2026-09-25,8097,54600,68300
2026-09-25,8098,37000,36100
2026-09-25,8101,61900,35800
2026-09-25,8103,36700,481900
2026-09-25,8104,0,77100
2026-09-25,8105,0,7697300
2026-09-25,8107,0,1232000
2026-09-25,8111,114700,314400
2026-09-25,8113,139300,1986000
2026-09-25,8115,0,59800
2026-09-25,8117,33800,370200
2026-09-25,8118,5500,18600
2026-09-25,8119,0,25500
2026-09-25,8123,0,5800
2026-09-25,8125,96800,95500
2026-09-25,8127,29500,50600
2026-09-25,8129,35700,44000
2026-09-25,8130,35900,110900
2026-09-25,8131,14500,11000
2026-09-25,8132,3900,4200
2026-09-25,8133,44200,59500
2026-09-25,8135,0,259600
2026-09-25,8136,7256000,16703500
2026-09-25,8137,30000,58800
2026-09-25,8138,0,4700
2026-09-25,8139,0,1263900
2026-09-25,8141,200,11100
2026-09-25,8142,6300,73000
2026-09-25,8143,0,178300
2026-09-25,8144,0,13800
2026-09-25,8147,0,24000
2026-09-25,8150,6800,112800
2026-09-25,8151,470300,362500
2026-09-25,8152,0,57800
2026-09-25,8153,1490600,54400
2026-09-25,8154,11700,81300
2026-09-25,8157,131800,59700
2026-09-25,8158,8300,57600
2026-09-25,8159,7300,25300
2026-09-25,8160,1225500,80800
2026-09-25,8163,1906200,78200
2026-09-25,8165,377100,1256700
2026-09-25,8166,0,754600
2026-09-25,8167,52200,25700
2026-09-25,8173,714800,35100
2026-09-25,8174,14200,15100
2026-09-25,8179,95600,132300
2026-09-25,8181,0,87500
2026-09-25,8185,148600,368300
2026-09-25,8194,84100,65800
2026-09-25,8198,0,31500
2026-09-25,8200,196300,38700
2026-09-25,8202,33100,2107300
2026-09-25,8203,4100,218600
2026-09-25,8207,1000,35400
2026-09-25,8214,316700,145300
2026-09-25,8217,87700,61200
2026-09-25,8218,20300,15500
2026-09-25,8219,123200,558600
2026-09-25,8225,0,6000
2026-09-25,8226,0,1101000
2026-09-25,8227,25400,176500
2026-09-25,8230,9900,97300
2026-09-25,8233,370300,924500
2026-09-25,8237,387300,139700
2026-09-25,8242,187600,53000
2026-09-25,8244,70400,35000
2026-09-25,8247,100,365000
2026-09-25,8252,19700,336000
2026-09-25,8253,13500,195500
2026-09-25,8254,0,191700
2026-09-25,8255,326200,16800
2026-09-25,8260,4000,465800
2026-09-25,8267,1339800,8721100
2026-09-25,8273,111300,195800
2026-09-25,8275,362300,74600
2026-09-25,8276,32900,19000
2026-09-25,8278,126200,13700
2026-09-25,8281,745700,141600
2026-09-25,8282,2395200,78800
2026-09-25,8285,107300,1578700
2026-09-25,8291,14300,357100
2026-09-25,8303,175600,9380200
2026-09-25,8304,1570600,2215700
2026-09-25,8306,2354300,33582800
2026-09-25,8308,733700,2576000
2026-09-25,8309,117200,4115600
2026-09-25,8316,593800,13367000
2026-09-25,8331,346500,538200
2026-09-25,8334,165900,175500
2026-09-25,8336,54700,259700
2026-09-25,8337,26200,405300
2026-09-25,8338,480500,2853700
2026-09-25,8341,29800,459000
2026-09-25,8343,29900,106300
2026-09-25,8344,62300,82700
2026-09-25,8345,26800,400800
2026-09-25,8346,249800,551100
2026-09-25,8349,5500,112000
2026-09-25,8354,49700,352700
2026-09-25,8358,131700,720600
2026-09-25,8359,133900,343200
2026-09-25,8360,18200,730100
2026-09-25,8361,99200,119800
2026-09-25,8362,35500,68200
2026-09-25,8364,7900,437300
2026-09-25,8365,24900,101400
2026-09-25,8366,72000,302900
2026-09-25,8367,32600,626600
2026-09-25,8368,232400,337700
2026-09-25,8370,12100,86200
2026-09-25,8377,42800,147600
2026-09-25,8381,75800,254100
2026-09-25,8383,4300,126900
2026-09-25,8386,27000,305900
2026-09-25,8387,62100,482000
2026-09-25,8388,44500,286400
2026-09-25,8392,24400,697000
2026-09-25,8393,26700,887400
2026-09-25,8395,3600,446000
2026-09-25,8399,26000,249100
2026-09-25,8410,5622700,3353200
2026-09-25,8411,902900,7175000
2026-09-25,8416,12700,307800
2026-09-25,8418,38000,272900
2026-09-25,8421,131,250
2026-09-25,8424,9100,91200
2026-09-25,8425,14700,582000
2026-09-25,8439,14600,461700
2026-09-25,8473,98700,5586500
2026-09-25,8508,213900,6757300
2026-09-25,8511,47700,214800
2026-09-25,8518,0,1594200
2026-09-25,8522,9300,78400
2026-09-25,8524,133700,973000
2026-09-25,8537,6300,201000
2026-09-25,8541,37800,202100
2026-09-25,8542,1600,185900
2026-09-25,8544,37200,379000
2026-09-25,8550,138900,1443700
2026-09-25,8551,21700,322000
2026-09-25,8558,58000,216600
2026-09-25,8562,373200,915400
2026-09-25,8563,13800,787800
2026-09-25,8566,76500,11500
2026-09-25,8570,11500,1183500
2026-09-25,8572,44200,3130100
2026-09-25,8584,10900,261600
2026-09-25,8585,27100,1683700
2026-09-25,8591,78700,1568000
2026-09-25,8593,951400,3038300
2026-09-25,8595,65000,466300
2026-09-25,8596,1100,208600
2026-09-25,8600,28600,1658200
2026-09-25,8601,287600,2556000
2026-09-25,8604,463800,10034200
2026-09-25,8609,29900,587300
2026-09-25,8613,142300,347500
2026-09-25,8614,370400,1341500
2026-09-25,8616,50800,494200
2026-09-25,8617,4500,468300
2026-09-25,8622,47200,458200
2026-09-25,8624,30700,126900
2026-09-25,8628,216300,498700
2026-09-25,8630,40500,461300
2026-09-25,8697,417000,270800
2026-09-25,8698,1757800,4583100
2026-09-25,8699,2500,9048300
2026-09-25,8700,0,72400
2026-09-25,8704,12800,378000
2026-09-25,8705,147300,935100
2026-09-25,8706,33100,243800
2026-09-25,8707,34000,169400
2026-09-25,8708,35200,262800
2026-09-25,8713,5400,198300
2026-09-25,8714,160800,4732300
2026-09-25,8715,185200,410200
2026-09-25,8725,74400,1779600
2026-09-25,8729,8000500,68954700
2026-09-25,8737,0,593800
2026-09-25,8739,1153000,85000
2026-09-25,8742,40600,266100
2026-09-25,8746,0,1470400
2026-09-25,8747,0,182500
2026-09-25,8750,265600,2214600
2026-09-25,8766,269400,2876600
2026-09-25,8769,5300,475400
2026-09-25,8771,30700,578600
2026-09-25,8772,0,76500
2026-09-25,8783,0,2661200
2026-09-25,8789,403200,3773600
2026-09-25,8793,6300,29400
2026-09-25,8795,106800,209600
2026-09-25,8798,0,687800
2026-09-25,8801,1235700,2929700
2026-09-25,8802,477100,913900
2026-09-25,8803,20500,114700
2026-09-25,8804,68700,142500
2026-09-25,8818,5693200,512900
2026-09-25,8830,355600,1569300
2026-09-25,8835,43800,294600
2026-09-25,8836,0,726700
2026-09-25,8841,230300,191100
2026-09-25,8844,2500,659400
2026-09-25,8848,151200,2028600
2026-09-25,8850,4200,25700
2026-09-25,8860,14300,166700
2026-09-25,8864,5800,226800
2026-09-25,8869,81500,381400
2026-09-25,8871,5700,137800
2026-09-25,8876,16500,48300
2026-09-25,8877,3800,85200
2026-09-25,8881,13800,845300
2026-09-25,8887,47100,1682600
2026-09-25,8891,0,99800
2026-09-25,8892,42200,222600
2026-09-25,8894,0,5460100
2026-09-25,8897,8506700,1190200
2026-09-25,8898,0,61400
2026-09-25,8904,0,166800
2026-09-25,8908,800,122300
2026-09-25,8912,181400,348500
2026-09-25,8914,36100,986300
2026-09-25,8917,46400,1177000
2026-09-25,8918,0,66096300
2026-09-25,8919,29400,46300
2026-09-25,8920,9900,346200
2026-09-25,8923,10100,187000
2026-09-25,8927,33900,559800
2026-09-25,8928,19700,56900
2026-09-25,8929,0,139800
2026-09-25,8931,3000,283700
2026-09-25,8934,47100,641000
2026-09-25,8935,30000,84300
2026-09-25,8938,0,1468700
2026-09-25,8944,0,1030700
2026-09-25,8945,0,94400
2026-09-25,8946,0,1953500
2026-09-25,8951,156,2994
2026-09-25,8952,63,4280
2026-09-25,8953,131,15786
2026-09-25,8954,11,1684
2026-09-25,8955,21,1829
2026-09-25,8956,20,1853
2026-09-25,8957,160,483
2026-09-25,8958,427,4331
2026-09-25,8960,13,3471
2026-09-25,8961,284,1831
2026-09-25,8963,152,40669
2026-09-25,8964,18,5560
2026-09-25,8966,13,15640
2026-09-25,8967,72,1281
2026-09-25,8968,23,548
2026-09-25,8972,2,5556
2026-09-25,8975,284,2677
2026-09-25,8976,29,540
2026-09-25,8977,97,1057
2026-09-25,8979,44,763
2026-09-25,8984,44,6934
2026-09-25,8985,788,38655
2026-09-25,8986,36,3040
2026-09-25,8987,149,806
2026-09-25,8995,700,120700
2026-09-25,8996,2900,58800
2026-09-25,8999,12900,354300
2026-09-25,9001,1156000,249000
2026-09-25,9003,1737400,216200
2026-09-25,9005,811600,869000
2026-09-25,9006,1396500,219700
2026-09-25,9007,884100,338600
2026-09-25,9008,968400,1966100
2026-09-25,9009,607700,427400
2026-09-25,9010,408600,56200
2026-09-25,9012,0,1500
2026-09-25,9017,0,6400
2026-09-25,9020,89500,991200
2026-09-25,9021,761400,664000
2026-09-25,9022,362600,731700
2026-09-25,9023,1386100,1504000
2026-09-25,9024,1533800,265100
2026-09-25,9025,1200,24100
2026-09-25,9028,100,44600
2026-09-25,9029,0,78600
2026-09-25,9031,1332900,67800
2026-09-25,9033,0,70400
2026-09-25,9034,0,44800
2026-09-25,9036,0,164200
2026-09-25,9037,6600,142600
2026-09-25,9039,486900,14900
2026-09-25,9041,2590300,817600
2026-09-25,9042,294100,130900
2026-09-25,9044,2577500,97500
2026-09-25,9045,276600,272100
2026-09-25,9046,45000,26100
2026-09-25,9048,6053100,436800
2026-09-25,9049,0,1200
2026-09-25,9051,0,1900
2026-09-25,9052,777500,49200
2026-09-25,9057,0,32800
2026-09-25,9059,200,69800
2026-09-25,9060,0,4900
2026-09-25,9063,0,72100
2026-09-25,9064,48000,162400
2026-09-25,9065,3800,51500
2026-09-25,9068,3400,22900
2026-09-25,9069,29500,60700
2026-09-25,9072,29200,286500
2026-09-25,9073,0,4900
2026-09-25,9074,400,22300
2026-09-25,9075,9400,20400
2026-09-25,9076,18200,85000
2026-09-25,9081,112000,7400
2026-09-25,9082,0,26000
2026-09-25,9083,0,5700
2026-09-25,9087,0,4700
2026-09-25,9090,3204200,916200
2026-09-25,9101,670600,1206000
2026-09-25,9104,334800,1211200
2026-09-25,9107,808600,1675100
2026-09-25,9110,4100,99200
2026-09-25,9115,0,1999700
2026-09-25,9119,87200,120600
2026-09-25,9127,0,31600
2026-09-25,9130,133200,288400
2026-09-25,9142,67700,441000
2026-09-25,9143,121900,461900
2026-09-25,9145,700,2518900
2026-09-25,9147,28100,88200
2026-09-25,9158,93000,646600
2026-09-25,9159,0,314600
2026-09-25,9160,11900,610700
2026-09-25,9162,0,1512100
2026-09-25,9163,0,388000
2026-09-25,9165,0,83600
2026-09-25,9166,18900,5710400
2026-09-25,9168,0,1176100
2026-09-25,9171,0,559800
2026-09-25,9173,0,5300
2026-09-25,9193,0,96900
2026-09-25,9201,440100,1046200
2026-09-25,9202,393200,664800
2026-09-25,9204,0,3081400
2026-09-25,9206,0,40100
2026-09-25,9211,0,684000
2026-09-25,9212,0,1482300
2026-09-25,9213,0,200000
2026-09-25,9214,0,12900
2026-09-25,9215,0,30500
2026-09-25,9216,27300,175300
2026-09-25,9218,26200,164100
2026-09-25,9219,3500,79500
2026-09-25,9220,0,65700
2026-09-25,9221,0,42500
2026-09-25,9223,0,348400
2026-09-25,9225,0,7800
2026-09-25,9227,603000,1066500
2026-09-25,9229,0,2097000
2026-09-25,9233,15000,64100
2026-09-25,9235,0,597200
2026-09-25,9236,0,54700
2026-09-25,9237,0,230300
2026-09-25,9238,0,89200
2026-09-25,9240,0,161900
2026-09-25,9241,0,15300
2026-09-25,9242,0,33700
2026-09-25,9244,0,13400
2026-09-25,9245,0,93500
2026-09-25,9246,0,20000
2026-09-25,9247,15600,200500
2026-09-25,9248,2200,133900
2026-09-25,9249,0,10400
2026-09-25,9250,0,91500
2026-09-25,9251,0,130100
2026-09-25,9252,0,159900
2026-09-25,9253,0,39100
2026-09-25,9254,0,48600
2026-09-25,9256,0,269700
2026-09-25,9257,0,3932900
2026-09-25,9258,0,322500
2026-09-25,9259,0,274000
2026-09-25,9262,3900,195300
2026-09-25,9264,6300,113800
2026-09-25,9265,0,387900
2026-09-25,9267,10600,79900
2026-09-25,9268,11800,1919500
2026-09-25,9270,8500,406800
2026-09-25,9271,0,269900
2026-09-25,9272,0,570700
2026-09-25,9273,8100,178700
2026-09-25,9274,1458600,130700
2026-09-25,9278,158100,69000
2026-09-25,9279,36200,440500
2026-09-25,9282,0,6705
2026-09-25,9284,0,13294
2026-09-25,9285,0,6233
2026-09-25,9286,79,32795
2026-09-25,9301,134400,155000
2026-09-25,9302,30600,50600
2026-09-25,9303,9000,21000
2026-09-25,9304,181900,188100
2026-09-25,9305,347500,48200
2026-09-25,9306,300,350900
2026-09-25,9307,9400,131500
2026-09-25,9308,43300,70400
2026-09-25,9310,11200,21600
2026-09-25,9311,0,6100
2026-09-25,9312,400,71800
2026-09-25,9313,0,58100
2026-09-25,9319,177700,882700
2026-09-25,9322,0,23900
2026-09-25,9324,9600,49000
2026-09-25,9325,0,183300
2026-09-25,9326,0,148700
2026-09-25,9327,0,1236100
2026-09-25,9330,0,19400
2026-09-25,9331,0,47900
2026-09-25,9332,67000,262300
2026-09-25,9336,16500,31200
2026-09-25,9337,0,414300
2026-09-25,9339,0,29500
2026-09-25,9340,0,371700
2026-09-25,9341,0,571200
2026-09-25,9342,0,82400
2026-09-25,9343,0,1652300
2026-09-25,9344,0,195600
2026-09-25,9345,0,105500
2026-09-25,9346,0,81800
2026-09-25,9347,939500,18400
2026-09-25,9348,8100,5150500
2026-09-25,9351,1400,23900
2026-09-25,9353,0,17900
2026-09-25,9355,0,5700
2026-09-25,9360,0,47200
2026-09-25,9361,0,9100
2026-09-25,9362,0,1600
2026-09-25,9363,0,172200
2026-09-25,9364,5800,49600
2026-09-25,9365,0,12900
2026-09-25,9366,6700,98000
2026-09-25,9367,0,5100
2026-09-25,9368,16300,32600
2026-09-25,9369,1500,80200
2026-09-25,9376,3700,24400
2026-09-25,9380,6400,53300
2026-09-25,9381,0,29800
2026-09-25,9385,2500,88600
2026-09-25,9401,10500,54000
2026-09-25,9404,113000,66000
2026-09-25,9405,608900,84900
2026-09-25,9408,0,6500
2026-09-25,9409,21000,377600
2026-09-25,9412,568100,4328900
2026-09-25,9413,5600,70800
2026-09-25,9414,33800,770000
2026-09-25,9416,132800,2789000
2026-09-25,9417,106700,196400
2026-09-25,9418,98400,4780100
2026-09-25,9419,0,220400
2026-09-25,9421,0,14800
2026-09-25,9423,16500,315600
2026-09-25,9424,1225300,9636700
2026-09-25,9425,6700,3506800
2026-09-25,9428,100,18600
2026-09-25,9432,18442300,75167500
2026-09-25,9433,898500,791000
2026-09-25,9434,3735700,24583800
2026-09-25,9435,3800,382700
2026-09-25,9436,23500,160100
2026-09-25,9438,57300,84700
2026-09-25,9439,0,169300
2026-09-25,9441,200,25200
2026-09-25,9444,0,98200
2026-09-25,9445,200,42800
2026-09-25,9446,0,250200
2026-09-25,9449,33700,89700
2026-09-25,9450,12700,417000
2026-09-25,9466,1200,174600
2026-09-25,9467,400,341600
2026-09-25,9468,170100,61200
2026-09-25,9470,1258600,145500
2026-09-25,9474,35200,276900
2026-09-25,9475,0,7000
2026-09-25,9476,0,45700
2026-09-25,9478,0,1739000
2026-09-25,9501,1348100,82304300
2026-09-25,9502,131100,581000
2026-09-25,9503,203100,1106000
2026-09-25,9504,162300,2184300
2026-09-25,9505,73800,1249300
2026-09-25,9506,109900,3564900
2026-09-25,9507,89200,390400
2026-09-25,9508,53000,802100
2026-09-25,9509,2729600,4182500
2026-09-25,9511,32300,302800
2026-09-25,9513,42400,790100
2026-09-25,9514,800,727800
2026-09-25,9517,657200,815500
2026-09-25,9519,427100,2142700
2026-09-25,9531,23600,132900
2026-09-25,9532,53100,213800
2026-09-25,9533,285400,53200
2026-09-25,9534,45400,94900
2026-09-25,9535,43500,83300
2026-09-25,9536,1581400,51100
2026-09-25,9537,0,2700
2026-09-25,9539,8900,555900
2026-09-25,9543,28200,48700
2026-09-25,9551,3500,82900
2026-09-25,9552,82800,729100
2026-09-25,9553,239600,1034700
2026-09-25,9554,0,163700
2026-09-25,9556,100,191600
2026-09-25,9557,0,444900
2026-09-25,9558,0,72700
2026-09-25,9560,57100,508800
2026-09-25,9561,0,322000
2026-09-25,9562,0,40800
2026-09-25,9563,0,320300
2026-09-25,9564,0,383200
2026-09-25,9565,0,83700
2026-09-25,9601,44300,32200
2026-09-25,9602,138400,914400
2026-09-25,9603,127500,1389200
2026-09-25,9605,60500,4400
2026-09-25,9610,0,971100
2026-09-25,9612,100,187400
2026-09-25,9616,2377100,583100
2026-09-25,9619,3800,56600
2026-09-25,9621,7400,48900
2026-09-25,9622,14700,106500
2026-09-25,9625,0,257600
2026-09-25,9627,15000,68600
2026-09-25,9628,17700,309900
2026-09-25,9629,13000,33700
2026-09-25,9632,2100,84800
2026-09-25,9633,62700,265500
2026-09-25,9635,0,3300
2026-09-25,9636,0,9200
2026-09-25,9639,0,245000
2026-09-25,9640,0,63300
2026-09-25,9644,942800,113900
2026-09-25,9647,0,17900
2026-09-25,9651,0,67600
2026-09-25,9656,0,29100
2026-09-25,9658,205800,211800
2026-09-25,9661,0,17900
2026-09-25,9663,179500,65400
2026-09-25,9672,9300,91500
2026-09-25,9678,17200,66800
2026-09-25,9679,0,3800
2026-09-25,9682,58700,88300
2026-09-25,9684,145200,271800
2026-09-25,9685,0,85600
2026-09-25,9686,0,25800
2026-09-25,9687,4100,10600
2026-09-25,9691,0,1700
2026-09-25,9692,16300,107500
2026-09-25,9697,161200,760100
2026-09-25,9698,0,140000
2026-09-25,9699,25400,28800
2026-09-25,9701,0,2800
2026-09-25,9702,19200,199400
2026-09-25,9704,0,6882400
2026-09-25,9706,212900,66000
2026-09-25,9708,6800,222600
2026-09-25,9709,0,87800
2026-09-25,9713,0,55100
2026-09-25,9715,21200,15300
2026-09-25,9716,35600,237900
2026-09-25,9720,0,2100
2026-09-25,9722,211100,119900
2026-09-25,9723,0,19900
2026-09-25,9726,13600,39500
2026-09-25,9729,2000,14200
2026-09-25,9731,0,23800
2026-09-25,9733,0,93000
2026-09-25,9735,17400,52100
2026-09-25,9739,0,112800
2026-09-25,9740,500,38600
2026-09-25,9742,20200,17900
2026-09-25,9743,48200,403800
2026-09-25,9744,42400,180400
2026-09-25,9746,4700,14300
2026-09-25,9753,0,318800
2026-09-25,9755,5500,89600
2026-09-25,9757,138400,236900
2026-09-25,9759,701900,94100
2026-09-25,9760,54900,485300
2026-09-25,9761,0,46600
2026-09-25,9763,2300,109800
2026-09-25,9765,3800,78700
2026-09-25,9766,95300,60900
2026-09-25,9767,0,24000
2026-09-25,9768,100,123000
2026-09-25,9769,900,66100
2026-09-25,9778,0,2200
2026-09-25,9780,0,40000
2026-09-25,9782,0,125900
2026-09-25,9788,9300,100700
2026-09-25,9790,3500,25100
2026-09-25,9791,0,275900
2026-09-25,9793,3400,44500
2026-09-25,9795,115800,26000
2026-09-25,9799,0,98900
2026-09-25,9812,0,155600
2026-09-25,9816,0,559900
2026-09-25,9818,0,4700
2026-09-25,9820,0,14900
2026-09-25,9823,0,472500
2026-09-25,9824,25500,29100
2026-09-25,9827,0,140200
2026-09-25,9828,263300,132700
2026-09-25,9830,7500,107800
2026-09-25,9831,12807500,1178800
2026-09-25,9832,2457500,90400
2026-09-25,9835,1200,11800
2026-09-25,9837,3000,81400
2026-09-25,9842,23800,181300
2026-09-25,9843,433800,1035300
2026-09-25,9845,0,60600
2026-09-25,9846,0,58400
2026-09-25,9849,0,500
2026-09-25,9850,795300,88400
2026-09-25,9853,0,34800
2026-09-25,9854,0,503500
2026-09-25,9856,500,218600
2026-09-25,9857,0,24100
2026-09-25,9861,212700,92600
2026-09-25,9867,0,8200
2026-09-25,9869,4300,1400
2026-09-25,9872,3000,77600
2026-09-25,9876,0,507400
2026-09-25,9878,0,101400
2026-09-25,9880,1300,310700
2026-09-25,9882,362300,55200
2026-09-25,9885,0,218500
2026-09-25,9887,112400,62400
2026-09-25,9888,0,519200
2026-09-25,9889,20600,129300
2026-09-25,9890,0,168200
2026-09-25,9895,0,14400
2026-09-25,9896,2400,301900
2026-09-25,9900,2793700,87300
2026-09-25,9902,296800,50300
2026-09-25,9903,200,28000
2026-09-25,9904,0,98900
2026-09-25,9906,0,26300
2026-09-25,9908,100,53600
2026-09-25,9913,27600,398800
2026-09-25,9928,5600,17300
2026-09-25,9929,0,9600
2026-09-25,9930,1000,701300
2026-09-25,9932,4200,65600
2026-09-25,9934,6500,68500
2026-09-25,9936,1407500,76300
2026-09-25,9941,0,265800
2026-09-25,9946,153300,48500
2026-09-25,9948,17600,13200
2026-09-25,9950,0,2900
2026-09-25,9955,0,4300
2026-09-25,9956,8700,114000
2026-09-25,9959,2200,172400
2026-09-25,9960,3500,37600
2026-09-25,9962,27000,64300
2026-09-25,9969,2600,88700
2026-09-25,9972,1200,2762800
2026-09-25,9973,0,7188600
2026-09-25,9974,4100,18500
2026-09-25,9976,0,14200
2026-09-25,9978,0,2330900
2026-09-25,9979,103200,63500
2026-09-25,9980,0,1576800
2026-09-25,9982,0,44200
2026-09-25,9983,160900,490700
2026-09-25,9984,4555800,30448600
2026-09-25,9986,0,8000
2026-09-25,9987,26900,13800
2026-09-25,9989,5100,199900
2026-09-25,9990,49000,194400
2026-09-25,9991,1600,76100
2026-09-25,9993,0,9400
2026-09-25,9994,3400,167600
2026-09-25,9996,100,6100
2026-09-25,9997,1607200,324100
2026-09-28,1301,9500,154400
2026-09-28,1305,11930,46940
2026-09-28,1306,2638090,12272920
2026-09-28,1308,52522,69801
2026-09-28,1309,0,1487
2026-09-28,130A,0,257800
2026-09-28,1311,2541,21187
2026-09-28,1319,0,7000
2026-09-28,1320,8318,17919
2026-09-28,1321,91452,270564
2026-09-28,1322,0,25126
2026-09-28,1325,930,156080
2026-09-28,1328,4705,155794
2026-09-28,1329,24301,325288
2026-09-28,1330,5854,16012
2026-09-28,1332,85500,594100
2026-09-28,1333,35000,199500
2026-09-28,133A,20216,44398
2026-09-28,1343,28560,1269580
2026-09-28,1345,91,116082
2026-09-28,1346,2221,9496
2026-09-28,1348,570,40226
2026-09-28,1356,1182220,2546040
2026-09-28,1357,1432784,2977676
2026-09-28,1358,1098,13369
2026-09-28,135A,54900,286000
2026-09-28,1360,12476390,37710530
2026-09-28,1364,1,5419
2026-09-28,1365,35511,286240
2026-09-28,1366,62607,2725258
2026-09-28,1367,3829,118700
2026-09-28,1368,24781,103115
2026-09-28,1369,34,582
2026-09-28,1375,74600,61000
2026-09-28,1376,0,34000
2026-09-28,1377,19300,43300
2026-09-28,1379,9400,25500
2026-09-28,137A,0,104600
2026-09-28,1380,0,3300
2026-09-28,1381,0,55200
2026-09-28,1382,0,7300
2026-09-28,1383,0,10400
2026-09-28,1384,0,119900
2026-09-28,138A,0,71200
2026-09-28,1397,0,27
2026-09-28,1398,210,6960
2026-09-28,1399,0,4230
2026-09-28,1401,0,79000
2026-09-28,1407,13400,756500
2026-09-28,140A,0,248
2026-09-28,1414,186100,803300
2026-09-28,1417,17500,91600
2026-09-28,1418,24900,525900
2026-09-28,1419,659300,191500
2026-09-28,141A,459300,1052300
2026-09-28,1420,5500,112700
2026-09-28,1429,25600,531900
2026-09-28,142A,0,314300
2026-09-28,1430,800,373700
2026-09-28,1431,294900,77100
2026-09-28,1433,102900,251800
2026-09-28,1434,11800,371800
2026-09-28,1435,4800,4011300
2026-09-28,1436,0,307600
2026-09-28,1438,0,46900
2026-09-28,143A,0,106600
2026-09-28,1443,0,957200
2026-09-28,1444,0,22500
2026-09-28,1446,27400,46000
2026-09-28,1447,0,1702700
2026-09-28,1450,0,67700
2026-09-28,1456,1655,31663
2026-09-28,1457,509,34083
2026-09-28,1458,10067,83102
2026-09-28,1459,1181838,6925521
2026-09-28,145A,0,263200
2026-09-28,1466,0,1915
2026-09-28,1469,0,20790
2026-09-28,146A,0,521100
2026-09-28,1472,0,25550
2026-09-28,1473,2310,10500
2026-09-28,1474,0,10
2026-09-28,1475,45990,1830220
2026-09-28,1476,92,100256
2026-09-28,1477,0,569
2026-09-28,1478,170,12615
2026-09-28,1479,1,21
2026-09-28,147A,125300,608400
2026-09-28,1480,0,0
2026-09-28,1481,0,11
2026-09-28,1482,67,38293
2026-09-28,1483,0,0
2026-09-28,1484,0,300
2026-09-28,1485,0,0
2026-09-28,1486,32,3662
2026-09-28,1487,0,2455
2026-09-28,1488,1,35161
2026-09-28,1489,21636,360116
2026-09-28,148A,0,105100
2026-09-28,1490,0,3
2026-09-28,1491,0,89500
2026-09-28,1493,0,59
2026-09-28,1494,2,2037
2026-09-28,1495,0,940
2026-09-28,1496,59,2858
2026-09-28,1497,58,55380
2026-09-28,1498,0,243
2026-09-28,1499,12,14
2026-09-28,149A,0,130800
2026-09-28,150A,0,860000
2026-09-28,1514,648200,1699000
2026-09-28,1515,69200,919700
2026-09-28,1518,348500,470300
2026-09-28,151A,0,171300
2026-09-28,153A,15700,140700
2026-09-28,1540,23281,1104192
2026-09-28,1541,3053,205543
2026-09-28,1542,4979,418766
2026-09-28,1543,0,2443
2026-09-28,1545,2209520,24788710
2026-09-28,1546,251,3277
2026-09-28,1547,2259,127452
2026-09-28,1550,195,38848
2026-09-28,1551,0,960
2026-09-28,1554,194,8096
2026-09-28,1555,62,2231
2026-09-28,1559,257,1172
2026-09-28,155A,7000,515400
2026-09-28,1560,39,1971
2026-09-28,1563,4374,27390
2026-09-28,1566,164,4469
2026-09-28,1568,514700,2942980
2026-09-28,1569,7580,691520
2026-09-28,156A,2900,546100
2026-09-28,1570,222830,1801051
2026-09-28,1571,101745,2286365
2026-09-28,1572,0,22620
2026-09-28,1573,140,4820
2026-09-28,1577,111,3225
2026-09-28,1578,309,4364
2026-09-28,1579,886700,11160230
2026-09-28,157A,0,394000
2026-09-28,1580,14550,1394370
2026-09-28,1585,0,50
2026-09-28,1586,0,360
2026-09-28,1591,0,274
2026-09-28,1592,0,3721
2026-09-28,1593,2,32
2026-09-28,1595,0,760350
2026-09-28,1596,0,5
2026-09-28,1597,402,242397
2026-09-28,1599,15,6
2026-09-28,159A,0,6610
2026-09-28,1605,231900,3024600
2026-09-28,160A,0,149400
2026-09-28,1615,149730,2916370
2026-09-28,1617,37,768
2026-09-28,1618,8,1717
2026-09-28,1619,47,937
2026-09-28,1620,90,499
2026-09-28,1621,19,758
2026-09-28,1622,61,1694
2026-09-28,1623,28,8762
2026-09-28,1624,6,308
2026-09-28,1625,135,1116
2026-09-28,1626,36,743
2026-09-28,1627,364,4370
2026-09-28,1628,30,277
2026-09-28,1629,3940,989240
2026-09-28,162A,0,350
2026-09-28,1630,22,1588
2026-09-28,1631,264,6113
2026-09-28,1632,25,2337
2026-09-28,1633,247,461
2026-09-28,163A,0,7046
2026-09-28,1651,0,44149
2026-09-28,1652,0,20
2026-09-28,1653,0,60
2026-09-28,1654,0,0
2026-09-28,1655,113770,7474060
2026-09-28,1656,850,272920
2026-09-28,1657,0,7410
2026-09-28,1658,90,29115
2026-09-28,1659,60,8688
2026-09-28,1660,27,2379
2026-09-28,1662,34400,985000
2026-09-28,1663,25300,473900
2026-09-28,166A,508200,1921700
2026-09-28,1671,435579,421432
2026-09-28,1677,0,810
2026-09-28,1678,37700,3490230
2026-09-28,1679,0,260
2026-09-28,167A,47000,110300
2026-09-28,1680,25,9074
2026-09-28,1681,196,51251
2026-09-28,168A,0,47000
2026-09-28,1698,595,13945
2026-09-28,1699,891070,993680
2026-09-28,170A,0,45
2026-09-28,1711,0,419800
2026-09-28,1716,2900,619100
2026-09-28,1717,0,132100
2026-09-28,1718,0,93000
2026-09-28,1719,234800,430700
2026-09-28,1720,39000,160800
2026-09-28,1721,40700,41000
2026-09-28,1723,0,185100
2026-09-28,1724,0,174300
2026-09-28,1736,0,34400
2026-09-28,173A,0,38100
2026-09-28,1758,0,92100
2026-09-28,175A,0,154300
2026-09-28,1762,54600,30600
2026-09-28,1764,0,20800
2026-09-28,1766,5200,29700
2026-09-28,1768,5000,91300
2026-09-28,1770,0,107000
2026-09-28,177A,0,222200
2026-09-28,1780,40100,56100
2026-09-28,1783,700,3954000
2026-09-28,1786,88300,530500
2026-09-28,1787,0,6200
2026-09-28,1788,0,6400
2026-09-28,178A,1,20814
2026-09-28,1793,0,63300
2026-09-28,1795,0,400
2026-09-28,1798,0,582800
2026-09-28,1799,15100,87800
2026-09-28,179A,60,167280
2026-09-28,1801,79800,448400
2026-09-28,1802,148600,740500
2026-09-28,1803,345600,2832400
2026-09-28,1807,100,21500
2026-09-28,1808,87600,249000
2026-09-28,180A,0,99590
2026-09-28,1810,33100,219800
2026-09-28,1811,4400,130600
2026-09-28,1812,182100,1240000
2026-09-28,1813,18100,106900
2026-09-28,1814,40100,246500
2026-09-28,1815,38100,166500
2026-09-28,181A,0,0
2026-09-28,1820,48800,122800
2026-09-28,1822,1255800,267700
2026-09-28,1826,15500,156200
2026-09-28,1827,25200,949000
2026-09-28,1828,0,66600
2026-09-28,182A,0,7750
2026-09-28,1833,73800,150200
2026-09-28,1835,9800,67400
2026-09-28,183A,0,1040
2026-09-28,1840,0,289300
2026-09-28,1844,0,585300
2026-09-28,1847,800,337000
2026-09-28,1848,111100,63200
2026-09-28,184A,0,159000
2026-09-28,1850,0,696700
2026-09-28,1852,172800,762500
2026-09-28,1853,0,599700
2026-09-28,1860,71900,120000
2026-09-28,1861,136900,910200
2026-09-28,1866,400,203300
2026-09-28,1867,26000,46800
2026-09-28,186A,3452600,6781100
2026-09-28,1870,68400,129200
2026-09-28,1871,49400,224000
2026-09-28,1873,11000,335700
2026-09-28,1878,540400,670600
2026-09-28,1879,2769600,504100
2026-09-28,1882,354700,425300
2026-09-28,1885,117800,596000
2026-09-28,1887,12900,987500
2026-09-28,1888,2100,58700
2026-09-28,188A,0,26844
2026-09-28,1893,219400,1658500
2026-09-28,1897,0,41400
2026-09-28,1898,85600,201300
2026-09-28,1899,6400,65700
2026-09-28,189A,0,216300
2026-09-28,1904,48000,67300
2026-09-28,1905,0,69200
2026-09-28,190A,0,3247200
2026-09-28,1911,78500,4623400
2026-09-28,1914,28500,145800
2026-09-28,1921,24700,2099600
2026-09-28,1925,186100,527500
2026-09-28,1926,7100,112800
2026-09-28,1928,542000,863100
2026-09-28,1929,44200,179600
2026-09-28,192A,0,100600
2026-09-28,1930,28400,251100
2026-09-28,1934,19600,150100
2026-09-28,1938,0,218800
2026-09-28,1939,40700,116200
2026-09-28,1941,6300,24200
2026-09-28,1942,27600,413000
2026-09-28,1944,42400,249700
2026-09-28,1945,39400,350100
2026-09-28,1946,5900,91000
2026-09-28,194A,0,163900
2026-09-28,1950,16400,73100
2026-09-28,1951,25600,115800
2026-09-28,1952,62200,166700
2026-09-28,1959,9600,82800
2026-09-28,195A,0,255100
2026-09-28,1960,0,377700
2026-09-28,1961,39100,183800
2026-09-28,1963,57100,1310600
2026-09-28,1964,1500,66400
2026-09-28,1965,12400,63500
2026-09-28,1966,5100,101500
2026-09-28,1967,27900,93300
2026-09-28,1968,2500,140600
2026-09-28,1969,40100,280600
2026-09-28,196A,0,693400
2026-09-28,1972,4300,406000
2026-09-28,1975,10100,71600
2026-09-28,1976,29700,67200
2026-09-28,1979,7900,49300
2026-09-28,197A,343000,1600500
2026-09-28,1980,21700,474700
2026-09-28,1981,0,23600
2026-09-28,1982,18700,106700
2026-09-28,198A,0,1199400
2026-09-28,1992,0,500
2026-09-28,1994,0,138500
2026-09-28,1997,0,13500
2026-09-28,2001,54500,53100
2026-09-28,2002,74700,103500
2026-09-28,2003,9100,28900
2026-09-28,2004,23700,131800
2026-09-28,2009,0,71700
2026-09-28,200A,98254,2585708
2026-09-28,2011,0,1050
2026-09-28,2012,90,151010
2026-09-28,2013,2620,476750
2026-09-28,2014,10,258910
2026-09-28,2015,0,231
2026-09-28,2016,0,33600
2026-09-28,2017,67,45263
2026-09-28,2018,0,26
2026-09-28,2019,0,5522
2026-09-28,201A,22320,411940
2026-09-28,2031,0,3023
2026-09-28,2032,0,1371
2026-09-28,2033,0,13848
2026-09-28,2034,0,32902
2026-09-28,2036,0,39016
2026-09-28,2037,0,16859
2026-09-28,2038,0,119882
2026-09-28,2039,0,3015784
2026-09-28,2040,0,1960
2026-09-28,2041,0,40255
2026-09-28,2042,0,1701
2026-09-28,2043,0,23
2026-09-28,2044,0,4436
2026-09-28,2045,0,1
2026-09-28,2046,0,12301
2026-09-28,2047,0,2016
2026-09-28,2048,0,40
2026-09-28,2050,0,70
2026-09-28,2053,545200,135600
2026-09-28,2055,400,1393800
2026-09-28,205A,0,178300
2026-09-28,2060,43100,344100
2026-09-28,2065,0,0
2026-09-28,2066,0,0
2026-09-28,2067,0,0
2026-09-28,2068,0,1
2026-09-28,2069,0,16
2026-09-28,206A,0,1026400
2026-09-28,2070,0,0
2026-09-28,2071,0,41
2026-09-28,2072,0,38
2026-09-28,2073,0,2
2026-09-28,2080,987,135990
2026-09-28,2081,9,2599
2026-09-28,2082,0,38
2026-09-28,2083,417,18831
2026-09-28,2084,159,11358
2026-09-28,2085,1240,39060
2026-09-28,2086,0,0
2026-09-28,2087,0,0
2026-09-28,2088,0,346
2026-09-28,2089,0,116
2026-09-28,208A,0,98500
2026-09-28,2090,0,10
2026-09-28,2091,0,0
2026-09-28,2092,0,0
2026-09-28,2093,0,420
2026-09-28,2094,0,2592
2026-09-28,2095,0,2900
2026-09-28,2096,0,7176
2026-09-28,2097,0,21282
2026-09-28,2098,0,24438
2026-09-28,2108,29400,453000
2026-09-28,2109,13600,19100
2026-09-28,210A,0,237256
2026-09-28,2112,4700,467200
2026-09-28,2114,201300,16000
2026-09-28,2117,7400,21500
2026-09-28,211A,0,61500
2026-09-28,2120,3697900,3391600
2026-09-28,2121,61100,187600
2026-09-28,2122,0,30900
2026-09-28,2124,30900,143900
2026-09-28,2127,1238900,3080200
2026-09-28,212A,75600,649600
2026-09-28,2130,29200,339600
2026-09-28,2134,0,10958500
2026-09-28,2136,0,69200
2026-09-28,2138,106700,1234900
2026-09-28,2139,58000,70200
2026-09-28,213A,57620,1470230
2026-09-28,2146,1094500,1912600
2026-09-28,2148,0,150300
2026-09-28,2152,0,22400
2026-09-28,2153,100,204100
2026-09-28,2154,24000,45500
2026-09-28,2156,0,146600
2026-09-28,2157,36000,928900
2026-09-28,2158,0,1786100
2026-09-28,215A,145500,4955100
2026-09-28,2160,707600,8248500
2026-09-28,2163,0,175300
2026-09-28,2164,0,179300
2026-09-28,2168,38300,409100
2026-09-28,2169,1400,16100
2026-09-28,2170,1104600,855900
2026-09-28,2173,11300,201200
2026-09-28,2175,54200,100800
2026-09-28,2179,1000,243400
2026-09-28,2181,717900,1881100
2026-09-28,2183,0,372400
2026-09-28,2185,0,21600
2026-09-28,2186,0,83900
2026-09-28,218A,0,932900
2026-09-28,2193,699300,1377500
2026-09-28,2195,0,243100
2026-09-28,2198,23400,73400
2026-09-28,219A,513400,1685400
2026-09-28,2201,122000,113600
2026-09-28,2204,9800,7800
2026-09-28,2206,83900,51800
2026-09-28,2207,386300,510700
2026-09-28,2208,0,16100
2026-09-28,2209,169800,9600
2026-09-28,220A,0,171600
2026-09-28,2211,70100,66000
2026-09-28,2212,65600,80400
2026-09-28,2215,0,111200
2026-09-28,2216,39300,110400
2026-09-28,2217,109200,28500
2026-09-28,221A,8320,274860
2026-09-28,2220,325100,69900
2026-09-28,2221,0,13200
2026-09-28,2222,46700,76200
2026-09-28,2224,0,11300
2026-09-28,2226,91700,3600
2026-09-28,2229,85400,41300
2026-09-28,2235,0,4120
2026-09-28,2236,0,145346
2026-09-28,2237,435,122376
2026-09-28,2238,0,629
2026-09-28,2239,0,4428
2026-09-28,223A,201,40929
2026-09-28,2240,0,4153
2026-09-28,2241,3850,16250
2026-09-28,2242,30,1460
2026-09-28,2243,34317,916458
2026-09-28,2244,2758,725608
2026-09-28,2245,0,10
2026-09-28,2247,0,9369
2026-09-28,2248,2097,1748
2026-09-28,2249,0,3472
2026-09-28,224A,158,54173
2026-09-28,2250,0,1150
2026-09-28,2251,250,23400
2026-09-28,2252,0,600
2026-09-28,2253,0,10204
2026-09-28,2254,0,11779
2026-09-28,2255,0,537320
2026-09-28,2256,0,70170
2026-09-28,2257,0,5500
2026-09-28,2258,0,205350
2026-09-28,2259,290,4290
2026-09-28,2264,1446200,591400
2026-09-28,2266,61300,105800
2026-09-28,2267,242700,409100
2026-09-28,2268,0,20600
2026-09-28,2269,70100,69600
2026-09-28,2270,6200,104400
2026-09-28,2281,1848900,494100
2026-09-28,2282,96700,142400
2026-09-28,2286,5700,222300
2026-09-28,2288,1229100,21800
2026-09-28,228A,0,61700
2026-09-28,2291,5200,51200
2026-09-28,2292,5200,69000
2026-09-28,2293,0,3100
2026-09-28,2294,42800,58300
2026-09-28,2296,17600,51900
2026-09-28,2300,0,29500
2026-09-28,2301,61800,146700
2026-09-28,2303,0,93200
2026-09-28,2304,12300,76200
2026-09-28,2305,42300,17100
2026-09-28,2307,245300,60100
2026-09-28,2311,0,260400
2026-09-28,2315,1308800,8348300
2026-09-28,2317,308000,867900
2026-09-28,2321,0,2019700
2026-09-28,2323,0,1153400
2026-09-28,2325,15700,83800
2026-09-28,2326,7300,190300
2026-09-28,2327,28200,68400
2026-09-28,2329,0,414800
2026-09-28,2330,0,3814000
2026-09-28,2331,9500,98500
2026-09-28,2332,500,119300
2026-09-28,2334,600,12557500
2026-09-28,2335,429700,33500
2026-09-28,2337,33900,1417100
2026-09-28,2338,0,24600
2026-09-28,233A,637,17387
2026-09-28,2340,0,16500
2026-09-28,2341,0,341100
2026-09-28,2342,0,925200
2026-09-28,2345,0,1412400
2026-09-28,2349,0,35700
2026-09-28,234A,0,1316
2026-09-28,2351,0,185800
2026-09-28,2353,72200,1218200
2026-09-28,2354,0,1605100
2026-09-28,2359,1700,40700
2026-09-28,235A,1,10842
2026-09-28,236A,1760,22220
2026-09-28,2370,600,9181500
2026-09-28,2371,25300,85800
2026-09-28,2373,0,131300
2026-09-28,2375,0,613900
2026-09-28,2376,0,13300
2026-09-28,2378,816000,65000
2026-09-28,2379,106500,219600
2026-09-28,237A,300,1738240
2026-09-28,2384,20200,454200
2026-09-28,2385,0,1023500
2026-09-28,2388,0,2272300
2026-09-28,238A,1630,1974170
2026-09-28,2391,0,19600
2026-09-28,2393,100,55100
2026-09-28,2395,85000,708100
2026-09-28,2404,49000,61600
2026-09-28,2408,0,53000
2026-09-28,2410,78400,79600
2026-09-28,2411,7400,189500
2026-09-28,2413,785100,2957800
2026-09-28,2415,0,306200
2026-09-28,2418,3700,1248800
2026-09-28,241A,22300,199700
2026-09-28,2424,0,67400
2026-09-28,2425,0,24300
2026-09-28,2428,15900,467500
2026-09-28,2429,1600,163600
2026-09-28,2432,229600,1746500
2026-09-28,2433,84200,43900
2026-09-28,2435,0,291200
2026-09-28,2436,0,378100
2026-09-28,2437,0,3009800
2026-09-28,2438,147900,445600
2026-09-28,2440,573800,1471900
2026-09-28,2445,11600,523600
2026-09-28,2449,0,112200
2026-09-28,244A,0,165800
2026-09-28,2454,0,482700
2026-09-28,2459,0,451900
2026-09-28,245A,0,205800
2026-09-28,2461,109800,631900
2026-09-28,2462,95800,77000
2026-09-28,2464,6400,80300
2026-09-28,2469,0,37400
2026-09-28,246A,0,334900
2026-09-28,2471,21700,1059800
2026-09-28,2475,5600,86400
2026-09-28,2477,14200,26500
2026-09-28,2479,0,526400
2026-09-28,247A,708700,5829100
2026-09-28,2480,0,4300
2026-09-28,2481,0,13900
2026-09-28,2483,0,310400
2026-09-28,2484,1509300,3142500
2026-09-28,2485,234400,530800
2026-09-28,2488,0,175600
2026-09-28,2489,161700,785500
2026-09-28,248A,0,226700
2026-09-28,2491,291000,653400
2026-09-28,2492,704700,1395800
2026-09-28,2493,0,20100
2026-09-28,2497,9900,161100
2026-09-28,2498,1000,56200
2026-09-28,2499,0,162500
2026-09-28,2501,349000,332300
2026-09-28,2502,76900,3235100
2026-09-28,2503,93600,495700
2026-09-28,250A,8500,41300
2026-09-28,2510,6870,6000
2026-09-28,2511,110,157640
2026-09-28,2512,220,4760
2026-09-28,2513,4,112763
2026-09-28,2514,100,827
2026-09-28,2515,122,49065
2026-09-28,2516,753660,999600
2026-09-28,2517,0,2420
2026-09-28,2518,1,741
2026-09-28,2519,10,2350
2026-09-28,2520,111,50219
2026-09-28,2521,100,67188
2026-09-28,2522,255,15684
2026-09-28,2523,0,50
2026-09-28,2524,0,47
2026-09-28,2525,0,3
2026-09-28,2526,0,2
2026-09-28,2527,0,107
2026-09-28,2528,0,24814
2026-09-28,2529,18,991
2026-09-28,2530,0,700
2026-09-28,2531,291300,51000
2026-09-28,2533,23300,513900
2026-09-28,253A,83200,249600
2026-09-28,254A,0,1245300
2026-09-28,2552,6,7722
2026-09-28,2553,0,108760
2026-09-28,2554,0,990
2026-09-28,2555,10,8870
2026-09-28,2556,0,30100
2026-09-28,2557,0,15040
2026-09-28,2558,5114,901083
2026-09-28,2559,2915,1796088
2026-09-28,255A,3800,209500
2026-09-28,2560,0,0
2026-09-28,2561,4356,10911
2026-09-28,2562,3381,6916
2026-09-28,2563,58020,263670
2026-09-28,2564,3630,7638
2026-09-28,2565,0,1821
2026-09-28,2566,0,1924
2026-09-28,2567,10,180
2026-09-28,2568,2886,65516
2026-09-28,2569,2624,10939
2026-09-28,256A,5100,873400
2026-09-28,2573,0,29900
2026-09-28,2579,50200,230500
2026-09-28,257A,0,1270
2026-09-28,2585,19800,1224000
2026-09-28,2586,0,8626800
2026-09-28,2587,30200,102000
2026-09-28,2588,0,49700
2026-09-28,258A,0,651
2026-09-28,2590,63200,34600
2026-09-28,2593,56800,244400
2026-09-28,2594,607300,18300
2026-09-28,2597,0,49200
2026-09-28,2602,19800,55300
2026-09-28,2607,88600,37400
2026-09-28,2612,0,348400
2026-09-28,2613,13400,31200
2026-09-28,261A,0,156100
2026-09-28,2620,0,90240
2026-09-28,2621,3496,1272295
2026-09-28,2622,30,975
2026-09-28,2623,0,1550
2026-09-28,2624,7,9315
2026-09-28,2625,0,652
2026-09-28,2626,29,1010
2026-09-28,2627,1,12
2026-09-28,2628,0,108870
2026-09-28,2629,0,92384
2026-09-28,262A,300,362000
2026-09-28,2630,25,8214
2026-09-28,2631,3291,99243
2026-09-28,2632,423,6440
2026-09-28,2633,13290,463470
2026-09-28,2634,4680,9760
2026-09-28,2636,6,140
2026-09-28,2637,75,5681
2026-09-28,2638,275,71803
2026-09-28,2639,0,2174
2026-09-28,2640,236,23281
2026-09-28,2641,21,1294
2026-09-28,2642,0,2
2026-09-28,2644,41715,767372
2026-09-28,2645,0,6
2026-09-28,2646,139,22109
2026-09-28,2647,0,40
2026-09-28,2648,0,8124
2026-09-28,2649,0,0
2026-09-28,264A,0,751900
2026-09-28,2652,598200,852400
2026-09-28,2653,100,30300
2026-09-28,2654,0,11500
2026-09-28,2656,0,5432400
2026-09-28,2659,13800,30600
2026-09-28,265A,0,173200
2026-09-28,2664,18900,17600
2026-09-28,2666,0,1258000
2026-09-28,2667,333400,1984400
2026-09-28,2668,0,8400
2026-09-28,2669,8900,14600
2026-09-28,2670,11400,87000
2026-09-28,2673,0,690600
2026-09-28,2674,7800,94500
2026-09-28,2676,17900,26800
2026-09-28,2678,270900,607800
2026-09-28,2681,89900,365400
2026-09-28,2683,0,7600
2026-09-28,2685,12600,105500
2026-09-28,2687,100,57200
2026-09-28,2689,300,122500
2026-09-28,268A,1100,1500000
2026-09-28,2693,0,872100
2026-09-28,2694,7700,228100
2026-09-28,2695,927500,250700
2026-09-28,2698,0,17500
2026-09-28,269A,0,55900
2026-09-28,2700,0,67900
2026-09-28,2702,64600,375400
2026-09-28,2705,26500,25100
2026-09-28,2708,0,52000
2026-09-28,2721,0,1454200
2026-09-28,2722,3400,68600
2026-09-28,2726,73900,790500
2026-09-28,2730,288000,40100
2026-09-28,2733,1080600,41800
2026-09-28,2734,10400,112200
2026-09-28,2735,10500,374400
2026-09-28,2736,0,15700
2026-09-28,2737,4800,114000
2026-09-28,273A,0,133
2026-09-28,2742,3500,29300
2026-09-28,2747,0,9200
2026-09-28,2749,3809700,298600
2026-09-28,274A,0,128800
2026-09-28,2750,4100,24800
2026-09-28,2751,8200,29000
2026-09-28,2752,523100,149600
2026-09-28,2753,12800,56200
2026-09-28,2760,17000,192800
2026-09-28,2762,0,2159800
2026-09-28,2764,0,1090700
2026-09-28,2767,31700,374900
2026-09-28,2768,345400,2584400
2026-09-28,2769,0,79000
2026-09-28,276A,0,217100
2026-09-28,2776,0,2720200
2026-09-28,2778,10600,1141000
2026-09-28,277A,0,583600
2026-09-28,2780,1500,476400
2026-09-28,2782,43000,63800
2026-09-28,2784,15200,11900
2026-09-28,2788,0,1269800
2026-09-28,2789,0,45000
2026-09-28,278A,0,1263200
2026-09-28,2790,0,48500
2026-09-28,2791,14200,104600
2026-09-28,2792,81900,138600
2026-09-28,2795,0,28100
2026-09-28,2796,300,27600
2026-09-28,2798,0,10600
2026-09-28,2801,135100,730200
2026-09-28,2802,85600,1292900
2026-09-28,2804,18400,12600
2026-09-28,2805,0,36500
2026-09-28,2806,0,20900
2026-09-28,2809,38400,66600
2026-09-28,280A,0,171100
2026-09-28,2810,107900,60200
2026-09-28,2811,55900,194500
2026-09-28,2813,0,139600
2026-09-28,2814,0,10700
2026-09-28,2815,58900,68100
2026-09-28,2816,43800,2000
2026-09-28,2818,16800,1200
2026-09-28,2819,5300,14600
2026-09-28,281A,0,870000
2026-09-28,2820,100,18700
2026-09-28,282A,20929,433517
2026-09-28,2831,0,3000
2026-09-28,2836,0,26
2026-09-28,2837,47,29179
2026-09-28,2838,0,0
2026-09-28,2839,0,0
2026-09-28,283A,0,1255
2026-09-28,2840,11114,518486
2026-09-28,2841,4730,30720
2026-09-28,2842,1737,11062
2026-09-28,2843,0,210
2026-09-28,2844,7,2347
2026-09-28,2845,11490,23568
2026-09-28,2846,936,5084
2026-09-28,2847,0,1166
2026-09-28,2848,0,210
2026-09-28,2849,15,888
2026-09-28,2851,0,3040
2026-09-28,2852,0,20
2026-09-28,2853,0,0
2026-09-28,2854,644,238848
2026-09-28,2855,0,4450
2026-09-28,2856,0,9260
2026-09-28,2857,90,310
2026-09-28,2858,0,2871
2026-09-28,2859,10,94
2026-09-28,285A,750000,14820000
2026-09-28,2860,17,1966
2026-09-28,2861,0,28
2026-09-28,2862,0,0
2026-09-28,2864,0,33
2026-09-28,2865,1512,2013648
2026-09-28,2866,30,86231
2026-09-28,2867,0,4375
2026-09-28,2868,2865,310969
2026-09-28,2869,5356,687317
2026-09-28,286A,161700,1225800
2026-09-28,2870,17398,217732
2026-09-28,2871,186600,104000
2026-09-28,2872,0,10400
2026-09-28,2874,550000,73100
2026-09-28,2875,18000,55900
2026-09-28,2876,0,155600
2026-09-28,2877,0,5000
2026-09-28,287A,0,3078500
2026-09-28,2882,32000,22800
2026-09-28,2883,0,3900
2026-09-28,2884,135400,1390000
2026-09-28,288A,0,1605400
2026-09-28,2892,0,113500
2026-09-28,2894,0,14400
2026-09-28,2897,858300,357800
2026-09-28,2901,0,732000
2026-09-28,2903,0,9400
2026-09-28,2904,1500,10800
2026-09-28,2907,5600,21100
2026-09-28,2908,113600,52000
2026-09-28,290A,0,2643500
2026-09-28,2910,209000,48500
2026-09-28,2911,0,1600
2026-09-28,2914,187100,2166700
2026-09-28,2915,4200,13300
2026-09-28,2916,0,15600
2026-09-28,2917,0,1400
2026-09-28,2918,9700,155200
2026-09-28,291A,0,121000
2026-09-28,2922,13600,5500
2026-09-28,2923,0,13800
2026-09-28,2924,200,253400
2026-09-28,2926,77300,584200
2026-09-28,2927,0,133700
2026-09-28,2929,81900,664700
2026-09-28,2930,1208700,2771600
2026-09-28,2931,2600400,3323300
2026-09-28,2932,0,75900
2026-09-28,2933,860400,48100
2026-09-28,2934,0,114200
2026-09-28,2935,4900,48100
2026-09-28,2936,728600,18430700
2026-09-28,2937,6100,17700
2026-09-28,2938,98800,153400
2026-09-28,294A,0,100
2026-09-28,295A,0,107
2026-09-28,2961,0,5300
2026-09-28,2962,200,410500
2026-09-28,296A,40300,139700
2026-09-28,2970,0,1777100
2026-09-28,2971,122,3786
2026-09-28,2972,0,7270
2026-09-28,2975,41900,545500
2026-09-28,2978,0,278800
2026-09-28,2979,4,2840
2026-09-28,297A,0,317600
2026-09-28,2980,22300,1566900
2026-09-28,2981,0,85400
2026-09-28,2982,48500,2634400
2026-09-28,2983,0,400600
2026-09-28,2984,1300,226200
2026-09-28,2986,32300,2572100
2026-09-28,2989,0,8725
2026-09-28,298A,0,350300
2026-09-28,2991,0,629000
2026-09-28,2993,0,82500
2026-09-28,2997,0,12300
2026-09-28,2998,700,721100
2026-09-28,2999,0,541300
2026-09-28,299A,119000,2956100
2026-09-28,3001,8500,28200
2026-09-28,3002,342900,136900
2026-09-28,3003,56200,861200
2026-09-28,3004,0,114400
2026-09-28,300A,0,62200
2026-09-28,3010,0,699800
2026-09-28,3011,0,102800
2026-09-28,3020,0,115700
2026-09-28,3021,0,177300
2026-09-28,3023,4400,163200
2026-09-28,3024,0,10000
2026-09-28,3028,22900,35800
2026-09-28,302A,0,147000
2026-09-28,3030,0,152800
2026-09-28,3031,467900,594300
2026-09-28,3034,57500,82800
2026-09-28,3035,16900,59800
2026-09-28,3036,46700,320600
2026-09-28,3038,334500,1462700
2026-09-28,303A,0,83700
2026-09-28,3040,100,311600
2026-09-28,3041,23100,34500
2026-09-28,3042,70400,343900
2026-09-28,3045,0,12300
2026-09-28,3046,12600,289400
2026-09-28,3048,127000,120000
2026-09-28,304A,0,38500
2026-09-28,3050,69200,72000
2026-09-28,3053,640400,1286400
2026-09-28,3054,0,135700
2026-09-28,3058,3200,3700
2026-09-28,3059,2400,20900
2026-09-28,3063,127300,33200
2026-09-28,3064,81500,780100
2026-09-28,3065,0,8300
2026-09-28,3067,281500,72500
2026-09-28,3068,0,19600
2026-09-28,3069,38400,1248500
2026-09-28,3070,0,6432000
2026-09-28,3071,0,225100
2026-09-28,3075,0,34400
2026-09-28,3076,6300,112100
2026-09-28,3077,0,556000
2026-09-28,3080,0,41000
2026-09-28,3082,9400,56200
2026-09-28,3083,0,3011800
2026-09-28,3086,180300,206800
2026-09-28,3087,14300,40900
2026-09-28,3088,3323500,202900
2026-09-28,3089,2000,114400
2026-09-28,3091,35700,45400
2026-09-28,3092,323800,583400
2026-09-28,3093,14900,548900
2026-09-28,3096,0,1500
2026-09-28,3097,43200,216000
2026-09-28,3099,658800,708300
2026-09-28,3101,44400,600800
2026-09-28,3103,2972800,7518400
2026-09-28,3104,5000,119500
2026-09-28,3105,109300,287900
2026-09-28,3106,7500,17700
2026-09-28,3107,43600,49600
2026-09-28,3109,21300,146600
2026-09-28,3110,1397400,5564500
2026-09-28,3111,0,202900
2026-09-28,3113,0,2896400
2026-09-28,3116,111200,221500
2026-09-28,3121,64700,1110600
2026-09-28,3123,0,67500
2026-09-28,3131,200,109700
2026-09-28,3132,44100,363700
2026-09-28,3133,100,1472800
2026-09-28,3134,230200,339100
2026-09-28,3135,0,132300
2026-09-28,3137,217000,275800
2026-09-28,3138,0,36800
2026-09-28,3139,3100,61900
2026-09-28,313A,8220,209560
2026-09-28,3140,28300,20100
2026-09-28,3143,0,139300
2026-09-28,3148,12200,26100
2026-09-28,314A,63220,9672600
2026-09-28,3150,4600,108500
2026-09-28,3151,10400,46500
2026-09-28,3153,874000,57500
2026-09-28,3154,60300,45800
2026-09-28,3156,33900,95400
2026-09-28,3157,0,93500
2026-09-28,3159,103900,218000
2026-09-28,315A,1424,104180
2026-09-28,3160,28100,72000
2026-09-28,3161,0,333100
2026-09-28,3166,3600,59700
2026-09-28,3167,4330200,37900
2026-09-28,3168,170700,377700
2026-09-28,3169,200,61300
2026-09-28,316A,28248,868261
2026-09-28,3172,1600,25500
2026-09-28,3173,0,73600
2026-09-28,3174,0,120000
2026-09-28,3175,0,58000
2026-09-28,3176,3553200,532000
2026-09-28,3177,0,61100
2026-09-28,3178,153600,19700
2026-09-28,3179,12100,254400
2026-09-28,3180,22600,311400
2026-09-28,3181,0,297000
2026-09-28,3182,37900,220300
2026-09-28,3183,4900,13500
2026-09-28,3184,0,137000
2026-09-28,3185,0,1210800
2026-09-28,3186,168600,661600
2026-09-28,3187,147700,641900
2026-09-28,3189,0,1507300
2026-09-28,318A,0,3901870
2026-09-28,3190,0,5500
2026-09-28,3191,131000,43600
2026-09-28,3192,0,1224200
2026-09-28,3193,73900,246200
2026-09-28,3195,122500,624000
2026-09-28,3196,123400,142500
2026-09-28,3197,312800,304100
2026-09-28,3199,179700,15900
2026-09-28,319A,0,328700
2026-09-28,3201,55800,26000
2026-09-28,3202,0,643400
2026-09-28,3204,0,240000
2026-09-28,3205,21700,471400
2026-09-28,3221,462400,18700
2026-09-28,3222,64800,176200
2026-09-28,3223,0,157200
2026-09-28,3224,0,17800
2026-09-28,3226,16,662
2026-09-28,3231,1988300,3391900
2026-09-28,3232,2522600,91200
2026-09-28,3234,95,2295
2026-09-28,3236,0,2631000
2026-09-28,3237,0,5862800
2026-09-28,3238,0,456600
2026-09-28,323A,0,222600
2026-09-28,3241,300,76400
2026-09-28,3242,67700,221300
2026-09-28,3245,244900,1268100
2026-09-28,3246,0,122900
2026-09-28,3248,0,206300
2026-09-28,3249,56,14395
2026-09-28,324A,0,229500
2026-09-28,3252,25300,315800
2026-09-28,325A,330900,1174700
2026-09-28,3261,0,124500
2026-09-28,3266,0,1252600
2026-09-28,3267,0,341900
2026-09-28,3269,221,1900
2026-09-28,3276,3100,96600
2026-09-28,3277,1800,381300
2026-09-28,3279,4,1076
2026-09-28,3280,900,319600
2026-09-28,3281,344,3063
2026-09-28,3282,185,2050
2026-09-28,3283,165,2278
2026-09-28,3284,652000,1310700
2026-09-28,3286,0,21700
2026-09-28,3287,7,1569
2026-09-28,3288,37700,240300
2026-09-28,3289,520900,762900
2026-09-28,328A,0,37
2026-09-28,3290,8,5331
2026-09-28,3291,94600,158300
2026-09-28,3292,19,6340
2026-09-28,3293,0,173600
2026-09-28,3295,31,1413
2026-09-28,3296,18,2631
2026-09-28,3297,0,36600
2026-09-28,3299,172200,448500
2026-09-28,3300,0,577400
2026-09-28,3302,7300,52400
2026-09-28,3306,0,999700
2026-09-28,3309,91,14993
2026-09-28,330A,0,271800
2026-09-28,3315,270800,6872300
2026-09-28,3317,0,33900
2026-09-28,331A,0,169600
2026-09-28,3320,1900,65000
2026-09-28,3321,14900,265700
2026-09-28,3323,0,5268100
2026-09-28,3326,0,43200
2026-09-28,3329,14800,34600
2026-09-28,332A,39300,370600
2026-09-28,3333,41000,111600
2026-09-28,3349,25700,217900
2026-09-28,334A,0,140000
2026-09-28,3350,1025200,42041200
2026-09-28,3352,0,22800
2026-09-28,3353,0,31700
2026-09-28,3355,0,153300
2026-09-28,3358,0,1545100
2026-09-28,3359,303900,465500
2026-09-28,335A,81900,337600
2026-09-28,3360,7600,18400
2026-09-28,3361,11900,23100
2026-09-28,336A,0,2113800
2026-09-28,3370,0,206400
2026-09-28,3371,452100,19700
2026-09-28,3372,0,24800
2026-09-28,3374,2200,124500
2026-09-28,3375,0,26000
2026-09-28,3377,0,270800
2026-09-28,3382,793900,4066100
2026-09-28,3386,1200,104000
2026-09-28,3387,2176000,408300
2026-09-28,3388,6100,108600
2026-09-28,338A,300,485400
2026-09-28,3391,36500,265300
2026-09-28,3392,0,150300
2026-09-28,3393,16200,95300
2026-09-28,3395,116500,52800
2026-09-28,3396,0,25800
2026-09-28,3397,2087400,93200
2026-09-28,3399,43400,216000
2026-09-28,339A,0,296400
2026-09-28,3401,66600,207600
2026-09-28,3402,444400,1539100
2026-09-28,3405,92700,287700
2026-09-28,3407,153900,1188500
2026-09-28,3409,0,1753800
2026-09-28,340A,0,379900
2026-09-28,3415,85000,2201000
2026-09-28,3416,0,79200
2026-09-28,3417,0,946600
2026-09-28,3418,0,65900
2026-09-28,341A,0,382400
2026-09-28,3420,0,63700
2026-09-28,3421,5200,27400
2026-09-28,3422,4200,326000
2026-09-28,3423,3300,220200
2026-09-28,3426,0,19400
2026-09-28,3431,84800,211600
2026-09-28,3433,75000,617200
2026-09-28,3434,0,47100
2026-09-28,3435,0,18200
2026-09-28,3436,586000,4104900
2026-09-28,3437,0,3900
2026-09-28,3439,0,31200
2026-09-28,343A,0,61100
2026-09-28,3440,0,175500
2026-09-28,3441,0,384100
2026-09-28,3443,133200,1216400
2026-09-28,3444,254400,688100
2026-09-28,3445,8100,408000
2026-09-28,3446,64000,145200
2026-09-28,3447,0,90600
2026-09-28,3449,13700,289200
2026-09-28,3451,0,1526
2026-09-28,3452,7500,503400
2026-09-28,3454,400,512600
2026-09-28,3455,152,15320
2026-09-28,3457,238900,782500
2026-09-28,3459,84,4249
2026-09-28,345A,0,434
2026-09-28,3461,0,15400
2026-09-28,3462,93,2445
2026-09-28,3463,4,4272
2026-09-28,3465,212600,326100
2026-09-28,3466,40,1062
2026-09-28,3467,0,55300
2026-09-28,3468,163,7753
2026-09-28,3469,0,236500
2026-09-28,346A,3341,39735
2026-09-28,3470,0,3684
2026-09-28,3471,18,5606
2026-09-28,3472,0,9493
2026-09-28,3474,0,91500
2026-09-28,3475,388700,624800
2026-09-28,3476,24,11260
2026-09-28,3477,0,39800
2026-09-28,3479,136400,282900
2026-09-28,3481,176,3118
2026-09-28,3482,12700,564200
2026-09-28,3484,23800,51600
2026-09-28,3486,12400,304200
2026-09-28,3487,18,1585
2026-09-28,3488,1,7395
2026-09-28,3489,4000,484500
2026-09-28,348A,4910,125120
2026-09-28,3490,0,18100
2026-09-28,3491,12900,1464300
2026-09-28,3492,95,25476
2026-09-28,3494,0,52300
2026-09-28,3495,0,108600
2026-09-28,3496,0,356200
2026-09-28,3498,172900,1121000
2026-09-28,349A,0,1550
2026-09-28,3501,800,55000
2026-09-28,350A,420100,2810100
2026-09-28,3512,0,1984700
2026-09-28,3513,0,441700
2026-09-28,3521,0,373800
2026-09-28,3524,0,92800
2026-09-28,3529,120600,562200
2026-09-28,352A,0,914700
2026-09-28,3536,0,470700
2026-09-28,3537,0,11600
2026-09-28,3538,1000,880000
2026-09-28,3539,30200,223100
2026-09-28,3542,26700,124900
2026-09-28,3543,18700,105400
2026-09-28,3544,900,14300
2026-09-28,3547,81900,202900
2026-09-28,3548,203500,247100
2026-09-28,3549,5000,35000
2026-09-28,354A,0,7094
2026-09-28,3550,0,226400
2026-09-28,3551,0,121200
2026-09-28,3553,40300,263500
2026-09-28,3556,300,848700
2026-09-28,3557,0,53600
2026-09-28,3558,0,2271900
2026-09-28,3559,31600,230700
2026-09-28,3560,800,18300
2026-09-28,3561,404300,93400
2026-09-28,3562,0,204600
2026-09-28,3563,983900,1268700
2026-09-28,3565,38000,1334900
2026-09-28,3566,0,226400
2026-09-28,3569,3400,110100
2026-09-28,356A,0,4318
2026-09-28,3571,1300,33800
2026-09-28,3577,0,5800
2026-09-28,3580,6300,108500
2026-09-28,3583,0,37300
2026-09-28,3591,57400,81800
2026-09-28,3597,100,10100
2026-09-28,3598,0,246700
2026-09-28,3600,0,2600
2026-09-28,3607,0,278800
2026-09-28,3608,25600,308500
2026-09-28,360A,0,0
2026-09-28,3611,500,605500
2026-09-28,3612,22900,195500
2026-09-28,3622,0,160700
2026-09-28,3623,0,288500
2026-09-28,3624,600,2896000
2026-09-28,3625,0,353300
2026-09-28,3626,19300,168300
2026-09-28,3627,18900,545500
2026-09-28,3628,0,417000
2026-09-28,3632,31200,3581800
2026-09-28,3633,0,120200
2026-09-28,3634,0,147100
2026-09-28,3635,38400,835600
2026-09-28,3636,3300,11000
2026-09-28,3639,17300,653400
2026-09-28,363A,0,775
2026-09-28,3640,200,56100
2026-09-28,3641,0,130200
2026-09-28,3645,3100,710600
2026-09-28,3646,0,47800
2026-09-28,3647,0,656600
2026-09-28,3648,25900,38100
2026-09-28,3649,39500,354000
2026-09-28,364A,0,7741
2026-09-28,3652,0,298200
2026-09-28,3653,129200,562400
2026-09-28,3656,5642000,18331700
2026-09-28,3657,39500,1124400
2026-09-28,3659,125100,606500
2026-09-28,365A,0,136800
2026-09-28,3660,592600,3594700
2026-09-28,3661,26600,1060000
2026-09-28,3662,459900,271700
2026-09-28,3663,115500,881200
2026-09-28,3664,1332300,9575700
2026-09-28,3665,303600,994200
2026-09-28,3667,658500,4968800
2026-09-28,3668,407400,650000
2026-09-28,366A,0,336200
2026-09-28,3670,0,4100
2026-09-28,3671,0,1290200
2026-09-28,3672,600,4018800
2026-09-28,3673,38700,2163700
2026-09-28,3674,86700,175100
2026-09-28,3675,6300,1697700
2026-09-28,3676,0,34700
2026-09-28,3678,400,117800
2026-09-28,3679,3291200,1007900
2026-09-28,367A,0,128300
2026-09-28,3680,7100,897900
2026-09-28,3682,2300,101300
2026-09-28,3683,300,139800
2026-09-28,3686,200,2793800
2026-09-28,3687,865400,2037500
2026-09-28,368A,0,428800
2026-09-28,3690,44700,46300
2026-09-28,3691,0,410500
2026-09-28,3692,185700,447200
2026-09-28,3694,331400,968700
2026-09-28,3695,0,97800
2026-09-28,3696,65900,580900
2026-09-28,3697,2808600,9271400
2026-09-28,3698,7700,178300
2026-09-28,369A,100,209300
2026-09-28,3708,30900,32900
2026-09-28,3710,22400,33800
2026-09-28,3712,24900,176700
2026-09-28,3719,0,3154400
2026-09-28,3723,0,220100
2026-09-28,3726,0,260600
2026-09-28,3727,0,1270300
2026-09-28,372A,0,79500
2026-09-28,3733,500,18900
2026-09-28,373A,0,264200
2026-09-28,3741,196200,329800
2026-09-28,3744,6400,291700
2026-09-28,3747,178800,658300
2026-09-28,3750,0,1515900
2026-09-28,3753,0,912300
2026-09-28,3758,5500,610300
2026-09-28,3760,0,471900
2026-09-28,3762,293900,239400
2026-09-28,3763,14800,104100
2026-09-28,3765,14100,223100
2026-09-28,3766,0,43500
2026-09-28,3768,12600,45900
2026-09-28,3769,26600,113700
2026-09-28,376A,0,0
2026-09-28,3771,743200,155800
2026-09-28,3772,0,24000
2026-09-28,3773,12300,307300
2026-09-28,3774,63200,75200
2026-09-28,3776,0,2273500
2026-09-28,3777,0,23202000
2026-09-28,3778,550000,1272400
2026-09-28,3779,0,751900
2026-09-28,3787,0,1200
2026-09-28,3788,29200,139200
2026-09-28,378A,0,927500
2026-09-28,3791,197200,300100
2026-09-28,3793,134400,1443700
2026-09-28,3796,151800,128100
2026-09-28,3798,0,1239500
2026-09-28,3799,44700,48100
2026-09-28,379A,0,150
2026-09-28,3800,0,7200
2026-09-28,3802,0,16300
2026-09-28,3803,0,179900
2026-09-28,3804,0,125000
2026-09-28,3807,323700,1465900
2026-09-28,380A,0,61861
2026-09-28,3810,0,13126600
2026-09-28,3815,0,28400
2026-09-28,3816,0,72600
2026-09-28,3817,7300,38700
2026-09-28,381A,0,0
2026-09-28,3823,10000,13198700
2026-09-28,3825,9900,4036300
2026-09-28,3826,1200,228500
2026-09-28,382A,0,1
2026-09-28,3834,9700,70100
2026-09-28,3835,76900,762200
2026-09-28,3836,51500,257500
2026-09-28,3837,14600,241800
2026-09-28,3839,25500,4300
2026-09-28,383A,0,1427
2026-09-28,3840,0,1385200
2026-09-28,3841,0,78600
2026-09-28,3842,0,72100
2026-09-28,3843,28600,617200
2026-09-28,3844,821000,455600
2026-09-28,3845,0,1954000
2026-09-28,3848,3600,23800
2026-09-28,3850,300,49200
2026-09-28,3851,56400,522000
2026-09-28,3853,435100,1703000
2026-09-28,3854,0,180300
2026-09-28,3858,0,752700
2026-09-28,3861,1108300,1434600
2026-09-28,3863,90300,329100
2026-09-28,3864,116900,1752700
2026-09-28,3865,11500,50400
2026-09-28,386A,0,73000
2026-09-28,3877,30500,147000
2026-09-28,3878,1200,254400
2026-09-28,387A,0,57800
2026-09-28,3880,131000,114100
2026-09-28,3891,7000,158900
2026-09-28,3892,1300,15600
2026-09-28,3895,0,277500
2026-09-28,3896,0,135400
2026-09-28,3900,229500,2058200
2026-09-28,3901,4000,346700
2026-09-28,3903,1086000,4532800
2026-09-28,3904,0,311600
2026-09-28,3905,1913600,9988900
2026-09-28,3907,100,326900
2026-09-28,3908,0,102100
2026-09-28,3909,0,368900
2026-09-28,3910,0,196000
2026-09-28,3911,0,4117900
2026-09-28,3912,79000,60600
2026-09-28,3913,0,293200
2026-09-28,3914,100,192700
2026-09-28,3915,53300,546600
2026-09-28,3916,5100,170100
2026-09-28,3917,8800,265400
2026-09-28,3918,0,155600
2026-09-28,3920,11200,71900
2026-09-28,3921,1800,38200
2026-09-28,3922,18800,188100
2026-09-28,3923,182800,1354800
2026-09-28,3925,0,401400
2026-09-28,3926,0,317200
2026-09-28,3927,0,851100
2026-09-28,3928,30500,879200
2026-09-28,3929,0,811000
2026-09-28,392A,0,1433230
2026-09-28,3930,0,159400
2026-09-28,3931,0,16000
2026-09-28,3932,17700,129700
2026-09-28,3933,800,101700
2026-09-28,3934,0,42400
2026-09-28,3935,0,394000
2026-09-28,3936,0,4207500
2026-09-28,3937,3200,495300
2026-09-28,3939,109700,472300
2026-09-28,3940,17400,837700
2026-09-28,3941,96700,787000
2026-09-28,3943,0,19300
2026-09-28,3944,0,12400
2026-09-28,3945,0,51200
2026-09-28,3946,99600,86100
2026-09-28,3947,0,31100
2026-09-28,3948,0,10900
2026-09-28,394A,0,110
2026-09-28,3950,43500,15100
2026-09-28,3951,0,65200
2026-09-28,3953,0,40500
2026-09-28,3954,0,359700
2026-09-28,3955,1900,75500
2026-09-28,3958,0,123100
2026-09-28,395A,300,199650
2026-09-28,3962,54100,1219600
2026-09-28,3963,63100,518100
2026-09-28,3964,158100,463600
2026-09-28,3965,0,196900
2026-09-28,3967,0,180500
2026-09-28,3968,23700,771200
2026-09-28,3969,0,79400
2026-09-28,396A,0,10
2026-09-28,3970,0,111400
2026-09-28,3974,0,42600
2026-09-28,3976,0,246700
2026-09-28,3979,0,179100
2026-09-28,3981,0,494100
2026-09-28,3983,5900,87900
2026-09-28,3984,49900,303600
2026-09-28,3985,0,184300
2026-09-28,3986,0,94400
2026-09-28,3987,21000,60200
2026-09-28,3988,0,92200
2026-09-28,3989,0,347900
2026-09-28,3991,0,64300
2026-09-28,3992,264100,477900
2026-09-28,3993,228700,1620900
2026-09-28,3994,743900,134600
2026-09-28,3996,218900,559600
2026-09-28,3997,359300,1853300
2026-09-28,3998,8500,246300
2026-09-28,399A,0,64121
2026-09-28,4004,6000,712600
2026-09-28,4005,366400,10264500
2026-09-28,4008,68800,222900
2026-09-28,4011,100,222700
2026-09-28,4012,100,158100
2026-09-28,4013,6000,292600
2026-09-28,4014,0,443600
2026-09-28,4015,0,434900
2026-09-28,4016,0,113000
2026-09-28,4017,0,458400
2026-09-28,4019,1600,470800
2026-09-28,401A,0,4271
2026-09-28,4020,0,93600
2026-09-28,4021,35300,58100
2026-09-28,4022,166500,3108100
2026-09-28,4023,293400,489900
2026-09-28,4025,1800,17400
2026-09-28,4026,21800,401000
2026-09-28,4027,239000,2168700
2026-09-28,4028,55900,474400
2026-09-28,402A,0,7251300
2026-09-28,4031,5200,192200
2026-09-28,4040,0,71400
2026-09-28,4041,26700,65100
2026-09-28,4042,278200,1064900
2026-09-28,4043,30700,1428100
2026-09-28,4044,16700,49700
2026-09-28,4045,83000,209300
2026-09-28,4046,20000,134200
2026-09-28,4047,44700,1071300
2026-09-28,404A,0,45582
2026-09-28,4051,800,196200
2026-09-28,4052,2100,604200
2026-09-28,4053,388200,1002900
2026-09-28,4054,9100,140600
2026-09-28,4055,169400,404200
2026-09-28,4056,200,1221900
2026-09-28,4057,0,107200
2026-09-28,4058,6800,119500
2026-09-28,4059,0,83700
2026-09-28,4060,7000,588800
2026-09-28,4061,108600,427700
2026-09-28,4062,723500,1857100
2026-09-28,4063,195100,4010500
2026-09-28,4064,36600,117900
2026-09-28,4068,0,22200
2026-09-28,4069,0,191300
2026-09-28,4071,92000,222000
2026-09-28,4072,2900,134700
2026-09-28,4073,23200,128700
2026-09-28,4074,53200,55200
2026-09-28,4075,900,325900
2026-09-28,4076,0,89200
2026-09-28,4078,71000,465000
2026-09-28,407A,0,240100
2026-09-28,4082,479600,952000
2026-09-28,4088,445900,684400
2026-09-28,408A,0,2372820
2026-09-28,4091,31300,160600
2026-09-28,4092,67600,225400
2026-09-28,4093,0,212900
2026-09-28,4094,0,642700
2026-09-28,4095,41300,959600
2026-09-28,4097,378400,38300
2026-09-28,4098,0,135500
2026-09-28,4099,57200,516200
2026-09-28,409A,237300,589600
2026-09-28,4100,54400,204500
2026-09-28,4102,0,4700
2026-09-28,4107,0,1284600
2026-09-28,4109,45900,196400
2026-09-28,410A,0,166700
2026-09-28,4112,9100,2570400
2026-09-28,4113,0,600000
2026-09-28,4114,333000,399700
2026-09-28,4116,33500,220400
2026-09-28,4118,30000,200700
2026-09-28,4119,0,60100
2026-09-28,4120,0,33900
2026-09-28,4124,0,1800
2026-09-28,4125,0,88300
2026-09-28,412A,0,146192
2026-09-28,413A,0,39605
2026-09-28,414A,3500,480400
2026-09-28,4151,19100,575600
2026-09-28,415A,0,33900
2026-09-28,4165,763400,2496500
2026-09-28,4166,200,118200
2026-09-28,4167,50800,343100
2026-09-28,4168,89200,1014800
2026-09-28,4169,684500,3915500
2026-09-28,416A,8000,128500
2026-09-28,4170,477200,1947500
2026-09-28,4172,0,19700
2026-09-28,4174,4100,216100
2026-09-28,4175,0,143000
2026-09-28,4176,60800,1435100
2026-09-28,4177,0,42300
2026-09-28,4178,0,115600
2026-09-28,4179,0,765400
2026-09-28,417A,12800,87000
2026-09-28,4180,36800,2033500
2026-09-28,4182,18500,748000
2026-09-28,4183,182900,685800
2026-09-28,4186,32000,552500
2026-09-28,4187,7200,466500
2026-09-28,4188,149300,1390500
2026-09-28,4189,23300,328000
2026-09-28,4192,548300,909700
2026-09-28,4193,0,22800
2026-09-28,4194,16200,87300
2026-09-28,4196,0,90900
2026-09-28,4197,0,22200
2026-09-28,4198,0,132700
2026-09-28,4199,0,225400
2026-09-28,4202,241400,694800
2026-09-28,4203,21600,250400
2026-09-28,4204,365500,1243900
2026-09-28,4205,116700,405900
2026-09-28,4206,23200,45400
2026-09-28,4208,626900,814600
2026-09-28,4212,9000,23100
2026-09-28,4216,2600,202900
2026-09-28,4218,223900,5500
2026-09-28,421A,0,294900
2026-09-28,4220,478900,67400
2026-09-28,4221,17200,60100
2026-09-28,4222,0,2328600
2026-09-28,4224,0,140300
2026-09-28,4228,37400,608200
2026-09-28,4229,15500,746200
2026-09-28,4231,900,99400
2026-09-28,4234,0,174500
2026-09-28,4235,0,448800
2026-09-28,4237,148000,378900
2026-09-28,4238,500,327400
2026-09-28,423A,0,267100
2026-09-28,4240,0,304900
2026-09-28,4241,0,242200
2026-09-28,4242,600,37200
2026-09-28,4243,0,58900
2026-09-28,4245,3600,174200
2026-09-28,4246,186800,755900
2026-09-28,4247,0,5400
2026-09-28,4248,700,199200
2026-09-28,4249,9800,38500
2026-09-28,424A,0,545410
2026-09-28,4251,47500,317500
2026-09-28,4255,0,186200
2026-09-28,4256,0,79700
2026-09-28,4258,78400,56200
2026-09-28,4259,7000,6223600
2026-09-28,425A,0,1459580
2026-09-28,4260,0,232800
2026-09-28,4261,0,52300
2026-09-28,4262,1800,38100
2026-09-28,4263,265600,1530700
2026-09-28,4264,0,121500
2026-09-28,4265,0,565100
2026-09-28,426A,0,3839
2026-09-28,4270,0,119300
2026-09-28,4272,34900,136700
2026-09-28,4274,0,225300
2026-09-28,4275,93300,498600
2026-09-28,4284,0,260200
2026-09-28,4286,16600,136800
2026-09-28,4287,0,497300
2026-09-28,4288,72300,286100
2026-09-28,428A,900,328300
2026-09-28,4290,3374200,362000
2026-09-28,4293,32400,1615500
2026-09-28,4299,0,22500
2026-09-28,429A,18500,1202800
2026-09-28,4301,2600,372000
2026-09-28,4307,37300,698800
2026-09-28,4308,0,507600
2026-09-28,4310,6300,171600
2026-09-28,4316,0,6900
2026-09-28,4317,0,493500
2026-09-28,4318,50100,84000
2026-09-28,431A,0,317300
2026-09-28,4320,0,220200
2026-09-28,4323,77100,62400
2026-09-28,4324,581000,213600
2026-09-28,4326,28500,21100
2026-09-28,4331,30900,1052600
2026-09-28,4334,0,134500
2026-09-28,4335,0,33500
2026-09-28,4337,46900,109900
2026-09-28,4341,0,37200
2026-09-28,4343,24900,108800
2026-09-28,4344,1920200,6985700
2026-09-28,4345,57800,138900
2026-09-28,4346,9700,924600
2026-09-28,4347,0,283700
2026-09-28,4350,0,187600
2026-09-28,4351,0,71800
2026-09-28,4356,0,43600
2026-09-28,435A,2179,242380
2026-09-28,4360,0,132900
2026-09-28,4361,0,84000
2026-09-28,4362,3400,18200
2026-09-28,4365,0,8700
2026-09-28,4366,0,797900
2026-09-28,4368,16700,1163700
2026-09-28,4369,7700,1274400
2026-09-28,436A,0,154900
2026-09-28,4370,0,301600
2026-09-28,4371,16200,93100
2026-09-28,4372,0,98800
2026-09-28,4373,15207700,276500
2026-09-28,4374,0,69800
2026-09-28,4375,330200,915500
2026-09-28,4376,0,1114300
2026-09-28,4377,20800,362800
2026-09-28,4378,0,128000
2026-09-28,4379,0,600400
2026-09-28,4380,0,196600
2026-09-28,4381,0,218900
2026-09-28,4382,256600,466500
2026-09-28,4385,138100,1541400
2026-09-28,4386,6900,89700
2026-09-28,4387,0,96300
2026-09-28,4388,4700,317700
2026-09-28,4389,0,75000
2026-09-28,438A,0,595700
2026-09-28,4390,20100,608700
2026-09-28,4391,0,156900
2026-09-28,4392,617700,3880800
2026-09-28,4393,46000,301900
2026-09-28,4394,0,134500
2026-09-28,4395,0,620000
2026-09-28,4396,5100,161600
2026-09-28,4397,4600,423000
2026-09-28,4398,0,52800
2026-09-28,4401,20600,181900
2026-09-28,4403,16300,328100
2026-09-28,4404,0,1001200
2026-09-28,4406,45700,1701400
2026-09-28,4409,0,63100
2026-09-28,4410,6300,145000
2026-09-28,4412,100,370700
2026-09-28,4413,0,89300
2026-09-28,4414,0,144000
2026-09-28,4415,0,259000
2026-09-28,4416,0,184200
2026-09-28,4417,0,82700
2026-09-28,4418,165500,730500
2026-09-28,4419,0,2667700
2026-09-28,441A,11400,239600
2026-09-28,4420,4700,1287200
2026-09-28,4421,0,22500
2026-09-28,4422,0,432300
2026-09-28,4424,72900,312200
2026-09-28,4425,249300,640600
2026-09-28,4427,0,453300
2026-09-28,4428,0,146400
2026-09-28,4429,600,78300
2026-09-28,442A,0,93200
2026-09-28,4430,0,138100
2026-09-28,4431,73100,200900
2026-09-28,4432,15500,237200
2026-09-28,4433,12200,109500
2026-09-28,4434,17500,133700
2026-09-28,4436,46900,858600
2026-09-28,4437,0,359600
2026-09-28,4438,0,292000
2026-09-28,4439,200,134100
2026-09-28,443A,0,28
2026-09-28,4440,33400,275200
2026-09-28,4441,0,23900
2026-09-28,4442,394100,470500
2026-09-28,4443,142900,619600
2026-09-28,4444,0,16700
2026-09-28,4445,0,5200
2026-09-28,4446,259100,924200
2026-09-28,4447,110000,58600
2026-09-28,4448,90200,647700
2026-09-28,4450,0,74400
2026-09-28,4452,150400,326400
2026-09-28,4461,17400,616300
2026-09-28,4462,343300,57800
2026-09-28,4463,0,116400
2026-09-28,4464,0,1300
2026-09-28,4465,9900,40100
2026-09-28,446A,28100,1250400
2026-09-28,4471,9900,35100
2026-09-28,4475,296500,984100
2026-09-28,4476,0,297500
2026-09-28,4477,23700,23138500
2026-09-28,4478,246500,285300
2026-09-28,4479,100,570200
2026-09-28,447A,0,456700
2026-09-28,4480,138800,398800
2026-09-28,4481,37500,170600
2026-09-28,4482,4600,93800
2026-09-28,4483,69900,173000
2026-09-28,4484,0,318200
2026-09-28,4486,1200,119100
2026-09-28,4487,0,322100
2026-09-28,4488,0,162400
2026-09-28,448A,0,96020
2026-09-28,4490,0,358400
2026-09-28,4491,0,2400
2026-09-28,4492,0,594200
2026-09-28,4493,127200,437400
2026-09-28,4495,1000,93700
2026-09-28,4496,0,32500
2026-09-28,4498,12700,354700
2026-09-28,4499,179000,789500
2026-09-28,449A,0,95230
2026-09-28,4502,940400,511300
2026-09-28,4503,766600,715300
2026-09-28,4506,217800,5808500
2026-09-28,4507,82700,600900
2026-09-28,450A,0,1030
2026-09-28,4512,127400,570400
2026-09-28,4516,71600,179300
2026-09-28,4519,52300,1832100
2026-09-28,451A,0,5220
2026-09-28,4521,61300,98200
2026-09-28,4523,175200,878000
2026-09-28,4524,0,6700
2026-09-28,4526,522700,22400
2026-09-28,4527,29000,192900
2026-09-28,4528,159400,379400
2026-09-28,452A,0,2473090
2026-09-28,4531,7600,563500
2026-09-28,4534,1700,38900
2026-09-28,4536,22200,140100
2026-09-28,4538,4900,33900
2026-09-28,4539,0,182900
2026-09-28,453A,0,353660
2026-09-28,4540,83100,261000
2026-09-28,4543,125900,699700
2026-09-28,4544,15000,39200
2026-09-28,4547,30000,25500
2026-09-28,4548,187700,912700
2026-09-28,4549,20100,301400
2026-09-28,4552,894700,2091500
2026-09-28,4553,33900,160500
2026-09-28,4554,11300,275700
2026-09-28,4558,0,461800
2026-09-28,4559,505800,130400
2026-09-28,4563,0,18465600
2026-09-28,4564,3084900,17243900
2026-09-28,4565,63800,8508400
2026-09-28,4568,696200,3945400
2026-09-28,4569,26200,183700
2026-09-28,456A,472600,1130100
2026-09-28,4570,0,550700
2026-09-28,4571,0,6545600
2026-09-28,4572,0,2201800
2026-09-28,4574,602100,678700
2026-09-28,4575,0,1067300
2026-09-28,4576,0,4500500
2026-09-28,4577,5900,50000
2026-09-28,4578,14300,96100
2026-09-28,4579,0,1734300
2026-09-28,4582,0,5043100
2026-09-28,4583,0,6545600
2026-09-28,4584,0,3094600
2026-09-28,4586,0,8436100
2026-09-28,4587,90000,2435900
2026-09-28,4588,400,3481000
2026-09-28,4591,0,8400500
2026-09-28,4592,0,5095600
2026-09-28,4593,2113100,9741600
2026-09-28,4594,0,13905000
2026-09-28,4595,0,623300
2026-09-28,4596,0,4238900
2026-09-28,4597,4651500,18650900
2026-09-28,4598,0,3700900
2026-09-28,4599,2000,4229300
2026-09-28,459A,0,343
2026-09-28,460A,0,208600
2026-09-28,4611,50500,99800
2026-09-28,4612,73500,235300
2026-09-28,4613,122700,118500
2026-09-28,4615,0,847800
2026-09-28,4616,0,60800
2026-09-28,4617,10000,217300
2026-09-28,4619,5500,203800
2026-09-28,461A,0,636
2026-09-28,4620,19400,4063600
2026-09-28,4623,0,74000
2026-09-28,4624,0,91100
2026-09-28,4625,0,60700
2026-09-28,4626,43000,86800
2026-09-28,4627,0,65600
2026-09-28,4628,0,25700
2026-09-28,4629,0,77500
2026-09-28,462A,0,1265000
2026-09-28,4631,5200,554800
2026-09-28,4633,22700,73600
2026-09-28,4634,5800,30300
2026-09-28,4635,0,84300
2026-09-28,463A,10400,337500
2026-09-28,4641,5800,90800
2026-09-28,4642,0,34700
2026-09-28,4644,35200,763600
2026-09-28,4645,0,9800
2026-09-28,464A,102900,3566700
2026-09-28,4650,0,113800
2026-09-28,4651,115200,3885600
2026-09-28,4657,0,254900
2026-09-28,4658,906700,54600
2026-09-28,465A,0,9724
2026-09-28,4661,7268200,2559000
2026-09-28,4662,0,139900
2026-09-28,4664,0,325600
2026-09-28,4665,383800,25400
2026-09-28,4666,104400,770200
2026-09-28,4667,0,338300
2026-09-28,4668,95200,39800
2026-09-28,466A,0,204729
2026-09-28,4671,6700,26300
2026-09-28,4673,0,63600
2026-09-28,4674,19700,45800
2026-09-28,4676,186200,212900
2026-09-28,4678,3800,32800
2026-09-28,4679,2000,78300
2026-09-28,467A,0,300
2026-09-28,4680,1101800,1538600
2026-09-28,4681,168100,89700
2026-09-28,4684,33300,185200
2026-09-28,4685,0,88000
2026-09-28,4686,20300,252000
2026-09-28,4687,9300,99900
2026-09-28,4689,820500,6105800
2026-09-28,468A,0,0
2026-09-28,4691,0,650500
2026-09-28,4694,37300,7400
2026-09-28,469A,0,103100
2026-09-28,4704,58400,455300
2026-09-28,4705,0,15700
2026-09-28,4707,0,123700
2026-09-28,4709,5800,185900
2026-09-28,4712,0,200800
2026-09-28,4714,104000,1309500
2026-09-28,4716,14400,200200
2026-09-28,4718,699900,29900
2026-09-28,4719,15000,34400
2026-09-28,471A,0,583600
2026-09-28,4720,0,31400
2026-09-28,4722,4700,83000
2026-09-28,4725,2000,192300
2026-09-28,4728,0,128300
2026-09-28,472A,0,2041700
2026-09-28,4732,2933200,137100
2026-09-28,4733,8000,19000
2026-09-28,4735,0,80900
2026-09-28,4736,0,179700
2026-09-28,473A,0,2519
2026-09-28,4743,47000,172600
2026-09-28,4746,33500,64200
2026-09-28,4750,1600,46900
2026-09-28,4751,3097100,5438500
2026-09-28,4752,0,31500
2026-09-28,4754,0,5800
2026-09-28,4755,1424400,37319600
2026-09-28,475A,0,169100
2026-09-28,4760,0,25600
2026-09-28,4761,0,54300
2026-09-28,4762,0,6600
2026-09-28,4763,3100,106500
2026-09-28,4765,81000,423000
2026-09-28,4766,0,121900
2026-09-28,4767,6500,246100
2026-09-28,4768,31300,27600
2026-09-28,4769,1400,900
2026-09-28,476A,0,80800
2026-09-28,4771,500,104300
2026-09-28,4772,0,2462600
2026-09-28,4776,280700,723700
2026-09-28,4777,0,776800
2026-09-28,477A,0,665800
2026-09-28,4783,20000,50800
2026-09-28,4784,0,5081200
2026-09-28,478A,0,607300
2026-09-28,4792,8900,84000
2026-09-28,479A,0,613300
2026-09-28,4801,418300,7700
2026-09-28,4809,0,48100
2026-09-28,480A,0,403300
2026-09-28,4811,0,107600
2026-09-28,4812,241200,250400
2026-09-28,4813,600900,3104300
2026-09-28,4814,0,806700
2026-09-28,4816,12800,145000
2026-09-28,4819,35300,456700
2026-09-28,4820,35200,263800
2026-09-28,4825,66200,377800
2026-09-28,4826,24000,403900
2026-09-28,4828,61600,407600
2026-09-28,4829,229200,853000
2026-09-28,4832,0,60600
2026-09-28,4833,0,8379400
2026-09-28,4838,0,454000
2026-09-28,4839,193600,467400
2026-09-28,483A,0,48100
2026-09-28,4840,300,347000
2026-09-28,4845,5100,474400
2026-09-28,4847,105200,336300
2026-09-28,4848,18300,184000
2026-09-28,4849,74600,81800
2026-09-28,485A,6500,7039000
2026-09-28,486A,0,6449
2026-09-28,487A,0,4665
2026-09-28,4880,192700,500300
2026-09-28,4881,0,3630300
2026-09-28,4882,0,1664600
2026-09-28,4883,0,10759800
2026-09-28,4884,0,1039400
2026-09-28,4885,1800,186900
2026-09-28,4886,700,92500
2026-09-28,4887,120000,388400
2026-09-28,4888,0,2087000
2026-09-28,4889,0,1351700
2026-09-28,488A,0,28440
2026-09-28,4890,0,658300
2026-09-28,4891,0,4075900
2026-09-28,4892,0,812800
2026-09-28,4893,369100,1074900
2026-09-28,4894,100,542700
2026-09-28,4896,0,258100
2026-09-28,489A,0,38
2026-09-28,4901,48400,2299700
2026-09-28,4902,459000,991400
2026-09-28,4911,366000,644800
2026-09-28,4912,27500,99000
2026-09-28,4914,64600,178100
2026-09-28,4918,0,173300
2026-09-28,4919,9300,54600
2026-09-28,491A,0,400
2026-09-28,4920,0,47400
2026-09-28,4922,278000,176300
2026-09-28,4923,59700,6100
2026-09-28,4925,0,17100
2026-09-28,4926,100,8900
2026-09-28,4927,519700,189700
2026-09-28,4928,93000,48000
2026-09-28,4929,2700,16900
2026-09-28,492A,0,130
2026-09-28,4931,496400,34600
2026-09-28,4932,0,182100
2026-09-28,4933,83500,116900
2026-09-28,4934,2000,250400
2026-09-28,4935,21600,4396700
2026-09-28,4936,103600,324600
2026-09-28,4937,0,169500
2026-09-28,493A,0,0
2026-09-28,494A,0,0
2026-09-28,4951,256500,19100
2026-09-28,4956,27900,19400
2026-09-28,4958,796700,20200
2026-09-28,495A,0,0
2026-09-28,4960,0,604000
2026-09-28,4966,0,19900
2026-09-28,4967,86100,106300
2026-09-28,4968,11900,356700
2026-09-28,496A,0,107430
2026-09-28,4970,800,349900
2026-09-28,4971,11600,555700
2026-09-28,4972,0,182100
2026-09-28,4973,200,158900
2026-09-28,4975,27300,157600
2026-09-28,4976,0,12500
2026-09-28,4977,2100,227300
2026-09-28,4978,0,4040100
2026-09-28,4979,1100,45400
2026-09-28,497A,0,292
2026-09-28,4980,47700,1859100
2026-09-28,4985,7700,34800
2026-09-28,498A,0,164
2026-09-28,4990,0,21800
2026-09-28,4992,12500,121900
2026-09-28,4994,18000,12500
2026-09-28,4996,146400,903300
2026-09-28,4997,1772600,156800
2026-09-28,4998,25900,103700
2026-09-28,499A,0,1340
2026-09-28,500A,0,69500
2026-09-28,5010,0,1380400
2026-09-28,5011,26200,52800
2026-09-28,5013,15700,58300
2026-09-28,5015,0,48800
2026-09-28,5016,636200,23562400
2026-09-28,5018,6900,104100
2026-09-28,5019,213900,777600
2026-09-28,5020,241400,2042200
2026-09-28,5021,61900,136400
2026-09-28,5025,0,22500
2026-09-28,5026,0,162200
2026-09-28,5027,32300,1411700
2026-09-28,5028,0,363200
2026-09-28,5029,0,159600
2026-09-28,502A,0,210
2026-09-28,5031,0,1052300
2026-09-28,5032,54400,958100
2026-09-28,5033,71300,327200
2026-09-28,5034,0,155500
2026-09-28,5035,0,203100
2026-09-28,5036,847600,121200
2026-09-28,5038,0,168700
2026-09-28,504A,0,215100
2026-09-28,505A,0,109100
2026-09-28,5071,70400,233500
2026-09-28,5074,592700,3370700
2026-09-28,5076,792900,2785000
2026-09-28,5078,0,4900
2026-09-28,5079,0,90200
2026-09-28,509A,0,1521
2026-09-28,5101,33100,606900
2026-09-28,5105,23800,383300
2026-09-28,5108,492200,633100
2026-09-28,5110,21200,1507600
2026-09-28,5121,25200,75800
2026-09-28,5122,5300,5000
2026-09-28,5125,0,93500
2026-09-28,5126,0,14500
2026-09-28,5129,607400,816200
2026-09-28,512A,0,3420
2026-09-28,5131,895200,1847600
2026-09-28,5132,111800,511200
2026-09-28,5133,0,779200
2026-09-28,5134,0,33600
2026-09-28,5136,0,438900
2026-09-28,5137,757200,1723600
2026-09-28,5138,0,108500
2026-09-28,5139,100,79300
2026-09-28,513A,7321,723128
2026-09-28,5142,60800,467200
2026-09-28,515A,0,1430
2026-09-28,5161,0,167000
2026-09-28,5162,142700,205700
2026-09-28,516A,0,952
2026-09-28,517A,0,156
2026-09-28,5184,2500,80900
2026-09-28,5185,39500,120100
2026-09-28,5186,14000,328400
2026-09-28,5187,0,71900
2026-09-28,5189,0,43600
2026-09-28,518A,0,1019
2026-09-28,5192,52900,35600
2026-09-28,5194,0,307000
2026-09-28,5195,19600,17000
2026-09-28,5199,0,24900
2026-09-28,519A,0,87500
2026-09-28,5201,15200,932900
2026-09-28,5204,300,70600
2026-09-28,5208,105200,462400
2026-09-28,520A,0,1439000
2026-09-28,5210,40300,187800
2026-09-28,5214,26100,292900
2026-09-28,5216,0,1451000
2026-09-28,5218,22400,173700
2026-09-28,521A,2121,1573065
2026-09-28,5232,24500,175800
2026-09-28,5233,38500,473100
2026-09-28,5237,400,265200
2026-09-28,523A,132500,423900
2026-09-28,5240,187000,1168600
2026-09-28,5242,0,217800
2026-09-28,5243,0,1010400
2026-09-28,5244,2300,2072500
2026-09-28,5246,253600,2485300
2026-09-28,5247,0,131200
2026-09-28,5248,0,2283600
2026-09-28,5250,0,59200
2026-09-28,5252,0,430300
2026-09-28,5253,1040500,3446900
2026-09-28,5254,100,92500
2026-09-28,5255,0,3903400
2026-09-28,5256,0,60300
2026-09-28,5257,0,62000
2026-09-28,5258,66900,2585600
2026-09-28,5261,2700,19400
2026-09-28,5262,762000,1110700
2026-09-28,5268,0,474900
2026-09-28,5269,59400,426100
2026-09-28,526A,0,1017
2026-09-28,5271,0,12800
2026-09-28,5273,1000,7700
2026-09-28,5279,0,33700
2026-09-28,5280,0,402000
2026-09-28,5282,0,1209900
2026-09-28,5283,0,92200
2026-09-28,5284,0,101100
2026-09-28,5285,1300,347500
2026-09-28,5287,0,167300
2026-09-28,5288,500,1023700
2026-09-28,5290,155600,183800
2026-09-28,5301,262900,556600
2026-09-28,5302,3900,39800
2026-09-28,5304,5000,212800
2026-09-28,530A,0,1002
2026-09-28,5310,43500,95800
2026-09-28,531A,0,1
2026-09-28,532A,0,429
2026-09-28,5331,40900,129300
2026-09-28,5332,61600,736600
2026-09-28,5333,23000,425500
2026-09-28,5334,75300,642000
2026-09-28,5337,0,25900
2026-09-28,533A,0,336
2026-09-28,5341,0,748000
2026-09-28,5344,3200,59200
2026-09-28,534A,0,576
2026-09-28,5351,28400,128300
2026-09-28,5355,0,453400
2026-09-28,5356,800,65100
2026-09-28,5357,6900,94500
2026-09-28,535A,0,0
2026-09-28,5363,5100,800500
2026-09-28,5367,287600,622800
2026-09-28,5368,0,75000
2026-09-28,536A,0,0
2026-09-28,537A,0,481
2026-09-28,5380,0,31300
2026-09-28,5381,70700,611900
2026-09-28,5384,12000,160100
2026-09-28,5388,1400,54200
2026-09-28,538A,0,4
2026-09-28,5391,6400,236500
2026-09-28,5393,17500,122200
2026-09-28,539A,0,200
2026-09-28,5401,12942900,34280300
2026-09-28,5406,795200,1599100
2026-09-28,5408,131200,867400
2026-09-28,540A,0,121190
2026-09-28,5410,62400,278900
2026-09-28,5411,2645100,4579400
2026-09-28,541A,0,950
2026-09-28,5423,62500,169700
2026-09-28,542A,0,68200
2026-09-28,543A,613400,21491300
2026-09-28,5440,108900,135200
2026-09-28,5444,20900,34900
2026-09-28,5445,7900,153000
2026-09-28,5446,0,44600
2026-09-28,5449,170200,1742000
2026-09-28,544A,185900,1147500
2026-09-28,5451,180100,127600
2026-09-28,5458,0,77200
2026-09-28,545A,24300,13400
2026-09-28,5461,73200,167700
2026-09-28,5463,266600,114700
2026-09-28,5464,7900,148000
2026-09-28,546A,7500,582800
2026-09-28,5471,43700,526600
2026-09-28,547A,75800,16476600
2026-09-28,5480,63400,128700
2026-09-28,5482,67900,122600
2026-09-28,5484,0,600
2026-09-28,548A,0,125600
2026-09-28,5491,2200,899300
2026-09-28,549A,0,271000
2026-09-28,550A,0,51500
2026-09-28,5527,0,193300
2026-09-28,552A,0,14774
2026-09-28,5532,0,377600
2026-09-28,5533,0,5500
2026-09-28,5535,0,2273600
2026-09-28,5537,200,251600
2026-09-28,5541,271700,766800
2026-09-28,5542,6600,233600
2026-09-28,554A,0,92600
2026-09-28,5563,47200,1509500
2026-09-28,556A,0,195200
2026-09-28,5570,0,179500
2026-09-28,5571,0,274700
2026-09-28,5572,0,196900
2026-09-28,5574,9800,533700
2026-09-28,5575,0,55600
2026-09-28,5576,0,23600
2026-09-28,5578,0,255100
2026-09-28,5580,0,9500
2026-09-28,5582,0,104600
2026-09-28,5586,0,380400
2026-09-28,5587,0,286800
2026-09-28,5588,0,174000
2026-09-28,5589,700,6400
2026-09-28,558A,0,106300
2026-09-28,5590,134200,1607300
2026-09-28,5591,0,204100
2026-09-28,5592,0,472000
2026-09-28,5597,0,241900
2026-09-28,5599,0,113300
2026-09-28,559A,0,90600
2026-09-28,5602,72300,329800
2026-09-28,5603,1900,194000
2026-09-28,5609,0,196300
2026-09-28,5612,0,91900
2026-09-28,5616,0,58200
2026-09-28,5618,0,52100
2026-09-28,5619,0,29300
2026-09-28,5621,0,134900
2026-09-28,5631,45000,1065200
2026-09-28,5632,45200,197300
2026-09-28,563A,6313,3786316
2026-09-28,5644,0,17300
2026-09-28,564A,0,579
2026-09-28,5658,2200,265700
2026-09-28,5659,52900,262800
2026-09-28,566A,0,143
2026-09-28,568A,0,112440
2026-09-28,5695,0,12500
2026-09-28,5697,0,86900
2026-09-28,5698,100,580000
2026-09-28,5699,0,211200
2026-09-28,569A,0,18820
2026-09-28,5702,137700,579700
2026-09-28,5703,53700,414400
2026-09-28,5704,0,369800
2026-09-28,5706,118600,1182000
2026-09-28,5707,393600,1488500
2026-09-28,570A,0,1180
2026-09-28,5711,36800,2176100
2026-09-28,5713,123500,1669200
2026-09-28,5714,17700,321700
2026-09-28,5715,18100,354300
2026-09-28,571A,0,60
2026-09-28,5721,0,3224600
2026-09-28,5724,0,178700
2026-09-28,5726,807600,1373100
2026-09-28,5729,0,93900
2026-09-28,572A,0,80
2026-09-28,573A,0,36900
2026-09-28,5741,63400,516500
2026-09-28,5742,11600,25000
2026-09-28,5753,0,103600
2026-09-28,5757,0,19600
2026-09-28,575A,5500,171200
2026-09-28,576A,0,84410
2026-09-28,577A,0,11880
2026-09-28,578A,0,78950
2026-09-28,579A,0,70348
2026-09-28,5801,677100,18129200
2026-09-28,5802,377400,11278200
2026-09-28,5803,900400,22727600
2026-09-28,5805,14500,250200
2026-09-28,580A,0,85717
2026-09-28,5816,4300,456400
2026-09-28,5817,0,311800
2026-09-28,5819,0,59900
2026-09-28,581A,53700,3932000
2026-09-28,5820,0,375300
2026-09-28,5821,100,373000
2026-09-28,5830,49300,387800
2026-09-28,5831,84900,589300
2026-09-28,5832,21200,324600
2026-09-28,5834,4100,447800
2026-09-28,5838,51700,1794100
2026-09-28,5842,0,199600
2026-09-28,5843,0,221200
2026-09-28,5844,61100,207200
2026-09-28,5845,0,276300
2026-09-28,584A,0,375900
2026-09-28,5851,26300,122600
2026-09-28,5852,57600,544900
2026-09-28,5857,91200,673300
2026-09-28,5858,0,222000
2026-09-28,585A,0,761
2026-09-28,5867,0,21200
2026-09-28,5868,0,109700
2026-09-28,5869,100,41800
2026-09-28,586A,0,967470
2026-09-28,5870,0,317100
2026-09-28,5871,3100,73400
2026-09-28,5884,0,346200
2026-09-28,5885,27800,75200
2026-09-28,5888,0,45200
2026-09-28,5889,100,466400
2026-09-28,5891,0,83800
2026-09-28,5892,0,487600
2026-09-28,589A,0,205000
2026-09-28,5900,0,15500
2026-09-28,5901,55400,58600
2026-09-28,5902,30600,22800
2026-09-28,5905,0,88000
2026-09-28,5906,0,352900
2026-09-28,5909,5200,21600
2026-09-28,590A,51900,602600
2026-09-28,5911,118200,449900
2026-09-28,5915,2200,77400
2026-09-28,5918,0,23500
2026-09-28,5921,300,132200
2026-09-28,5922,0,5100
2026-09-28,5923,0,241900
2026-09-28,5928,1800,156700
2026-09-28,5929,61000,85700
2026-09-28,5930,1800,38100
2026-09-28,5932,26800,495200
2026-09-28,5933,7300,47200
2026-09-28,5936,600,229900
2026-09-28,5938,1278700,1667500
2026-09-28,5939,0,22200
2026-09-28,593A,6400,5119100
2026-09-28,5940,0,313200
2026-09-28,5941,400,19800
2026-09-28,5942,0,314100
2026-09-28,5943,36700,38700
2026-09-28,5945,0,176000
2026-09-28,5946,9000,2396800
2026-09-28,5947,136300,80600
2026-09-28,5949,85800,165100
2026-09-28,5950,0,192900
2026-09-28,5951,56600,20500
2026-09-28,5952,0,548800
2026-09-28,5955,38100,2778100
2026-09-28,5956,10700,43300
2026-09-28,5957,6000,188400
2026-09-28,5958,2000,98700
2026-09-28,5959,8600,157500
2026-09-28,5962,0,37200
2026-09-28,5965,0,137300
2026-09-28,5966,0,1800
2026-09-28,5967,0,801900
2026-09-28,5969,0,3200
2026-09-28,5970,43200,206600
2026-09-28,5971,0,900
2026-09-28,5973,0,238300
2026-09-28,5974,0,10000
2026-09-28,5975,7300,41100
2026-09-28,5976,69300,71000
2026-09-28,5981,8600,201700
2026-09-28,5982,0,8100
2026-09-28,5983,0,9100
2026-09-28,5984,0,60700
2026-09-28,5985,240100,1489700
2026-09-28,5986,0,532800
2026-09-28,5987,0,16800
2026-09-28,5988,193300,75600
2026-09-28,5989,95000,630000
2026-09-28,598A,0,261900
2026-09-28,5990,0,54700
2026-09-28,5991,8700,1710600
2026-09-28,5992,600,698400
2026-09-28,5994,0,158300
2026-09-28,5997,0,35200
2026-09-28,5998,8300,102700
2026-09-28,6005,38100,82300
2026-09-28,600A,0,975
2026-09-28,6013,43800,62400
2026-09-28,6016,0,228900
2026-09-28,6018,0,48400
2026-09-28,6022,0,52300
2026-09-28,6023,6800,473900
2026-09-28,6027,344800,516800
2026-09-28,6029,0,966700
2026-09-28,6030,0,124200
2026-09-28,6031,75500,1845100
2026-09-28,6033,4400,158100
2026-09-28,6034,800,118100
2026-09-28,6035,29100,630700
2026-09-28,6036,43800,308000
2026-09-28,6037,100,371300
2026-09-28,6038,1200,316000
2026-09-28,6039,0,574400
2026-09-28,603A,0,2455600
2026-09-28,6040,0,276400
2026-09-28,6042,0,18100
2026-09-28,6044,0,43000
2026-09-28,6045,120800,87900
2026-09-28,6046,220600,646700
2026-09-28,6047,377600,1093000
2026-09-28,6049,0,1669200
2026-09-28,604A,0,1145500
2026-09-28,6050,97500,25200
2026-09-28,6054,56000,1268400
2026-09-28,6055,35300,495300
2026-09-28,6058,90200,3652400
2026-09-28,6059,4100,146700
2026-09-28,605A,0,120360
2026-09-28,6061,0,42300
2026-09-28,6062,29600,235000
2026-09-28,6063,0,22900
2026-09-28,6069,5100,622900
2026-09-28,606A,0,13163
2026-09-28,6070,267000,112400
2026-09-28,6071,12500,478400
2026-09-28,6072,1062000,5206200
2026-09-28,6073,97800,30000
2026-09-28,6074,0,150200
2026-09-28,6078,253900,155400
2026-09-28,607A,0,1925800
2026-09-28,6080,44300,152700
2026-09-28,6081,0,1654200
2026-09-28,6082,2400,38400
2026-09-28,6083,9800,112700
2026-09-28,6085,9000,2700000
2026-09-28,6086,0,60100
2026-09-28,6087,500,4200
2026-09-28,6088,23500,1142300
2026-09-28,6089,13900,88800
2026-09-28,608A,0,16053
2026-09-28,6090,0,181900
2026-09-28,6091,19200,521800
2026-09-28,6092,94300,486200
2026-09-28,6093,116500,882800
2026-09-28,6094,0,1507200
2026-09-28,6098,385500,527900
2026-09-28,6099,61700,147700
2026-09-28,609A,0,38993
2026-09-28,6101,14400,509700
2026-09-28,6103,10000,144800
2026-09-28,6104,26400,46700
2026-09-28,610A,0,112929
2026-09-28,6113,23900,229100
2026-09-28,6118,25500,145100
2026-09-28,611A,0,4120
2026-09-28,6125,0,423900
2026-09-28,612A,0,20
2026-09-28,6134,8900,543500
2026-09-28,6135,0,63400
2026-09-28,6136,18600,115400
2026-09-28,6137,500,198600
2026-09-28,6138,0,73800
2026-09-28,613A,0,14
2026-09-28,6140,140500,1144600
2026-09-28,6141,67200,2027300
2026-09-28,6143,18500,670700
2026-09-28,6144,0,59900
2026-09-28,6145,9000,162100
2026-09-28,6146,87000,901200
2026-09-28,6147,0,12000
2026-09-28,6149,0,83100
2026-09-28,6150,0,22200
2026-09-28,6151,1000,48400
2026-09-28,6155,0,162500
2026-09-28,6156,0,14200
2026-09-28,6157,21200,108700
2026-09-28,6158,19800,49300
2026-09-28,6159,0,4600
2026-09-28,6161,0,1040300
2026-09-28,6165,7100,915700
2026-09-28,6166,0,646600
2026-09-28,6167,35500,177100
2026-09-28,6171,1000,261400
2026-09-28,6176,7400,373700
2026-09-28,6177,0,1977500
2026-09-28,6178,161100,426100
2026-09-28,6180,0,37000
2026-09-28,6181,0,2391200
2026-09-28,6182,146400,585800
2026-09-28,6183,9200,102700
2026-09-28,6184,213300,510300
2026-09-28,6185,17500,201400
2026-09-28,6186,0,83800
2026-09-28,6189,129000,109800
2026-09-28,618A,400,683300
2026-09-28,6190,0,229500
2026-09-28,6191,154300,952900
2026-09-28,6193,0,34000
2026-09-28,6194,861600,747300
2026-09-28,6195,0,321500
2026-09-28,6196,117700,1275400
2026-09-28,6198,0,661900
2026-09-28,6199,18400,94900
2026-09-28,619A,0,1905000
2026-09-28,6200,506300,898500
2026-09-28,6203,174100,1476500
2026-09-28,6208,95500,415100
2026-09-28,6209,32200,99800
2026-09-28,6217,0,323600
2026-09-28,6218,400,207100
2026-09-28,621A,1200,815100
2026-09-28,6222,449200,313900
2026-09-28,6223,5300,186400
2026-09-28,6224,0,494800
2026-09-28,6226,73200,500600
2026-09-28,6227,685500,3076100
2026-09-28,6228,0,306800
2026-09-28,6229,0,81000
2026-09-28,622A,0,142300
2026-09-28,6230,0,16600
2026-09-28,6231,100,98100
2026-09-28,6232,1012100,2522000
2026-09-28,6233,0,76700
2026-09-28,6235,2900,484300
2026-09-28,6237,9200,85500
2026-09-28,6238,7400,431700
2026-09-28,6239,0,656100
2026-09-28,623A,0,843400
2026-09-28,6240,355900,895500
2026-09-28,6245,66800,584600
2026-09-28,6246,9500,36400
2026-09-28,6247,23200,37500
2026-09-28,6248,0,21500
2026-09-28,6249,0,65800
2026-09-28,6250,3900,99700
2026-09-28,6254,331600,2009400
2026-09-28,6255,143500,1140300
2026-09-28,6257,23400,145900
2026-09-28,6258,78100,809200
2026-09-28,625A,500,927500
2026-09-28,6262,3000,3239100
2026-09-28,6264,36700,1613600
2026-09-28,6265,0,45000
2026-09-28,6266,59300,359300
2026-09-28,6267,0,5300
2026-09-28,6268,26400,994100
2026-09-28,6269,35000,1489700
2026-09-28,626A,0,8130
2026-09-28,6272,12200,84600
2026-09-28,6273,5400,58800
2026-09-28,6276,0,478000
2026-09-28,6277,243200,194600
2026-09-28,6278,21000,156800
2026-09-28,6279,32800,60700
2026-09-28,627A,112000,765800
2026-09-28,6282,1627100,25000
2026-09-28,6284,13400,21500
2026-09-28,6286,0,27000
2026-09-28,6287,39600,63400
2026-09-28,6289,109500,96400
2026-09-28,6291,100,521400
2026-09-28,6292,0,135800
2026-09-28,6294,3100,131300
2026-09-28,6298,208000,1082600
2026-09-28,6301,221400,761200
2026-09-28,6302,31900,163000
2026-09-28,6305,62400,422400
2026-09-28,6306,25800,90200
2026-09-28,6307,0,195100
2026-09-28,6309,3300,145100
2026-09-28,630A,0,123
2026-09-28,6310,35400,166700
2026-09-28,6315,122600,5132200
2026-09-28,6316,0,32800
2026-09-28,6317,100500,219000
2026-09-28,6322,0,100800
2026-09-28,6323,87200,3458700
2026-09-28,6324,729000,871100
2026-09-28,6325,20800,34900
2026-09-28,6326,217100,698300
2026-09-28,6327,0,708900
2026-09-28,6328,7000,134700
2026-09-28,632A,0,5
2026-09-28,6330,1278000,5133600
2026-09-28,6331,76700,635000
2026-09-28,6332,148800,75400
2026-09-28,6333,9600,23100
2026-09-28,6334,0,120000
2026-09-28,6335,0,273700
2026-09-28,6336,0,551000
2026-09-28,6337,0,122800
2026-09-28,6338,0,242300
2026-09-28,6339,624200,79100
2026-09-28,633A,0,113927
2026-09-28,6340,14300,18700
2026-09-28,6342,0,7000
2026-09-28,6343,17000,1116300
2026-09-28,6345,45400,155600
2026-09-28,6346,0,4500
2026-09-28,6347,0,798900
2026-09-28,6349,103700,90300
2026-09-28,634A,23900,249900
2026-09-28,6351,4300,16300
2026-09-28,6356,350900,912900
2026-09-28,6357,1300,145200
2026-09-28,6358,6600,78900
2026-09-28,635A,0,440
2026-09-28,6360,0,12800
2026-09-28,6361,67600,1564700
2026-09-28,6363,14000,480200
2026-09-28,6364,24500,47900
2026-09-28,6365,0,10100
2026-09-28,6366,471100,10108100
2026-09-28,6367,24100,556000
2026-09-28,6368,29500,220700
2026-09-28,6369,9400,108600
2026-09-28,636A,0,10
2026-09-28,6370,8900,147100
2026-09-28,6371,51800,84900
2026-09-28,6376,27200,2888500
2026-09-28,6378,14300,652700
2026-09-28,6379,1396500,50800
2026-09-28,6380,0,433200
2026-09-28,6381,20300,92400
2026-09-28,6382,0,149800
2026-09-28,6383,46800,764400
2026-09-28,6384,0,94700
2026-09-28,6387,600,136400
2026-09-28,6390,53900,310000
2026-09-28,6391,0,46300
2026-09-28,6392,0,3500
2026-09-28,6393,100,28800
2026-09-28,6395,12100,227100
2026-09-28,6396,0,46500
2026-09-28,6400,2100,461200
2026-09-28,6402,0,34600
2026-09-28,6405,0,443100
2026-09-28,6407,6400,180600
2026-09-28,6408,0,32500
2026-09-28,6412,2214000,119200
2026-09-28,6413,17200,772400
2026-09-28,6417,395000,418500
2026-09-28,6418,22200,198100
2026-09-28,6419,80900,235700
2026-09-28,6420,30700,7600
2026-09-28,6424,0,63500
2026-09-28,6425,186300,1945200
2026-09-28,6428,900,318500
2026-09-28,6430,127000,81500
2026-09-28,6432,19400,525700
2026-09-28,6433,0,532000
2026-09-28,6436,18500,33000
2026-09-28,643A,0,3019
2026-09-28,6440,88600,861800
2026-09-28,6444,285900,946300
2026-09-28,6445,15900,83100
2026-09-28,6448,25700,95500
2026-09-28,644A,0,1028
2026-09-28,6454,41100,41900
2026-09-28,6455,5000,23000
2026-09-28,6457,9800,25000
2026-09-28,6458,45900,263600
2026-09-28,6459,35000,50000
2026-09-28,6460,107100,134500
2026-09-28,6463,87800,143300
2026-09-28,6464,78400,1197400
2026-09-28,6465,50900,235100
2026-09-28,6466,0,145400
2026-09-28,6467,0,298200
2026-09-28,6469,0,334900
2026-09-28,6470,15000,177200
2026-09-28,6471,216000,1427800
2026-09-28,6472,583900,1874800
2026-09-28,6473,70500,292900
2026-09-28,6474,15100,240600
2026-09-28,6479,34300,2707300
2026-09-28,6480,22000,1397700
2026-09-28,6481,77600,545800
2026-09-28,6482,10900,99000
2026-09-28,6484,0,9500
2026-09-28,6485,54200,25300
2026-09-28,6486,3500,107900
2026-09-28,6488,0,117400
2026-09-28,6490,9500,84600
2026-09-28,6492,100,84000
2026-09-28,6493,0,509000
2026-09-28,6494,0,3987100
2026-09-28,6495,0,264200
2026-09-28,6496,0,80000
2026-09-28,6497,0,43400
2026-09-28,6498,15000,737700
2026-09-28,6501,452100,3432700
2026-09-28,6503,109400,3540900
2026-09-28,6504,10900,437700
2026-09-28,6505,1700,137700
2026-09-28,6506,179300,6562600
2026-09-28,6507,16800,103600
2026-09-28,6508,17800,165400
2026-09-28,6513,100,262400
2026-09-28,6516,6800,129700
2026-09-28,6517,10900,28900
2026-09-28,6518,0,211800
2026-09-28,6521,0,682500
2026-09-28,6522,124800,1332300
2026-09-28,6523,331700,394300
2026-09-28,6524,24600,485900
2026-09-28,6525,431300,2091300
2026-09-28,6526,1090800,5437100
2026-09-28,6532,128000,377300
2026-09-28,6533,108500,120400
2026-09-28,6535,26200,895400
2026-09-28,6537,8000,305100
2026-09-28,6538,800,844300
2026-09-28,6539,7900,316500
2026-09-28,6540,500,127000
2026-09-28,6543,0,25100
2026-09-28,6544,87300,425300
2026-09-28,6545,4600,216200
2026-09-28,6546,400,8200
2026-09-28,6547,1200,283000
2026-09-28,6548,0,744000
2026-09-28,6549,0,102600
2026-09-28,6551,143900,255700
2026-09-28,6552,0,740000
2026-09-28,6554,2900,265900
2026-09-28,6555,0,109900
2026-09-28,6557,6400,196600
2026-09-28,6558,0,29800
2026-09-28,6560,1900,107200
2026-09-28,6561,0,353000
2026-09-28,6562,132000,636600
2026-09-28,6563,1800,113700
2026-09-28,6564,0,64900
2026-09-28,6566,0,35300
2026-09-28,6568,0,122300
2026-09-28,6570,72500,125900
2026-09-28,6571,5800,107200
2026-09-28,6572,166400,823200
2026-09-28,6573,0,5159700
2026-09-28,6574,0,12847300
2026-09-28,6577,0,110400
2026-09-28,6578,0,61000
2026-09-28,6579,0,312300
2026-09-28,6580,30900,210800
2026-09-28,6584,306200,1217600
2026-09-28,6586,33500,200400
2026-09-28,6588,26400,141200
2026-09-28,6590,42100,1224000
2026-09-28,6592,100600,226500
2026-09-28,6594,741800,5706200
2026-09-28,6597,0,329100
2026-09-28,6599,0,50700
2026-09-28,6612,0,83500
2026-09-28,6613,15200,3592700
2026-09-28,6614,16500,118000
2026-09-28,6615,23500,529000
2026-09-28,6616,100,234900
2026-09-28,6617,8100,163700
2026-09-28,6619,753500,6768600
2026-09-28,6620,183500,607500
2026-09-28,6622,6800,195000
2026-09-28,6625,1988000,3714900
2026-09-28,6626,0,58000
2026-09-28,6627,0,248800
2026-09-28,6629,268100,1183900
2026-09-28,6630,425100,197200
2026-09-28,6632,64800,1633000
2026-09-28,6633,200,99200
2026-09-28,6634,0,927600
2026-09-28,6635,33200,317800
2026-09-28,6637,0,195900
2026-09-28,6638,14500,44100
2026-09-28,6643,200,31300
2026-09-28,6644,2088900,341700
2026-09-28,6645,22900,511800
2026-09-28,6647,0,34300
2026-09-28,6648,0,245200
2026-09-28,6651,7600,55400
2026-09-28,6652,12200,50400
2026-09-28,6653,2700,749100
2026-09-28,6654,8200,65600
2026-09-28,6656,118000,383500
2026-09-28,6658,0,607700
2026-09-28,6659,433600,7753700
2026-09-28,6662,0,2047400
2026-09-28,6663,0,264400
2026-09-28,6664,20500,343700
2026-09-28,6666,0,431300
2026-09-28,6668,0,412000
2026-09-28,6674,17400,623800
2026-09-28,6675,47000,156800
2026-09-28,6676,253600,46900
2026-09-28,6677,4600,234400
2026-09-28,6678,1300,128800
2026-09-28,6694,0,155300
2026-09-28,6696,0,389900
2026-09-28,6699,1100,494900
2026-09-28,6701,243900,4921000
2026-09-28,6702,182900,2409300
2026-09-28,6703,43700,1217000
2026-09-28,6706,17100,225100
2026-09-28,6707,29500,71000
2026-09-28,6718,10700,64400
2026-09-28,6721,0,3027700
2026-09-28,6723,626800,2944600
2026-09-28,6724,128600,89400
2026-09-28,6727,133300,749900
2026-09-28,6728,48700,306900
2026-09-28,6730,10800,520900
2026-09-28,6731,600,371200
2026-09-28,6736,40500,15800
2026-09-28,6737,21600,56800
2026-09-28,6740,8572800,43185800
2026-09-28,6741,21300,160200
2026-09-28,6742,33300,213200
2026-09-28,6743,0,136300
2026-09-28,6744,12100,113100
2026-09-28,6745,20500,75700
2026-09-28,6748,200,232600
2026-09-28,6750,50700,81300
2026-09-28,6752,425700,1824400
2026-09-28,6753,3029800,2938400
2026-09-28,6754,113200,761700
2026-09-28,6757,0,93900
2026-09-28,6758,316900,6188600
2026-09-28,6762,227600,4976800
2026-09-28,6763,13500,17200
2026-09-28,6768,105400,1492100
2026-09-28,6769,0,375000
2026-09-28,6770,80800,105300
2026-09-28,6771,16700,207900
2026-09-28,6772,0,1750800
2026-09-28,6775,0,1036900
2026-09-28,6776,0,456300
2026-09-28,6777,100,243500
2026-09-28,6778,22800,384000
2026-09-28,6779,12800,1064900
2026-09-28,6785,5700,83200
2026-09-28,6786,0,1095000
2026-09-28,6787,26800,473200
2026-09-28,6788,9300,9500
2026-09-28,6794,149600,983000
2026-09-28,6797,0,130100
2026-09-28,6798,20700,49400
2026-09-28,6800,6000,262300
2026-09-28,6803,58200,1140300
2026-09-28,6804,18600,179800
2026-09-28,6806,4000,18800
2026-09-28,6807,47300,39100
2026-09-28,6809,39200,131300
2026-09-28,6810,35300,106800
2026-09-28,6814,14900,436700
2026-09-28,6817,6500,511500
2026-09-28,6819,0,121400
2026-09-28,6820,11500,23900
2026-09-28,6822,0,68800
2026-09-28,6823,4800,98300
2026-09-28,6824,0,27500
2026-09-28,6832,0,145200
2026-09-28,6834,372800,1437900
2026-09-28,6835,0,1603100
2026-09-28,6836,0,266000
2026-09-28,6837,0,304400
2026-09-28,6838,100,974800
2026-09-28,6840,0,1352300
2026-09-28,6841,93100,175700
2026-09-28,6844,14900,210200
2026-09-28,6845,90400,134500
2026-09-28,6848,128200,41000
2026-09-28,6849,95800,88100
2026-09-28,6850,25000,27300
2026-09-28,6853,8900,86500
2026-09-28,6855,37900,799900
2026-09-28,6856,8700,56400
2026-09-28,6857,1734800,2378200
2026-09-28,6858,0,250000
2026-09-28,6859,13000,52500
2026-09-28,6861,57100,142500
2026-09-28,6862,0,924500
2026-09-28,6863,0,353900
2026-09-28,6864,0,245100
2026-09-28,6866,4100,31700
2026-09-28,6867,0,271900
2026-09-28,6869,168800,863900
2026-09-28,6870,0,57400
2026-09-28,6871,55500,661300
2026-09-28,6874,100,52200
2026-09-28,6875,8600,50900
2026-09-28,6877,13900,33800
2026-09-28,6882,31600,487800
2026-09-28,6888,100,141300
2026-09-28,6890,57300,1847900
2026-09-28,6894,0,30100
2026-09-28,6897,0,1504200
2026-09-28,6898,0,51300
2026-09-28,6899,0,140200
2026-09-28,6902,740900,2815800
2026-09-28,6904,3900,461500
2026-09-28,6905,37400,228100
2026-09-28,6907,0,831600
2026-09-28,6908,18700,295900
2026-09-28,6912,0,56500
2026-09-28,6914,1800,177000
2026-09-28,6915,1700,88200
2026-09-28,6918,0,133500
2026-09-28,6919,32100,86400
2026-09-28,6920,375800,1450500
2026-09-28,6923,14100,22100
2026-09-28,6925,17000,75100
2026-09-28,6926,43100,161000
2026-09-28,6927,0,358300
2026-09-28,6928,0,121200
2026-09-28,6929,2000,123800
2026-09-28,6932,1800,264900
2026-09-28,6941,23300,368000
2026-09-28,6942,0,1500
2026-09-28,6943,0,38500
2026-09-28,6946,100,417400
2026-09-28,6947,262300,36800
2026-09-28,6951,25800,80300
2026-09-28,6952,61600,279700
2026-09-28,6954,242700,5179100
2026-09-28,6955,0,869200
2026-09-28,6958,177600,1620300
2026-09-28,6960,3000,28500
2026-09-28,6961,5600,168600
2026-09-28,6962,627200,1614500
2026-09-28,6963,133500,887800
2026-09-28,6964,0,51800
2026-09-28,6965,75000,2938000
2026-09-28,6966,79200,7252700
2026-09-28,6969,0,361600
2026-09-28,6971,120800,498400
2026-09-28,6976,594200,4734700
2026-09-28,6977,0,203200
2026-09-28,6981,909700,6796100
2026-09-28,6982,0,184800
2026-09-28,6986,160900,987600
2026-09-28,6988,82600,331900
2026-09-28,6989,6200,182200
2026-09-28,6993,9326500,22732200
2026-09-28,6994,50400,641000
2026-09-28,6995,44800,25200
2026-09-28,6996,25300,457200
2026-09-28,6997,45300,1237800
2026-09-28,6998,48300,212100
2026-09-28,6999,43000,626700
2026-09-28,7003,108500,3697900
2026-09-28,7004,593600,3497100
2026-09-28,7011,1280800,19956200
2026-09-28,7012,701600,19250400
2026-09-28,7013,428400,13670700
2026-09-28,7014,76200,1234500
2026-09-28,7018,500,275300
2026-09-28,7021,0,52600
2026-09-28,7022,36400,1363800
2026-09-28,7030,1100,284400
2026-09-28,7031,0,106200
2026-09-28,7033,37300,230300
2026-09-28,7034,0,491600
2026-09-28,7035,16300,331900
2026-09-28,7036,0,45500
2026-09-28,7037,0,60800
2026-09-28,7038,156300,344400
2026-09-28,7039,22500,153200
2026-09-28,7040,0,44600
2026-09-28,7041,0,78900
2026-09-28,7042,0,32700
2026-09-28,7043,0,252600
2026-09-28,7044,0,130800
2026-09-28,7046,0,72400
2026-09-28,7047,7500,2032500
2026-09-28,7048,230900,1379500
2026-09-28,7049,7400,52800
2026-09-28,7050,0,149400
2026-09-28,7057,0,79000
2026-09-28,7058,0,30100
2026-09-28,7059,8000,665000
2026-09-28,7060,3700,175200
2026-09-28,7061,36400,684500
2026-09-28,7062,0,257500
2026-09-28,7063,0,4135200
2026-09-28,7064,0,112100
2026-09-28,7065,1000,142400
2026-09-28,7066,0,288200
2026-09-28,7067,0,27900
2026-09-28,7068,6500,447100
2026-09-28,7069,0,322300
2026-09-28,7071,631000,1649400
2026-09-28,7072,0,168300
2026-09-28,7073,0,16200
2026-09-28,7074,0,276300
2026-09-28,7075,0,58100
2026-09-28,7077,0,43500
2026-09-28,7078,0,333000
2026-09-28,7079,0,80700
2026-09-28,7080,0,193000
2026-09-28,7081,0,508000
2026-09-28,7082,0,0
2026-09-28,7083,0,29500
2026-09-28,7084,0,85100
2026-09-28,7085,131800,231900
2026-09-28,7087,36400,30000
2026-09-28,7089,0,153900
2026-09-28,7090,0,9000
2026-09-28,7091,0,73900
2026-09-28,7093,0,270500
2026-09-28,7094,19300,1165000
2026-09-28,7095,0,600900
2026-09-28,7096,20200,236600
2026-09-28,7097,0,46200
2026-09-28,7102,32800,75100
2026-09-28,7110,400,161000
2026-09-28,7111,0,380800
2026-09-28,7112,0,339400
2026-09-28,7114,0,59300
2026-09-28,7115,0,110100
2026-09-28,7119,78100,57300
2026-09-28,7120,0,56000
2026-09-28,7122,0,44400
2026-09-28,7126,0,25200
2026-09-28,7127,0,12300
2026-09-28,7128,253200,95200
2026-09-28,7129,0,13700
2026-09-28,7130,44000,229700
2026-09-28,7131,0,65000
2026-09-28,7133,0,181100
2026-09-28,7134,2500,66900
2026-09-28,7135,12800,107200
2026-09-28,7138,0,2256600
2026-09-28,7140,0,55000
2026-09-28,7148,1293200,1544900
2026-09-28,7150,73800,189400
2026-09-28,7157,27100,470900
2026-09-28,7161,79400,641800
2026-09-28,7162,0,853700
2026-09-28,7164,93600,202500
2026-09-28,7167,116700,579400
2026-09-28,7172,27400,1391700
2026-09-28,7173,121900,1189500
2026-09-28,7175,0,52100
2026-09-28,7177,0,688500
2026-09-28,7180,132600,768800
2026-09-28,7181,38700,1244700
2026-09-28,7182,234900,1134100
2026-09-28,7183,0,3100
2026-09-28,7184,38400,75500
2026-09-28,7185,0,5300
2026-09-28,7186,83100,970900
2026-09-28,7187,17500,308000
2026-09-28,7189,12800,273000
2026-09-28,7191,15500,83800
2026-09-28,7192,10300,597800
2026-09-28,7196,0,143100
2026-09-28,7198,249500,501400
2026-09-28,7199,60400,519700
2026-09-28,7201,1361600,60316200
2026-09-28,7202,363000,755700
2026-09-28,7203,4869700,16555000
2026-09-28,7208,0,12100
2026-09-28,7211,4006100,7254500
2026-09-28,7212,21900,807800
2026-09-28,7213,22300,174400
2026-09-28,7214,0,334200
2026-09-28,7215,0,126900
2026-09-28,7217,0,69200
2026-09-28,7218,0,32900
2026-09-28,7219,0,19600
2026-09-28,7220,23700,757500
2026-09-28,7222,15700,336500
2026-09-28,7224,24600,663900
2026-09-28,7226,159500,505300
2026-09-28,7228,0,34000
2026-09-28,7231,71300,57800
2026-09-28,7235,0,225100
2026-09-28,7236,591800,764400
2026-09-28,7238,146300,7144100
2026-09-28,7239,72700,138100
2026-09-28,7240,115000,109000
2026-09-28,7241,1933600,138300
2026-09-28,7242,18800,77700
2026-09-28,7244,7900,294500
2026-09-28,7245,103400,702300
2026-09-28,7246,141500,230300
2026-09-28,7247,0,323600
2026-09-28,7254,0,785300
2026-09-28,7255,0,200
2026-09-28,7256,54300,2883500
2026-09-28,7259,264700,932600
2026-09-28,7261,2401300,4952200
2026-09-28,7264,0,40600
2026-09-28,7265,0,29000
2026-09-28,7266,34600,373100
2026-09-28,7267,2844100,3643500
2026-09-28,7269,125200,3387900
2026-09-28,7270,731000,1316900
2026-09-28,7271,0,544900
2026-09-28,7272,365000,1236300
2026-09-28,7273,0,3746700
2026-09-28,7276,95800,2805800
2026-09-28,7277,22400,293200
2026-09-28,7278,131300,163500
2026-09-28,7279,90500,143700
2026-09-28,7280,20000,416700
2026-09-28,7282,40100,205200
2026-09-28,7283,13000,90900
2026-09-28,7284,0,668900
2026-09-28,7287,87900,289200
2026-09-28,7291,45200,549700
2026-09-28,7292,0,502000
2026-09-28,7294,34600,61400
2026-09-28,7296,108700,22700
2026-09-28,7297,0,16100
2026-09-28,7299,0,135800
2026-09-28,7305,3800,115500
2026-09-28,7309,62500,60900
2026-09-28,7313,196600,105400
2026-09-28,7314,0,24800
2026-09-28,7318,0,1067200
2026-09-28,7320,100,669700
2026-09-28,7322,40900,524000
2026-09-28,7325,0,162900
2026-09-28,7326,0,203200
2026-09-28,7327,51500,378300
2026-09-28,7337,35600,388000
2026-09-28,7343,0,32000
2026-09-28,7345,0,122000
2026-09-28,7347,28600,274100
2026-09-28,7350,12500,103000
2026-09-28,7351,0,197200
2026-09-28,7352,361200,1112200
2026-09-28,7353,0,217800
2026-09-28,7354,36900,1851300
2026-09-28,7356,19700,531900
2026-09-28,7357,0,23800
2026-09-28,7358,100,59900
2026-09-28,7359,0,589700
2026-09-28,7360,0,41000
2026-09-28,7361,0,132000
2026-09-28,7362,0,93000
2026-09-28,7363,0,45200
2026-09-28,7366,43500,59000
2026-09-28,7367,0,194300
2026-09-28,7368,100,12900
2026-09-28,7369,0,158100
2026-09-28,7370,100,120300
2026-09-28,7371,10800,798200
2026-09-28,7372,0,155500
2026-09-28,7373,73400,403100
2026-09-28,7374,0,146100
2026-09-28,7375,0,323200
2026-09-28,7376,0,814100
2026-09-28,7377,0,172100
2026-09-28,7378,22400,225000
2026-09-28,7380,231200,385100
2026-09-28,7381,34000,424900
2026-09-28,7383,331600,7934500
2026-09-28,7384,62900,116800
2026-09-28,7388,146400,138000
2026-09-28,7389,1337100,4333200
2026-09-28,7399,0,28400
2026-09-28,7409,0,430700
2026-09-28,7412,1904300,755200
2026-09-28,7413,0,30200
2026-09-28,7414,27600,271400
2026-09-28,7416,69000,9800
2026-09-28,7417,2900,21900
2026-09-28,7419,1414500,6909200
2026-09-28,7421,1073400,17600
2026-09-28,7422,0,72200
2026-09-28,7425,0,291100
2026-09-28,7427,0,197200
2026-09-28,7433,24800,88700
2026-09-28,7434,0,27500
2026-09-28,7435,0,98400
2026-09-28,7438,9500,27000
2026-09-28,7442,24200,54900
2026-09-28,7443,600,33200
2026-09-28,7444,0,122800
2026-09-28,7446,0,2800
2026-09-28,7447,11600,178900
2026-09-28,7453,536900,1068500
2026-09-28,7456,22800,148000
2026-09-28,7458,3852800,76800
2026-09-28,7459,14900,15800
2026-09-28,7460,2500,1014100
2026-09-28,7461,0,31400
2026-09-28,7462,0,4300
2026-09-28,7463,68800,553100
2026-09-28,7464,0,33800
2026-09-28,7466,7400,32000
2026-09-28,7472,0,2700
2026-09-28,7475,14100,19000
2026-09-28,7476,64000,9200
2026-09-28,7477,0,68000
2026-09-28,7480,29000,121800
2026-09-28,7481,0,11000
2026-09-28,7482,4500,39000
2026-09-28,7483,11700,21800
2026-09-28,7486,0,16400
2026-09-28,7487,42500,21400
2026-09-28,7490,0,700
2026-09-28,7494,25100,624400
2026-09-28,7500,0,4600
2026-09-28,7501,0,40200
2026-09-28,7502,0,6000
2026-09-28,7504,72900,27000
2026-09-28,7505,0,110300
2026-09-28,7506,4000,1600
2026-09-28,7508,45300,202200
2026-09-28,7509,0,42000
2026-09-28,7510,351800,23000
2026-09-28,7512,138700,101400
2026-09-28,7513,214300,82000
2026-09-28,7514,0,23200
2026-09-28,7515,0,1000
2026-09-28,7516,22700,76700
2026-09-28,7520,900,26600
2026-09-28,7521,0,114500
2026-09-28,7522,1086700,261900
2026-09-28,7523,0,5700
2026-09-28,7524,13600,731700
2026-09-28,7525,1900,21400
2026-09-28,7527,0,9388300
2026-09-28,7531,0,8300
2026-09-28,7532,868200,10253900
2026-09-28,7537,54400,88300
2026-09-28,7538,0,53100
2026-09-28,7539,238400,65700
2026-09-28,7544,0,233200
2026-09-28,7545,22900,76900
2026-09-28,7550,1308500,145100
2026-09-28,7551,82200,155700
2026-09-28,7552,63400,115300
2026-09-28,7554,109000,53500
2026-09-28,7555,0,24600
2026-09-28,7561,800,228500
2026-09-28,7562,0,1800
2026-09-28,7564,57200,828200
2026-09-28,7565,0,2500
2026-09-28,7567,0,196600
2026-09-28,7570,7700,43700
2026-09-28,7571,13300,750700
2026-09-28,7575,63300,203900
2026-09-28,7578,0,1503300
2026-09-28,7581,30700,801100
2026-09-28,7585,0,27500
2026-09-28,7590,31000,442200
2026-09-28,7593,798100,491400
2026-09-28,7595,90400,190600
2026-09-28,7596,307800,6800
2026-09-28,7599,195300,1407800
2026-09-28,7600,164900,2536800
2026-09-28,7601,0,292200
2026-09-28,7602,272700,532600
2026-09-28,7603,0,4845700
2026-09-28,7604,0,31800
2026-09-28,7606,13600,185600
2026-09-28,7607,3100,41200
2026-09-28,7608,14900,444700
2026-09-28,7609,15400,376200
2026-09-28,7610,20900,4414900
2026-09-28,7611,29400,98900
2026-09-28,7613,77500,241400
2026-09-28,7614,0,129300
2026-09-28,7615,0,1604500
2026-09-28,7616,5673500,70700
2026-09-28,7619,1400,243100
2026-09-28,7621,0,2200
2026-09-28,7624,11300,1819000
2026-09-28,7625,1500,374900
2026-09-28,7628,385000,32100
2026-09-28,7630,81600,817700
2026-09-28,7634,0,19400
2026-09-28,7636,0,47900
2026-09-28,7637,15400,55900
2026-09-28,7638,2200,239800
2026-09-28,7640,26400,438500
2026-09-28,7643,0,2800
2026-09-28,7646,0,79800
2026-09-28,7649,54900,704000
2026-09-28,7670,0,80100
2026-09-28,7673,0,40100
2026-09-28,7674,0,40600
2026-09-28,7677,0,2700
2026-09-28,7678,78700,25800
2026-09-28,7679,6000,183700
2026-09-28,7681,0,100100
2026-09-28,7682,0,230800
2026-09-28,7683,100,227500
2026-09-28,7685,0,1178200
2026-09-28,7686,9000,287100
2026-09-28,7687,0,124300
2026-09-28,7689,0,108400
2026-09-28,7692,0,4274400
2026-09-28,7694,0,192300
2026-09-28,7695,0,120900
2026-09-28,7698,0,2600
2026-09-28,7699,0,18400
2026-09-28,7701,10700,209700
2026-09-28,7702,4800,181200
2026-09-28,7707,300600,1277400
2026-09-28,7709,64300,8100
2026-09-28,7711,0,429500
2026-09-28,7713,0,199100
2026-09-28,7715,4300,222400
2026-09-28,7716,11600,196100
2026-09-28,7717,17300,614100
2026-09-28,7719,0,524800
2026-09-28,7721,40400,309900
2026-09-28,7722,0,198600
2026-09-28,7723,8200,63100
2026-09-28,7725,41700,314300
2026-09-28,7726,21800,175100
2026-09-28,7727,67200,446500
2026-09-28,7729,18500,95800
2026-09-28,7730,32400,311300
2026-09-28,7731,194900,337300
2026-09-28,7733,210100,591100
2026-09-28,7734,4600,15200
2026-09-28,7735,158400,911800
2026-09-28,7740,65000,746900
2026-09-28,7741,22000,235300
2026-09-28,7743,7100,25600
2026-09-28,7744,9400,818200
2026-09-28,7745,4400,76400
2026-09-28,7746,541300,2163100
2026-09-28,7747,16000,403300
2026-09-28,7749,0,13400
2026-09-28,7751,175000,1265700
2026-09-28,7752,247900,185900
2026-09-28,7760,0,341400
2026-09-28,7762,46200,330600
2026-09-28,7769,12400,53900
2026-09-28,7771,0,761300
2026-09-28,7774,214000,472800
2026-09-28,7775,0,120000
2026-09-28,7776,0,2384000
2026-09-28,7777,0,12554400
2026-09-28,7779,823900,7941300
2026-09-28,7780,289600,153400
2026-09-28,7781,0,517200
2026-09-28,7782,400,37800
2026-09-28,7791,0,36400
2026-09-28,7792,0,104200
2026-09-28,7793,0,131900
2026-09-28,7794,0,1102800
2026-09-28,7795,8400,362700
2026-09-28,7800,0,297900
2026-09-28,7803,661200,2035300
2026-09-28,7804,0,71700
2026-09-28,7805,19100,46600
2026-09-28,7806,82500,265500
2026-09-28,7807,0,113300
2026-09-28,7808,0,343500
2026-09-28,7809,0,48900
2026-09-28,7810,122300,940300
2026-09-28,7811,22900,142600
2026-09-28,7812,400,107000
2026-09-28,7813,0,63900
2026-09-28,7814,7000,44000
2026-09-28,7815,0,126000
2026-09-28,7818,83700,98800
2026-09-28,7819,88100,130200
2026-09-28,7820,64000,168200
2026-09-28,7821,4600,48600
2026-09-28,7822,8800,254600
2026-09-28,7823,947500,27700
2026-09-28,7826,51300,666900
2026-09-28,7827,0,106300
2026-09-28,7831,0,1262500
2026-09-28,7832,77000,270500
2026-09-28,7833,600,74100
2026-09-28,7836,0,1587100
2026-09-28,7837,0,229700
2026-09-28,7839,418800,43400
2026-09-28,7840,36900,40800
2026-09-28,7841,0,664600
2026-09-28,7844,62600,645700
2026-09-28,7846,75200,33000
2026-09-28,7847,0,62300
2026-09-28,7849,0,98100
2026-09-28,7850,0,17500
2026-09-28,7851,0,4100
2026-09-28,7856,113400,110600
2026-09-28,7857,0,5600
2026-09-28,7859,0,3960200
2026-09-28,7860,63100,96200
2026-09-28,7863,0,99400
2026-09-28,7864,82100,345800
2026-09-28,7865,0,64300
2026-09-28,7867,119100,240200
2026-09-28,7868,594500,12386100
2026-09-28,7871,0,92000
2026-09-28,7872,0,14200
2026-09-28,7874,11800,78500
2026-09-28,7875,0,142800
2026-09-28,7877,0,11000
2026-09-28,7878,0,56500
2026-09-28,7879,100,152200
2026-09-28,7883,200,122700
2026-09-28,7885,19700,36700
2026-09-28,7886,0,151400
2026-09-28,7887,0,105700
2026-09-28,7888,16900,428700
2026-09-28,7893,14700,29800
2026-09-28,7896,0,6000
2026-09-28,7897,757100,1405200
2026-09-28,7898,400,231300
2026-09-28,7901,0,72500
2026-09-28,7902,0,66400
2026-09-28,7906,20900,650700
2026-09-28,7908,3100,670700
2026-09-28,7911,42700,364600
2026-09-28,7912,34100,201200
2026-09-28,7914,54200,119300
2026-09-28,7915,17400,271600
2026-09-28,7916,0,104900
2026-09-28,7917,3300,110700
2026-09-28,7918,0,974500
2026-09-28,7919,0,182300
2026-09-28,7921,9000,34200
2026-09-28,7927,8600,76900
2026-09-28,7928,0,48800
2026-09-28,7931,42900,15300
2026-09-28,7932,100,125200
2026-09-28,7936,371800,3839800
2026-09-28,7937,5900,29700
2026-09-28,7938,0,19700
2026-09-28,7939,0,15000
2026-09-28,7942,85000,59000
2026-09-28,7943,8900,13000
2026-09-28,7944,15400,50200
2026-09-28,7946,0,700
2026-09-28,7947,16800,113700
2026-09-28,7949,50000,61400
2026-09-28,7951,52300,287200
2026-09-28,7952,41800,33800
2026-09-28,7953,0,89000
2026-09-28,7955,1600,194600
2026-09-28,7956,76500,269600
2026-09-28,7957,0,91800
2026-09-28,7962,207400,34900
2026-09-28,7963,300,67200
2026-09-28,7965,1173300,88500
2026-09-28,7966,506000,1942400
2026-09-28,7970,11800,118600
2026-09-28,7971,5900,428100
2026-09-28,7972,18700,221500
2026-09-28,7974,735500,8914500
2026-09-28,7975,0,25000
2026-09-28,7976,48900,23000
2026-09-28,7979,46500,34300
2026-09-28,7980,0,257700
2026-09-28,7981,37600,68800
2026-09-28,7983,0,63700
2026-09-28,7984,29100,69000
2026-09-28,7985,0,1400
2026-09-28,7986,0,69100
2026-09-28,7987,6900,103000
2026-09-28,7988,19700,87000
2026-09-28,7989,15000,25100
2026-09-28,7990,23300,50200
2026-09-28,7991,13800,349300
2026-09-28,7992,0,381900
2026-09-28,7994,90800,87200
2026-09-28,7995,21600,64800
2026-09-28,7997,0,55400
2026-09-28,8001,1416300,13123900
2026-09-28,8002,177900,3210200
2026-09-28,8005,127100,289400
2026-09-28,8006,0,8600
2026-09-28,8007,183300,423700
2026-09-28,8008,18500,83700
2026-09-28,8011,324800,217700
2026-09-28,8012,100200,270200
2026-09-28,8013,0,466600
2026-09-28,8014,2900,21000
2026-09-28,8015,51900,519200
2026-09-28,8016,72500,749000
2026-09-28,8018,8800,217900
2026-09-28,8020,70100,262500
2026-09-28,8022,39800,31600
2026-09-28,8023,152400,231000
2026-09-28,8025,0,13100
2026-09-28,8029,7900,23500
2026-09-28,8030,100,60700
2026-09-28,8031,162100,4861100
2026-09-28,8032,8100,17900
2026-09-28,8035,151700,2162900
2026-09-28,8037,33500,19900
2026-09-28,8039,0,8300
2026-09-28,8040,0,24500
2026-09-28,8041,6400,31200
2026-09-28,8043,1907500,136400
2026-09-28,8045,0,5600
2026-09-28,8046,100,250900
2026-09-28,8050,40600,105500
2026-09-28,8051,68200,61900
2026-09-28,8052,830000,15900
2026-09-28,8053,541700,5423400
2026-09-28,8056,28800,37200
2026-09-28,8057,40400,51900
2026-09-28,8058,1406500,5930400
2026-09-28,8059,1704000,25100
2026-09-28,8060,11100,40000
2026-09-28,8061,17200,136300
2026-09-28,8065,31200,228400
2026-09-28,8066,20800,9200
2026-09-28,8070,6700,196000
2026-09-28,8074,7100,13900
2026-09-28,8075,26200,60200
2026-09-28,8076,7900,82700
2026-09-28,8077,1100,373600
2026-09-28,8078,159200,250000
2026-09-28,8079,82000,46100
2026-09-28,8081,293300,22000
2026-09-28,8084,32900,81900
2026-09-28,8085,0,24000
2026-09-28,8086,163800,191400
2026-09-28,8088,31500,1640900
2026-09-28,8089,0,22800
2026-09-28,8091,4500,180600
2026-09-28,8093,7300,88300
2026-09-28,8095,14600,362300
2026-09-28,8097,57700,70800
2026-09-28,8098,88900,34300
2026-09-28,8101,106600,34800
2026-09-28,8103,36900,481500
2026-09-28,8104,0,75000
2026-09-28,8105,0,7350700
2026-09-28,8107,0,1229800
2026-09-28,8111,189800,298800
2026-09-28,8113,136100,1990000
2026-09-28,8115,0,59800
2026-09-28,8117,33200,354800
2026-09-28,8118,5400,18100
2026-09-28,8119,0,25300
2026-09-28,8123,0,6100
2026-09-28,8125,95900,95600
2026-09-28,8127,29400,51100
2026-09-28,8129,35800,45900
2026-09-28,8130,52300,84400
2026-09-28,8131,15900,10400
2026-09-28,8132,4600,4000
2026-09-28,8133,42000,59600
2026-09-28,8135,0,266500
2026-09-28,8136,8150600,17870600
2026-09-28,8137,29000,56400
2026-09-28,8138,0,4700
2026-09-28,8139,0,1263900
2026-09-28,8141,0,10000
2026-09-28,8142,6400,72900
2026-09-28,8143,2400,179800
2026-09-28,8144,0,13800
2026-09-28,8147,0,24000
2026-09-28,8150,6400,112800
2026-09-28,8151,468900,326000
2026-09-28,8152,0,58700
2026-09-28,8153,1829100,29300
2026-09-28,8154,14800,83800
2026-09-28,8157,276600,58600
2026-09-28,8158,10900,55600
2026-09-28,8159,11500,24600
2026-09-28,8160,1619500,41400
2026-09-28,8163,1905300,22800
2026-09-28,8165,368500,1300500
2026-09-28,8166,0,749600
2026-09-28,8167,52800,26100
2026-09-28,8173,1009400,30000
2026-09-28,8174,15800,14400
2026-09-28,8179,105600,143800
2026-09-28,8181,0,88400
2026-09-28,8185,147000,367600
2026-09-28,8194,84600,63200
2026-09-28,8198,0,30500
2026-09-28,8200,198700,39800
2026-09-28,8202,33300,2106100
2026-09-28,8203,3700,219000
2026-09-28,8207,1000,20300
2026-09-28,8214,573900,136400
2026-09-28,8217,83700,78000
2026-09-28,8218,26400,12500
2026-09-28,8219,602000,536400
2026-09-28,8225,0,6000
2026-09-28,8226,0,1097800
2026-09-28,8227,55000,274900
2026-09-28,8230,10200,93600
2026-09-28,8233,372300,937000
2026-09-28,8237,399900,132200
2026-09-28,8242,398000,48000
2026-09-28,8244,71400,34300
2026-09-28,8247,0,367600
2026-09-28,8252,175200,353800
2026-09-28,8253,10700,212700
2026-09-28,8254,0,191400
2026-09-28,8255,647500,14900
2026-09-28,8260,4000,463200
2026-09-28,8267,1365600,9955600
2026-09-28,8273,112800,197200
2026-09-28,8275,535300,68200
2026-09-28,8276,31800,20500
2026-09-28,8278,128100,14700
2026-09-28,8281,1116000,126100
2026-09-28,8282,4404100,76000
2026-09-28,8285,104900,1577900
2026-09-28,8291,31500,359000
2026-09-28,8303,187200,9147700
2026-09-28,8304,1623700,2162800
2026-09-28,8306,5242500,30971900
2026-09-28,8308,764700,2156700
2026-09-28,8309,590600,3952100
2026-09-28,8316,2569100,12066800
2026-09-28,8331,362900,441300
2026-09-28,8334,147800,186600
2026-09-28,8336,141800,253900
2026-09-28,8337,25900,408700
2026-09-28,8338,503800,2704600
2026-09-28,8341,39600,457700
2026-09-28,8343,31800,101300
2026-09-28,8344,71300,86400
2026-09-28,8345,24100,379400
2026-09-28,8346,268700,542600
2026-09-28,8349,28500,101600
2026-09-28,8354,50300,310100
2026-09-28,8358,133400,677500
2026-09-28,8359,138000,323200
2026-09-28,8360,28700,725700
2026-09-28,8361,165800,138200
2026-09-28,8362,38100,67300
2026-09-28,8364,9000,431500
2026-09-28,8365,24700,102200
2026-09-28,8366,87400,282400
2026-09-28,8367,31000,627400
2026-09-28,8368,246900,343000
2026-09-28,8370,43000,85400
2026-09-28,8377,43200,146100
2026-09-28,8381,86600,153700
2026-09-28,8383,4300,126000
2026-09-28,8386,41700,302900
2026-09-28,8387,67300,477100
2026-09-28,8388,37900,286700
2026-09-28,8392,26400,715800
2026-09-28,8393,39200,898800
2026-09-28,8395,3700,450700
2026-09-28,8399,22600,248400
2026-09-28,8410,5648000,3670600
2026-09-28,8411,1019800,6163300
2026-09-28,8416,14400,309000
2026-09-28,8418,48700,268300
2026-09-28,8421,404,251
2026-09-28,8424,25600,92500
2026-09-28,8425,77000,391100
2026-09-28,8439,90900,318100
2026-09-28,8473,405100,5697300
2026-09-28,8508,196100,6852700
2026-09-28,8511,69500,215400
2026-09-28,8518,0,1577300
2026-09-28,8522,11000,78800
2026-09-28,8524,132300,912000
2026-09-28,8537,6600,176800
2026-09-28,8541,32500,206800
2026-09-28,8542,3300,171200
2026-09-28,8544,36600,351400
2026-09-28,8550,130700,1458800
2026-09-28,8551,28900,324400
2026-09-28,8558,58700,218500
2026-09-28,8562,381800,853200
2026-09-28,8563,24200,762800
2026-09-28,8566,154100,16000
2026-09-28,8570,12100,1205900
2026-09-28,8572,687500,3071700
2026-09-28,8584,136500,226100
2026-09-28,8585,26300,1705500
2026-09-28,8591,359600,1558100
2026-09-28,8593,2364400,2950100
2026-09-28,8595,173100,472100
2026-09-28,8596,3200,203900
2026-09-28,8600,9000,1642800
2026-09-28,8601,1477700,2472100
2026-09-28,8604,1680400,9774100
2026-09-28,8609,41300,578200
2026-09-28,8613,187300,278900
2026-09-28,8614,378300,1339400
2026-09-28,8616,244500,489100
2026-09-28,8617,4500,467500
2026-09-28,8622,130800,430300
2026-09-28,8624,81500,119700
2026-09-28,8628,427300,516300
2026-09-28,8630,83200,442200
2026-09-28,8697,415100,299700
2026-09-28,8698,2503800,4431700
2026-09-28,8699,2300,9033000
2026-09-28,8700,0,72100
2026-09-28,8704,14800,386100
2026-09-28,8705,168700,868100
2026-09-28,8706,100000,245100
2026-09-28,8707,62100,146300
2026-09-28,8708,118200,250900
2026-09-28,8713,9900,195700
2026-09-28,8714,174200,4705300
2026-09-28,8715,186700,411700
2026-09-28,8725,465600,1596600
2026-09-28,8729,24223600,61924000
2026-09-28,8737,0,600500
2026-09-28,8739,1351200,95000
2026-09-28,8742,49200,266500
2026-09-28,8746,0,1450300
2026-09-28,8747,0,189600
2026-09-28,8750,940600,1850200
2026-09-28,8766,629000,2767700
2026-09-28,8769,5300,478700
2026-09-28,8771,468000,589200
2026-09-28,8772,0,74900
2026-09-28,8783,0,2647700
2026-09-28,8789,720800,3844400
2026-09-28,8793,25300,28300
2026-09-28,8795,133400,202800
2026-09-28,8798,0,669900
2026-09-28,8801,1267400,2936600
2026-09-28,8802,478300,932500
2026-09-28,8803,41600,106900
2026-09-28,8804,70700,138100
2026-09-28,8818,5713300,196000
2026-09-28,8830,355100,1553300
2026-09-28,8835,46200,287200
2026-09-28,8836,0,725700
2026-09-28,8841,227300,209400
2026-09-28,8844,2500,656900
2026-09-28,8848,161400,2206800
2026-09-28,8850,10600,25600
2026-09-28,8860,30000,158700
2026-09-28,8864,5800,226900
2026-09-28,8869,82700,377700
2026-09-28,8871,30900,137300
2026-09-28,8876,19900,50000
2026-09-28,8877,14900,70000
2026-09-28,8881,16200,842000
2026-09-28,8887,46900,1709600
2026-09-28,8891,0,100600
2026-09-28,8892,54900,221900
2026-09-28,8894,0,5331800
2026-09-28,8897,9568300,1123400
2026-09-28,8898,0,60500
2026-09-28,8904,0,167900
2026-09-28,8908,700,123400
2026-09-28,8912,177400,348400
2026-09-28,8914,33900,976900
2026-09-28,8917,47800,1180800
2026-09-28,8918,0,80805700
2026-09-28,8919,28200,47400
2026-09-28,8920,10100,346300
2026-09-28,8923,11500,191900
2026-09-28,8927,51100,592200
2026-09-28,8928,19700,57100
2026-09-28,8929,0,139700
2026-09-28,8931,3000,294200
2026-09-28,8934,143900,631600
2026-09-28,8935,42400,81700
2026-09-28,8938,0,1468800
2026-09-28,8944,0,1043900
2026-09-28,8945,0,90700
2026-09-28,8946,0,1944500
2026-09-28,8951,138,3086
2026-09-28,8952,5414,4099
2026-09-28,8953,75,16046
2026-09-28,8954,21,1697
2026-09-28,8955,20,1842
2026-09-28,8956,24,1799
2026-09-28,8957,163,493
2026-09-28,8958,3103,4287
2026-09-28,8960,19,3560
2026-09-28,8961,310,1825
2026-09-28,8963,126,41156
2026-09-28,8964,21,5658
2026-09-28,8966,43,15647
2026-09-28,8967,23,1331
2026-09-28,8968,35,604
2026-09-28,8972,3,5428
2026-09-28,8975,288,2821
2026-09-28,8976,36,535
2026-09-28,8977,102,1042
2026-09-28,8979,44,767
2026-09-28,8984,13,7250
2026-09-28,8985,744,39696
2026-09-28,8986,3539,3038
2026-09-28,8987,143,777
2026-09-28,8995,900,127800
2026-09-28,8996,3100,57100
2026-09-28,8999,12600,354500
2026-09-28,9001,2481700,221100
2026-09-28,9003,2726900,174700
2026-09-28,9005,1893100,851400
2026-09-28,9006,3014500,159700
2026-09-28,9007,2096300,292500
2026-09-28,9008,2600500,1898500
2026-09-28,9009,1796800,383800
2026-09-28,9010,583700,49500
2026-09-28,9012,0,1500
2026-09-28,9017,0,6500
2026-09-28,9020,143400,963700
2026-09-28,9021,938300,657400
2026-09-28,9022,360800,731600
2026-09-28,9023,1777700,1106600
2026-09-28,9024,2600800,209100
2026-09-28,9025,3600,21100
2026-09-28,9028,0,45100
2026-09-28,9029,0,76600
2026-09-28,9031,2124500,63400
2026-09-28,9033,0,47200
2026-09-28,9034,0,45000
2026-09-28,9036,0,164500
2026-09-28,9037,5800,144700
2026-09-28,9039,708300,5600
2026-09-28,9041,3843200,759400
2026-09-28,9042,816100,135500
2026-09-28,9044,4069000,84800
2026-09-28,9045,559200,264300
2026-09-28,9046,46200,20000
2026-09-28,9048,8836000,514200
2026-09-28,9049,0,1300
2026-09-28,9051,0,600
2026-09-28,9052,779500,35900
2026-09-28,9057,0,48800
2026-09-28,9059,300,69000
2026-09-28,9060,0,3800
2026-09-28,9063,0,72000
2026-09-28,9064,49700,162700
2026-09-28,9065,8000,46800
2026-09-28,9068,3700,22500
2026-09-28,9069,29400,60900
2026-09-28,9072,29300,266900
2026-09-28,9073,0,4800
2026-09-28,9074,800,21900
2026-09-28,9075,8400,20500
2026-09-28,9076,24700,75700
2026-09-28,9081,114800,3400
2026-09-28,9082,0,25200
2026-09-28,9083,0,2400
2026-09-28,9087,0,4700
2026-09-28,9090,3171600,274500
2026-09-28,9101,1062300,1221600
2026-09-28,9104,760900,1135600
2026-09-28,9107,1038300,1810800
2026-09-28,9110,4100,187300
2026-09-28,9115,0,1997200
2026-09-28,9119,104400,118700
2026-09-28,9127,0,31700
2026-09-28,9130,132300,280300
2026-09-28,9142,157600,466200
2026-09-28,9143,183200,470200
2026-09-28,9145,700,2514400
2026-09-28,9147,26600,73800
2026-09-28,9158,88800,654200
2026-09-28,9159,0,314400
2026-09-28,9160,11700,610000
2026-09-28,9162,0,1158200
2026-09-28,9163,0,387100
2026-09-28,9165,0,83800
2026-09-28,9166,0,5719400
2026-09-28,9168,0,1184700
2026-09-28,9171,0,559400
2026-09-28,9173,0,5300
2026-09-28,9193,0,95700
2026-09-28,9201,938700,1024000
2026-09-28,9202,1044000,639400
2026-09-28,9204,0,3068500
2026-09-28,9206,0,34900
2026-09-28,9211,0,689100
2026-09-28,9212,0,1512800
2026-09-28,9213,0,200000
2026-09-28,9214,0,12800
2026-09-28,9215,0,30700
2026-09-28,9216,27800,177000
2026-09-28,9218,26300,163900
2026-09-28,9219,3600,78900
2026-09-28,9220,0,65400
2026-09-28,9221,0,32800
2026-09-28,9223,1800,359100
2026-09-28,9225,0,7900
2026-09-28,9227,606300,1076800
2026-09-28,9229,0,2130000
2026-09-28,9233,17400,62900
2026-09-28,9235,0,594200
2026-09-28,9236,0,55500
2026-09-28,9237,0,229900
2026-09-28,9238,0,90000
2026-09-28,9240,0,160400
2026-09-28,9241,0,15400
2026-09-28,9242,0,34000
2026-09-28,9244,0,10900
2026-09-28,9245,0,93400
2026-09-28,9246,0,20800
2026-09-28,9247,29200,201700
2026-09-28,9248,4800,125700
2026-09-28,9249,0,6000
2026-09-28,9250,0,91600
2026-09-28,9251,0,127800
2026-09-28,9252,0,162600
2026-09-28,9253,0,39300
2026-09-28,9254,0,48800
2026-09-28,9256,0,266200
2026-09-28,9257,0,3933100
2026-09-28,9258,0,321500
2026-09-28,9259,0,276300
2026-09-28,9262,3500,196600
2026-09-28,9264,5800,113700
2026-09-28,9265,0,388400
2026-09-28,9267,11300,80600
2026-09-28,9268,21800,1902400
2026-09-28,9270,7900,414000
2026-09-28,9271,0,270600
2026-09-28,9272,0,571500
2026-09-28,9273,8100,180400
2026-09-28,9274,1872900,107100
2026-09-28,9278,163200,72200
2026-09-28,9279,43600,450100
2026-09-28,9282,0,6692
2026-09-28,9284,8,13364
2026-09-28,9285,0,6208
2026-09-28,9286,79,32742
2026-09-28,9301,150800,153000
2026-09-28,9302,29700,50700
2026-09-28,9303,10300,21200
2026-09-28,9304,202700,143700
2026-09-28,9305,369500,45800
2026-09-28,9306,2900,350400
2026-09-28,9307,9400,131400
2026-09-28,9308,44000,75000
2026-09-28,9310,7700,21000
2026-09-28,9311,0,6100
2026-09-28,9312,600,76400
2026-09-28,9313,0,62500
2026-09-28,9319,214000,881300
2026-09-28,9322,0,21100
2026-09-28,9324,11600,40500
2026-09-28,9325,0,341500
2026-09-28,9326,0,150500
2026-09-28,9327,0,1234800
2026-09-28,9330,0,18800
2026-09-28,9331,0,48000
2026-09-28,9332,66700,281300
2026-09-28,9336,16500,31600
2026-09-28,9337,0,413900
2026-09-28,9339,0,29200
2026-09-28,9340,0,372000
2026-09-28,9341,0,569200
2026-09-28,9342,600,76700
2026-09-28,9343,0,1654000
2026-09-28,9344,0,196500
2026-09-28,9345,0,105700
2026-09-28,9346,0,81600
2026-09-28,9347,1131300,13500
2026-09-28,9348,8100,5100300
2026-09-28,9351,200,22900
2026-09-28,9353,0,17600
2026-09-28,9355,0,5800
2026-09-28,9360,0,49000
2026-09-28,9361,0,9100
2026-09-28,9362,0,1600
2026-09-28,9363,0,173300
2026-09-28,9364,12200,50000
2026-09-28,9365,0,13000
2026-09-28,9366,6200,97800
2026-09-28,9367,0,4300
2026-09-28,9368,72400,30800
2026-09-28,9369,1600,79500
2026-09-28,9376,3700,22600
2026-09-28,9380,8500,53500
2026-09-28,9381,0,29200
2026-09-28,9385,3000,87100
2026-09-28,9401,14900,61000
2026-09-28,9404,191600,67000
2026-09-28,9405,616000,77800
2026-09-28,9408,0,6500
2026-09-28,9409,61300,386200
2026-09-28,9412,569900,4309400
2026-09-28,9413,9700,71300
2026-09-28,9414,33500,774400
2026-09-28,9416,131800,2794100
2026-09-28,9417,106900,194100
2026-09-28,9418,94700,4790000
2026-09-28,9419,0,223600
2026-09-28,9421,0,15200
2026-09-28,9423,1900,314100
2026-09-28,9424,1146800,9720500
2026-09-28,9425,5500,3479200
2026-09-28,9428,100,18500
2026-09-28,9432,32238300,76505800
2026-09-28,9433,887000,936000
2026-09-28,9434,13851900,24130200
2026-09-28,9435,3300,398800
2026-09-28,9436,25700,160200
2026-09-28,9438,56300,83300
2026-09-28,9439,0,170400
2026-09-28,9441,300,24900
2026-09-28,9444,0,101300
2026-09-28,9445,300,42700
2026-09-28,9446,0,251100
2026-09-28,9449,31600,86800
2026-09-28,9450,12200,413200
2026-09-28,9466,1100,171200
2026-09-28,9467,300,342000
2026-09-28,9468,168700,56300
2026-09-28,9470,1672600,135600
2026-09-28,9474,66800,271900
2026-09-28,9475,0,6900
2026-09-28,9476,0,45600
2026-09-28,9478,0,1741000
2026-09-28,9501,1394700,80771300
2026-09-28,9502,119000,579400
2026-09-28,9503,239100,1015900
2026-09-28,9504,168100,2163000
2026-09-28,9505,91700,1152100
2026-09-28,9506,426300,3448500
2026-09-28,9507,92600,343200
2026-09-28,9508,65200,811200
2026-09-28,9509,2684800,4073100
2026-09-28,9511,61800,285900
2026-09-28,9513,40500,782000
2026-09-28,9514,500,726000
2026-09-28,9517,1169200,775700
2026-09-28,9519,426700,2222900
2026-09-28,9531,21500,145800
2026-09-28,9532,53400,205100
2026-09-28,9533,100800,55900
2026-09-28,9534,45400,90500
2026-09-28,9535,50800,75100
2026-09-28,9536,1859400,28100
2026-09-28,9537,0,2700
2026-09-28,9539,8600,555800
2026-09-28,9543,30400,46300
2026-09-28,9551,12300,82300
2026-09-28,9552,83200,736300
2026-09-28,9553,231900,1048700
2026-09-28,9554,0,164000
2026-09-28,9556,0,177700
2026-09-28,9557,0,443100
2026-09-28,9558,100,73600
2026-09-28,9560,57200,510900
2026-09-28,9561,0,320200
2026-09-28,9562,0,37400
2026-09-28,9563,0,321900
2026-09-28,9564,0,381500
2026-09-28,9565,0,84600
2026-09-28,9601,45300,34100
2026-09-28,9602,145400,928500
2026-09-28,9603,122500,1422500
2026-09-28,9605,131000,4200
2026-09-28,9610,0,954800
2026-09-28,9612,100,186400
2026-09-28,9616,3991300,518300
2026-09-28,9619,9100,55400
2026-09-28,9621,8900,50000
2026-09-28,9622,14200,101400
2026-09-28,9625,0,256100
2026-09-28,9627,14400,66200
2026-09-28,9628,19900,305000
2026-09-28,9629,13000,33300
2026-09-28,9632,2000,86100
2026-09-28,9633,62200,258000
2026-09-28,9635,0,4300
2026-09-28,9636,0,9300
2026-09-28,9639,0,243900
2026-09-28,9640,0,63200
2026-09-28,9644,953500,43600
2026-09-28,9647,0,17500
2026-09-28,9651,0,67400
2026-09-28,9656,0,30300
2026-09-28,9658,285500,375200
2026-09-28,9661,0,18600
2026-09-28,9663,204400,48900
2026-09-28,9672,9000,96700
2026-09-28,9678,15100,72200
2026-09-28,9679,0,3700
2026-09-28,9682,60200,87100
2026-09-28,9684,156200,263200
2026-09-28,9685,0,86000
2026-09-28,9686,0,25300
2026-09-28,9687,4400,11300
2026-09-28,9691,0,1700
2026-09-28,9692,16300,106800
2026-09-28,9697,161600,726200
2026-09-28,9698,0,140000
2026-09-28,9699,38800,28600
2026-09-28,9701,0,2400
2026-09-28,9702,20000,268500
2026-09-28,9704,0,7007000
2026-09-28,9706,206100,64400
2026-09-28,9708,11600,194200
2026-09-28,9709,0,85700
2026-09-28,9713,0,55700
2026-09-28,9715,20900,15100
2026-09-28,9716,39300,235900
2026-09-28,9720,0,2200
2026-09-28,9722,212900,113500
2026-09-28,9723,0,19800
2026-09-28,9726,28400,40300
2026-09-28,9729,3900,14200
2026-09-28,9731,0,24100
2026-09-28,9733,0,91600
2026-09-28,9735,17300,54100
2026-09-28,9739,100,106600
2026-09-28,9740,500,38800
2026-09-28,9742,21100,17300
2026-09-28,9743,48700,442900
2026-09-28,9744,105400,178800
2026-09-28,9746,6100,13300
2026-09-28,9753,0,321200
2026-09-28,9755,4400,92500
2026-09-28,9757,137300,232900
2026-09-28,9759,1102200,88300
2026-09-28,9760,54800,484900
2026-09-28,9761,0,46000
2026-09-28,9763,4200,107200
2026-09-28,9765,3600,83700
2026-09-28,9766,94300,60200
2026-09-28,9767,0,24100
2026-09-28,9768,0,120200
2026-09-28,9769,1300,66500
2026-09-28,9778,0,2200
2026-09-28,9780,0,39800
2026-09-28,9782,700,124000
2026-09-28,9788,9000,95900
2026-09-28,9790,3800,25400
2026-09-28,9791,0,276200
2026-09-28,9793,3500,45700
2026-09-28,9795,214400,21700
2026-09-28,9799,0,100000
2026-09-28,9812,0,155900
2026-09-28,9816,0,560000
2026-09-28,9818,0,3800
2026-09-28,9820,0,14900
2026-09-28,9823,0,469500
2026-09-28,9824,28700,30200
2026-09-28,9827,0,136900
2026-09-28,9828,385800,128300
2026-09-28,9830,7500,107400
2026-09-28,9831,20398900,1033000
2026-09-28,9832,3316300,78700
2026-09-28,9835,1100,11800
2026-09-28,9837,2700,87000
2026-09-28,9842,23800,185200
2026-09-28,9843,503400,1117900
2026-09-28,9845,0,62700
2026-09-28,9846,0,62000
2026-09-28,9849,0,300
2026-09-28,9850,794300,21700
2026-09-28,9853,0,37300
2026-09-28,9854,0,500200
2026-09-28,9856,22500,205700
2026-09-28,9857,0,23600
2026-09-28,9861,218600,84800
2026-09-28,9867,0,8200
2026-09-28,9869,4300,1100
2026-09-28,9872,2900,79800
2026-09-28,9876,0,519900
2026-09-28,9878,0,103400
2026-09-28,9880,300,318000
2026-09-28,9882,564200,51500
2026-09-28,9885,0,218400
2026-09-28,9887,236800,61000
2026-09-28,9888,0,497900
2026-09-28,9889,31900,124900
2026-09-28,9890,0,164600
2026-09-28,9895,0,13300
2026-09-28,9896,36900,288900
2026-09-28,9900,3416500,37200
2026-09-28,9902,453700,44900
2026-09-28,9903,200,28300
2026-09-28,9904,0,97800
2026-09-28,9906,0,26300
2026-09-28,9908,0,47300
2026-09-28,9913,26600,397700
2026-09-28,9928,5400,17800
2026-09-28,9929,0,9600
2026-09-28,9930,1000,696300
2026-09-28,9932,4100,63800
2026-09-28,9934,6100,69800
2026-09-28,9936,1834000,64900
2026-09-28,9941,0,292600
2026-09-28,9946,153200,46800
2026-09-28,9948,17800,14700
2026-09-28,9950,0,3600
2026-09-28,9955,0,4200
2026-09-28,9956,16600,113100
2026-09-28,9959,2400,168100
2026-09-28,9960,2500,39200
2026-09-28,9962,26200,57400
2026-09-28,9969,2600,87400
2026-09-28,9972,1200,2771300
2026-09-28,9973,0,7155900
2026-09-28,9974,4100,18600
2026-09-28,9976,0,14900
2026-09-28,9978,0,2325000
2026-09-28,9979,105400,123000
2026-09-28,9980,0,1578800
2026-09-28,9982,0,44200
2026-09-28,9983,156600,495200
2026-09-28,9984,4924200,29787400
2026-09-28,9986,0,7100
2026-09-28,9987,19400,12900
2026-09-28,9989,31600,206900
2026-09-28,9990,50300,194800
2026-09-28,9991,3300,79200
2026-09-28,9993,0,10900
2026-09-28,9994,4100,168500
2026-09-28,9996,200,5500
2026-09-28,9997,2548600,305200
2026-09-29,1301,9000,155300
2026-09-29,1305,9440,50660
2026-09-29,1306,2496590,11551580
2026-09-29,1308,51807,72551
2026-09-29,1309,0,1487
2026-09-29,130A,0,263500
2026-09-29,1311,1517,24185
2026-09-29,1319,0,5000
2026-09-29,1320,8091,18738
2026-09-29,1321,86672,277196
2026-09-29,1322,0,25080
2026-09-29,1325,10110,156050
2026-09-29,1328,4230,160435
2026-09-29,1329,24203,328736
2026-09-29,1330,4973,19050
2026-09-29,1332,65700,649900
2026-09-29,1333,11200,222800
2026-09-29,133A,20171,81094
2026-09-29,1343,32790,1151550
2026-09-29,1345,90,113563
2026-09-29,1346,1984,9478
2026-09-29,1348,574,37704
2026-09-29,1356,1189760,2185030
2026-09-29,1357,1448767,2666174
2026-09-29,1358,1065,14080
2026-09-29,135A,57900,289000
2026-09-29,1360,13546350,35038880
2026-09-29,1364,2,5593
2026-09-29,1365,40484,296720
2026-09-29,1366,61007,2722341
2026-09-29,1367,3193,122501
2026-09-29,1368,24781,79220
2026-09-29,1369,46,585
2026-09-29,1375,19600,61500
2026-09-29,1376,0,35600
2026-09-29,1377,19300,44100
2026-09-29,1379,5400,30900
2026-09-29,137A,0,104300
2026-09-29,1380,0,3300
2026-09-29,1381,0,55200
2026-09-29,1382,0,7300
2026-09-29,1383,0,10100
2026-09-29,1384,0,117600
2026-09-29,138A,0,68800
2026-09-29,1397,0,28
2026-09-29,1398,200,6960
2026-09-29,1399,0,4240
2026-09-29,1401,0,79500
2026-09-29,1407,12600,755800
2026-09-29,140A,0,246
2026-09-29,1414,200300,771100
2026-09-29,1417,11500,99600
2026-09-29,1418,24700,530100
2026-09-29,1419,659100,190800
2026-09-29,141A,453800,1046100
2026-09-29,1420,6300,111000
2026-09-29,1429,31700,526100
2026-09-29,142A,0,311400
2026-09-29,1430,800,367600
2026-09-29,1431,145700,69300
2026-09-29,1433,103500,250900
2026-09-29,1434,11700,374900
2026-09-29,1435,4000,3970400
2026-09-29,1436,100,296900
2026-09-29,1438,0,46900
2026-09-29,143A,0,106600
2026-09-29,1443,0,956500
2026-09-29,1444,0,22800
2026-09-29,1446,20100,47300
2026-09-29,1447,0,1703400
2026-09-29,1450,0,67300
2026-09-29,1456,1638,28676
2026-09-29,1457,524,33663
2026-09-29,1458,9339,86696
2026-09-29,1459,1125339,6520668
2026-09-29,145A,0,261700
2026-09-29,1466,0,2115
2026-09-29,1469,0,17510
2026-09-29,146A,0,514300
2026-09-29,1472,0,25550
2026-09-29,1473,2150,6280
2026-09-29,1474,0,11
2026-09-29,1475,21810,1763680
2026-09-29,1476,202,108005
2026-09-29,1477,0,581
2026-09-29,1478,703,14560
2026-09-29,1479,1,14
2026-09-29,147A,125100,610800
2026-09-29,1480,0,0
2026-09-29,1481,0,16
2026-09-29,1482,167,36133
2026-09-29,1483,0,0
2026-09-29,1484,0,300
2026-09-29,1485,0,0
2026-09-29,1486,32,3562
2026-09-29,1487,0,2474
2026-09-29,1488,6,31476
2026-09-29,1489,16832,393252
2026-09-29,148A,0,103200
2026-09-29,1490,0,3
2026-09-29,1491,0,91000
2026-09-29,1493,0,59
2026-09-29,1494,2,2041
2026-09-29,1495,0,930
2026-09-29,1496,59,2858
2026-09-29,1497,158,43723
2026-09-29,1498,0,244
2026-09-29,1499,12,4
2026-09-29,149A,0,128700
2026-09-29,150A,0,841600
2026-09-29,1514,650700,1685000
2026-09-29,1515,68500,923800
2026-09-29,1518,147500,502200
2026-09-29,151A,0,169600
2026-09-29,153A,16800,144200
2026-09-29,1540,26288,1114770
2026-09-29,1541,3594,202248
2026-09-29,1542,4407,414937
2026-09-29,1543,0,2346
2026-09-29,1545,2194450,23982890
2026-09-29,1546,325,3299
2026-09-29,1547,2202,123589
2026-09-29,1550,195,35606
2026-09-29,1551,0,960
2026-09-29,1554,195,7794
2026-09-29,1555,115,1520
2026-09-29,1559,226,1166
2026-09-29,155A,5300,534300
2026-09-29,1560,43,1980
2026-09-29,1563,3786,27489
2026-09-29,1566,164,2306
2026-09-29,1568,476290,3050810
2026-09-29,1569,7630,680500
2026-09-29,156A,2800,549800
2026-09-29,1570,194704,1854588
2026-09-29,1571,59869,2282734
2026-09-29,1572,0,22630
2026-09-29,1573,140,4820
2026-09-29,1577,96,3377
2026-09-29,1578,310,4462
2026-09-29,1579,888310,11882930
2026-09-29,157A,0,385100
2026-09-29,1580,8080,1476690
2026-09-29,1585,0,50
2026-09-29,1586,0,360
2026-09-29,1591,23,305
2026-09-29,1592,10,3731
2026-09-29,1593,2,59
2026-09-29,1595,9,759153
2026-09-29,1596,0,5
2026-09-29,1597,402,251682
2026-09-29,1599,12,7
2026-09-29,159A,0,6650
2026-09-29,1605,200100,3438700
2026-09-29,160A,0,138000
2026-09-29,1615,78940,2855590
2026-09-29,1617,36,766
2026-09-29,1618,5,1715
2026-09-29,1619,57,950
2026-09-29,1620,93,509
2026-09-29,1621,26,765
2026-09-29,1622,54,1726
2026-09-29,1623,21,8909
2026-09-29,1624,6,308
2026-09-29,1625,140,1108
2026-09-29,1626,35,726
2026-09-29,1627,353,4065
2026-09-29,1628,29,288
2026-09-29,1629,4010,989870
2026-09-29,162A,0,352
2026-09-29,1630,27,1552
2026-09-29,1631,161,6282
2026-09-29,1632,35,2393
2026-09-29,1633,253,472
2026-09-29,163A,0,6949
2026-09-29,1651,0,44728
2026-09-29,1652,0,20
2026-09-29,1653,0,60
2026-09-29,1654,0,0
2026-09-29,1655,115970,6592950
2026-09-29,1656,850,131240
2026-09-29,1657,0,7362
2026-09-29,1658,90,19783
2026-09-29,1659,110,8506
2026-09-29,1660,27,2369
2026-09-29,1662,34200,1007700
2026-09-29,1663,31000,472400
2026-09-29,166A,161500,2036000
2026-09-29,1671,429127,412049
2026-09-29,1677,0,290
2026-09-29,1678,47280,3489050
2026-09-29,1679,0,260
2026-09-29,167A,39400,104600
2026-09-29,1680,225,7510
2026-09-29,1681,196,26690
2026-09-29,168A,0,46700
2026-09-29,1698,395,11010
2026-09-29,1699,946410,498120
2026-09-29,170A,0,45
2026-09-29,1711,0,430400
2026-09-29,1716,5200,617900
2026-09-29,1717,0,125400
2026-09-29,1718,0,272700
2026-09-29,1719,54000,533000
2026-09-29,1720,23800,160700
2026-09-29,1721,38000,39900
2026-09-29,1723,24100,313800
2026-09-29,1724,0,174900
2026-09-29,1736,0,36400
2026-09-29,173A,0,38900
2026-09-29,1758,0,92100
2026-09-29,175A,0,155100
2026-09-29,1762,11700,32600
2026-09-29,1764,0,21200
2026-09-29,1766,6500,29700
2026-09-29,1768,2400,81700
2026-09-29,1770,0,109300
2026-09-29,177A,0,221700
2026-09-29,1780,42100,59500
2026-09-29,1783,0,3966200
2026-09-29,1786,44900,571700
2026-09-29,1787,0,6200
2026-09-29,1788,0,5400
2026-09-29,178A,1,21083
2026-09-29,1793,0,63300
2026-09-29,1795,0,400
2026-09-29,1798,0,582800
2026-09-29,1799,17300,88000
2026-09-29,179A,60,168940
2026-09-29,1801,32000,499800
2026-09-29,1802,72200,840200
2026-09-29,1803,50400,3336700
2026-09-29,1807,100,21500
2026-09-29,1808,49100,271200
2026-09-29,180A,0,97290
2026-09-29,1810,1400,226200
2026-09-29,1811,3700,130700
2026-09-29,1812,46000,1272200
2026-09-29,1813,20200,117500
2026-09-29,1814,2800,293600
2026-09-29,1815,75800,337400
2026-09-29,181A,0,0
2026-09-29,1820,5900,146300
2026-09-29,1822,178900,249800
2026-09-29,1826,15600,146600
2026-09-29,1827,25400,948300
2026-09-29,1828,0,69800
2026-09-29,182A,0,8170
2026-09-29,1833,21300,199400
2026-09-29,1835,3800,73000
2026-09-29,183A,0,1040
2026-09-29,1840,0,273800
2026-09-29,1844,0,605600
2026-09-29,1847,900,340500
2026-09-29,1848,37600,61500
2026-09-29,184A,0,159200
2026-09-29,1850,0,697600
2026-09-29,1852,91400,874300
2026-09-29,1853,0,597600
2026-09-29,1860,53400,129700
2026-09-29,1861,36300,939600
2026-09-29,1866,400,204800
2026-09-29,1867,5100,47300
2026-09-29,186A,3443000,6754900
2026-09-29,1870,19600,148300
2026-09-29,1871,9300,233800
2026-09-29,1873,11000,322800
2026-09-29,1878,343000,693000
2026-09-29,1879,58400,521300
2026-09-29,1882,220900,464800
2026-09-29,1885,26000,603100
2026-09-29,1887,20800,1079800
2026-09-29,1888,2500,60000
2026-09-29,188A,0,28850
2026-09-29,1893,44600,1739100
2026-09-29,1897,0,42000
2026-09-29,1898,14200,230400
2026-09-29,1899,7800,65700
2026-09-29,189A,0,193000
2026-09-29,1904,47500,272500
2026-09-29,1905,0,68600
2026-09-29,190A,0,3309800
2026-09-29,1911,103600,5028600
2026-09-29,1914,30100,148700
2026-09-29,1921,26200,2101000
2026-09-29,1925,59400,1207700
2026-09-29,1926,28700,456500
2026-09-29,1928,541900,912500
2026-09-29,1929,24600,187500
2026-09-29,192A,0,99300
2026-09-29,1930,2600,252700
2026-09-29,1934,6900,149800
2026-09-29,1938,0,139600
2026-09-29,1939,21300,127300
2026-09-29,1941,9100,26700
2026-09-29,1942,28000,450600
2026-09-29,1944,10900,302400
2026-09-29,1945,6400,353200
2026-09-29,1946,900,98900
2026-09-29,194A,0,165100
2026-09-29,1950,18800,73200
2026-09-29,1951,11700,132300
2026-09-29,1952,8900,171000
2026-09-29,1959,9000,85200
2026-09-29,195A,0,265300
2026-09-29,1960,0,374400
2026-09-29,1961,46500,185500
2026-09-29,1963,59100,1337200
2026-09-29,1964,1300,67400
2026-09-29,1965,33800,209400
2026-09-29,1966,5200,101100
2026-09-29,1967,28700,92400
2026-09-29,1968,5500,147800
2026-09-29,1969,35400,280500
2026-09-29,196A,0,706900
2026-09-29,1972,2000,409300
2026-09-29,1975,1100,75100
2026-09-29,1976,33500,67700
2026-09-29,1979,5200,50600
2026-09-29,197A,349200,1599200
2026-09-29,1980,25200,477900
2026-09-29,1981,0,23600
2026-09-29,1982,12300,104500
2026-09-29,198A,0,1202200
2026-09-29,1992,0,500
2026-09-29,1994,0,136400
2026-09-29,1997,0,13400
2026-09-29,2001,14300,55500
2026-09-29,2002,66700,111700
2026-09-29,2003,7700,29000
2026-09-29,2004,6000,133600
2026-09-29,2009,0,79800
2026-09-29,200A,86994,2583000
2026-09-29,2011,0,1240
2026-09-29,2012,10,114670
2026-09-29,2013,2620,446060
2026-09-29,2014,10,250930
2026-09-29,2015,0,231
2026-09-29,2016,0,33600
2026-09-29,2017,67,44266
2026-09-29,2018,0,26
2026-09-29,2019,0,5685
2026-09-29,201A,41750,331920
2026-09-29,2031,0,3027
2026-09-29,2032,0,1377
2026-09-29,2033,0,13835
2026-09-29,2034,0,32825
2026-09-29,2036,0,38737
2026-09-29,2037,0,16709
2026-09-29,2038,0,133413
2026-09-29,2039,0,2948838
2026-09-29,2040,0,1986
2026-09-29,2041,0,39779
2026-09-29,2042,0,1701
2026-09-29,2043,0,20
2026-09-29,2044,0,4436
2026-09-29,2045,0,1
2026-09-29,2046,0,12625
2026-09-29,2047,0,2016
2026-09-29,2048,0,40
2026-09-29,2050,0,70
2026-09-29,2053,6300,127900
2026-09-29,2055,300,1393300
2026-09-29,205A,0,177600
2026-09-29,2060,9800,343900
2026-09-29,2065,0,0
2026-09-29,2066,0,0
2026-09-29,2067,0,0
2026-09-29,2068,0,1
2026-09-29,2069,0,16
2026-09-29,206A,0,1028200
2026-09-29,2070,0,0
2026-09-29,2071,0,41
2026-09-29,2072,0,38
2026-09-29,2073,0,2
2026-09-29,2080,784,145178
2026-09-29,2081,6,2601
2026-09-29,2082,3,38
2026-09-29,2083,417,18981
2026-09-29,2084,98,12560
2026-09-29,2085,1190,39170
2026-09-29,2086,0,0
2026-09-29,2087,0,0
2026-09-29,2088,0,346
2026-09-29,2089,0,116
2026-09-29,208A,0,98100
2026-09-29,2090,0,10
2026-09-29,2091,0,0
2026-09-29,2092,0,0
2026-09-29,2093,0,20
2026-09-29,2094,0,2692
2026-09-29,2095,0,2900
2026-09-29,2096,0,4280
2026-09-29,2097,0,21632
2026-09-29,2098,0,22375
2026-09-29,2108,87000,1361600
2026-09-29,2109,14400,20800
2026-09-29,210A,0,327158
2026-09-29,2112,1900,471000
2026-09-29,2114,57600,20200
2026-09-29,2117,17900,23000
2026-09-29,211A,0,60000
2026-09-29,2120,412200,3214000
2026-09-29,2121,33600,187100
2026-09-29,2122,0,39700
2026-09-29,2124,31700,143200
2026-09-29,2127,1198100,3330800
2026-09-29,212A,74800,607100
2026-09-29,2130,30300,340400
2026-09-29,2134,0,10888300
2026-09-29,2136,0,69300
2026-09-29,2138,106500,1235100
2026-09-29,2139,1300,70100
2026-09-29,213A,42280,1450280
2026-09-29,2146,1078800,1977400
2026-09-29,2148,0,154100
2026-09-29,2152,0,22800
2026-09-29,2153,100,197100
2026-09-29,2154,23200,44800
2026-09-29,2156,0,202000
2026-09-29,2157,33600,921900
2026-09-29,2158,0,1810800
2026-09-29,215A,139400,4993500
2026-09-29,2160,705700,8324700
2026-09-29,2163,0,177400
2026-09-29,2164,0,166700
2026-09-29,2168,39100,411200
2026-09-29,2169,1500,15500
2026-09-29,2170,1093800,875500
2026-09-29,2173,10500,195200
2026-09-29,2175,53600,96500
2026-09-29,2179,400,243400
2026-09-29,2181,259600,2003600
2026-09-29,2183,0,370200
2026-09-29,2185,0,21800
2026-09-29,2186,0,83600
2026-09-29,218A,0,927900
2026-09-29,2193,698500,1380300
2026-09-29,2195,0,239100
2026-09-29,2198,23300,60000
2026-09-29,219A,505600,1710400
2026-09-29,2201,29200,140600
2026-09-29,2204,4900,8400
2026-09-29,2206,83100,53200
2026-09-29,2207,229900,523700
2026-09-29,2208,0,16500
2026-09-29,2209,2800,10100
2026-09-29,220A,0,171500
2026-09-29,2211,70800,63600
2026-09-29,2212,55800,81900
2026-09-29,2215,0,109500
2026-09-29,2216,38800,109000
2026-09-29,2217,109900,24300
2026-09-29,221A,13390,276080
2026-09-29,2220,39900,72000
2026-09-29,2221,0,13700
2026-09-29,2222,38500,82400
2026-09-29,2224,0,11500
2026-09-29,2226,21200,2800
2026-09-29,2229,34300,35700
2026-09-29,2235,0,4109
2026-09-29,2236,0,145598
2026-09-29,2237,445,122450
2026-09-29,2238,0,629
2026-09-29,2239,0,4190
2026-09-29,223A,349,27818
2026-09-29,2240,0,4153
2026-09-29,2241,3920,18510
2026-09-29,2242,30,1590
2026-09-29,2243,32629,771248
2026-09-29,2244,2734,723038
2026-09-29,2245,0,10
2026-09-29,2247,10,9392
2026-09-29,2248,2377,1748
2026-09-29,2249,0,3769
2026-09-29,224A,158,55387
2026-09-29,2250,0,1150
2026-09-29,2251,240,24360
2026-09-29,2252,0,506
2026-09-29,2253,0,10472
2026-09-29,2254,0,11488
2026-09-29,2255,0,514500
2026-09-29,2256,0,62500
2026-09-29,2257,0,5500
2026-09-29,2258,0,205940
2026-09-29,2259,510,4320
2026-09-29,2264,105500,619300
2026-09-29,2266,66200,109400
2026-09-29,2267,164700,425900
2026-09-29,2268,0,19400
2026-09-29,2269,60200,76700
2026-09-29,2270,6900,107200
2026-09-29,2281,51800,502800
2026-09-29,2282,33300,487100
2026-09-29,2286,6200,220900
2026-09-29,2288,54800,40800
2026-09-29,228A,0,61700
2026-09-29,2291,5200,51200
2026-09-29,2292,3900,64500
2026-09-29,2293,0,3100
2026-09-29,2294,44600,59400
2026-09-29,2296,12100,61900
2026-09-29,2300,0,27200
2026-09-29,2301,63000,116900
2026-09-29,2303,0,94700
2026-09-29,2304,500,76700
2026-09-29,2305,39200,15200
2026-09-29,2307,1700,61200
2026-09-29,2311,0,256000
2026-09-29,2315,1343300,8237100
2026-09-29,2317,222600,886800
2026-09-29,2321,0,2005400
2026-09-29,2323,0,1156700
2026-09-29,2325,17200,83800
2026-09-29,2326,7100,189500
2026-09-29,2327,24200,69200
2026-09-29,2329,0,459400
2026-09-29,2330,0,3578400
2026-09-29,2331,6100,101100
2026-09-29,2332,500,116200
2026-09-29,2334,0,12912500
2026-09-29,2335,26200,34700
2026-09-29,2337,36400,1456000
2026-09-29,2338,0,24600
2026-09-29,233A,637,17844
2026-09-29,2340,0,25700
2026-09-29,2341,0,339200
2026-09-29,2342,0,921100
2026-09-29,2345,0,1412000
2026-09-29,2349,0,35500
2026-09-29,234A,0,1366
2026-09-29,2351,0,186100
2026-09-29,2353,47600,1249100
2026-09-29,2354,0,1541300
2026-09-29,2359,1300,41800
2026-09-29,235A,1,10870
2026-09-29,236A,1750,16220
2026-09-29,2370,0,9203100
2026-09-29,2371,25300,86400
2026-09-29,2373,0,132800
2026-09-29,2375,0,598400
2026-09-29,2376,0,13300
2026-09-29,2378,190100,70400
2026-09-29,2379,108400,229300
2026-09-29,237A,6140,1687520
2026-09-29,2384,19400,455500
2026-09-29,2385,0,1056100
2026-09-29,2388,0,2167500
2026-09-29,238A,2130,1685290
2026-09-29,2391,0,19900
2026-09-29,2393,100,55200
2026-09-29,2395,12400,729700
2026-09-29,2404,47600,52600
2026-09-29,2408,0,52700
2026-09-29,2410,11100,140400
2026-09-29,2411,200,187400
2026-09-29,2413,828300,2954000
2026-09-29,2415,0,306000
2026-09-29,2418,3800,1220700
2026-09-29,241A,21400,195000
2026-09-29,2424,0,64100
2026-09-29,2425,0,24700
2026-09-29,2428,15800,464800
2026-09-29,2429,1600,163200
2026-09-29,2432,39500,1786800
2026-09-29,2433,77900,40300
2026-09-29,2435,0,292300
2026-09-29,2436,0,358400
2026-09-29,2437,0,2927200
2026-09-29,2438,143200,446300
2026-09-29,2440,573300,1479800
2026-09-29,2445,10600,527800
2026-09-29,2449,0,120000
2026-09-29,244A,0,164700
2026-09-29,2454,0,497100
2026-09-29,2459,0,448300
2026-09-29,245A,0,206400
2026-09-29,2461,115500,624400
2026-09-29,2462,96000,65400
2026-09-29,2464,2600,80100
2026-09-29,2469,0,76900
2026-09-29,246A,0,334900
2026-09-29,2471,20200,1089400
2026-09-29,2475,3500,87900
2026-09-29,2477,16800,26900
2026-09-29,2479,0,532200
2026-09-29,247A,707900,5779200
2026-09-29,2480,0,8000
2026-09-29,2481,0,12800
2026-09-29,2483,0,309500
2026-09-29,2484,1527800,3190500
2026-09-29,2485,10100,541600
2026-09-29,2488,0,175500
2026-09-29,2489,161100,761100
2026-09-29,248A,0,226500
2026-09-29,2491,291200,655200
2026-09-29,2492,643000,1371000
2026-09-29,2493,0,19300
2026-09-29,2497,9900,175400
2026-09-29,2498,0,64300
2026-09-29,2499,0,161700
2026-09-29,2501,347500,324100
2026-09-29,2502,68700,3379000
2026-09-29,2503,77700,528900
2026-09-29,250A,7900,48400
2026-09-29,2510,6880,6490
2026-09-29,2511,0,2830
2026-09-29,2512,1140,4720
2026-09-29,2513,5,97382
2026-09-29,2514,100,377
2026-09-29,2515,123,14418
2026-09-29,2516,746840,975010
2026-09-29,2517,0,2400
2026-09-29,2518,1,850
2026-09-29,2519,10,2280
2026-09-29,2520,311,18277
2026-09-29,2521,119,67191
2026-09-29,2522,254,15576
2026-09-29,2523,0,50
2026-09-29,2524,0,51
2026-09-29,2525,0,4
2026-09-29,2526,0,3
2026-09-29,2527,0,107
2026-09-29,2528,10067,17356
2026-09-29,2529,10,1042
2026-09-29,2530,0,723
2026-09-29,2531,292800,52400
2026-09-29,2533,24000,520600
2026-09-29,253A,5800,251200
2026-09-29,254A,0,1254900
2026-09-29,2552,0,7732
2026-09-29,2553,0,109400
2026-09-29,2554,10,990
2026-09-29,2555,10,7150
2026-09-29,2556,540,31310
2026-09-29,2557,10,15050
2026-09-29,2558,5276,828930
2026-09-29,2559,3399,1572993
2026-09-29,255A,4000,211700
2026-09-29,2560,0,0
2026-09-29,2561,4303,10860
2026-09-29,2562,3381,7198
2026-09-29,2563,58030,267700
2026-09-29,2564,3630,6553
2026-09-29,2565,0,1449
2026-09-29,2566,17,1934
2026-09-29,2567,10,180
2026-09-29,2568,990,65519
2026-09-29,2569,2724,12292
2026-09-29,256A,10600,880000
2026-09-29,2573,0,28700
2026-09-29,2579,24400,239900
2026-09-29,257A,0,1270
2026-09-29,2585,24200,1231000
2026-09-29,2586,0,8694300
2026-09-29,2587,29700,104000
2026-09-29,2588,0,50100
2026-09-29,258A,0,703
2026-09-29,2590,61900,33100
2026-09-29,2593,54500,238000
2026-09-29,2594,193300,15500
2026-09-29,2597,0,47800
2026-09-29,2602,6900,55600
2026-09-29,2607,51600,40600
2026-09-29,2612,0,370600
2026-09-29,2613,8300,28200
2026-09-29,261A,0,162000
2026-09-29,2620,0,74730
2026-09-29,2621,3606,1286159
2026-09-29,2622,50,981
2026-09-29,2623,0,1550
2026-09-29,2624,5,9622
2026-09-29,2625,0,765
2026-09-29,2626,29,1017
2026-09-29,2627,1,11
2026-09-29,2628,0,111159
2026-09-29,2629,0,91817
2026-09-29,262A,0,400000
2026-09-29,2630,25,8117
2026-09-29,2631,3214,95759
2026-09-29,2632,395,6755
2026-09-29,2633,13380,434690
2026-09-29,2634,4680,9314
2026-09-29,2636,0,40
2026-09-29,2637,50,5682
2026-09-29,2638,275,71753
2026-09-29,2639,0,2474
2026-09-29,2640,386,22857
2026-09-29,2641,21,1328
2026-09-29,2642,0,2
2026-09-29,2644,46016,764082
2026-09-29,2645,0,6
2026-09-29,2646,122,22189
2026-09-29,2647,0,40
2026-09-29,2648,0,8124
2026-09-29,2649,0,0
2026-09-29,264A,0,754200
2026-09-29,2652,92900,869400
2026-09-29,2653,0,27700
2026-09-29,2654,0,17100
2026-09-29,2656,0,5440500
2026-09-29,2659,13300,31300
2026-09-29,265A,0,173600
2026-09-29,2664,20200,17700
2026-09-29,2666,0,1272900
2026-09-29,2667,323300,2000700
2026-09-29,2668,0,8300
2026-09-29,2669,8900,14800
2026-09-29,2670,10100,88300
2026-09-29,2673,0,692300
2026-09-29,2674,6900,94600
2026-09-29,2676,15600,29700
2026-09-29,2678,257900,612100
2026-09-29,2681,87800,372600
2026-09-29,2683,0,7700
2026-09-29,2685,11100,113300
2026-09-29,2687,100,56600
2026-09-29,2689,200,121000
2026-09-29,268A,900,1527800
2026-09-29,2693,0,853400
2026-09-29,2694,7700,286700
2026-09-29,2695,925000,241300
2026-09-29,2698,0,16700
2026-09-29,269A,0,58100
2026-09-29,2700,0,64500
2026-09-29,2702,61800,395700
2026-09-29,2705,23200,27600
2026-09-29,2708,0,49500
2026-09-29,2721,0,1448000
2026-09-29,2722,2500,67200
2026-09-29,2726,75000,777500
2026-09-29,2730,36800,38300
2026-09-29,2733,35300,39100
2026-09-29,2734,9900,82600
2026-09-29,2735,2100,366100
2026-09-29,2736,0,17700
2026-09-29,2737,1500,122700
2026-09-29,273A,0,190
2026-09-29,2742,3300,33300
2026-09-29,2747,0,9300
2026-09-29,2749,506400,300000
2026-09-29,274A,0,126100
2026-09-29,2750,1800,25400
2026-09-29,2751,8600,25500
2026-09-29,2752,521400,132900
2026-09-29,2753,100,56200
2026-09-29,2760,16100,193500
2026-09-29,2762,0,2130200
2026-09-29,2764,0,1076800
2026-09-29,2767,21700,376800
2026-09-29,2768,36100,2721600
2026-09-29,2769,0,73900
2026-09-29,276A,0,221700
2026-09-29,2776,0,2722900
2026-09-29,2778,0,1100100
2026-09-29,277A,0,595500
2026-09-29,2780,1500,480900
2026-09-29,2782,42300,64300
2026-09-29,2784,16000,12900
2026-09-29,2788,0,1259800
2026-09-29,2789,0,39400
2026-09-29,278A,0,2518200
2026-09-29,2790,0,50800
2026-09-29,2791,13900,103100
2026-09-29,2792,87100,133600
2026-09-29,2795,0,28200
2026-09-29,2796,500,24000
2026-09-29,2798,0,9600
2026-09-29,2801,94900,732900
2026-09-29,2802,71600,1316000
2026-09-29,2804,22900,12900
2026-09-29,2805,0,37900
2026-09-29,2806,0,20800
2026-09-29,2809,38400,70700
2026-09-29,280A,0,171700
2026-09-29,2810,39100,58500
2026-09-29,2811,54600,189200
2026-09-29,2813,0,139600
2026-09-29,2814,0,11400
2026-09-29,2815,24600,74400
2026-09-29,2816,3200,2000
2026-09-29,2818,3200,1100
2026-09-29,2819,5600,14800
2026-09-29,281A,0,882000
2026-09-29,2820,100,18900
2026-09-29,282A,22164,432942
2026-09-29,2831,0,3300
2026-09-29,2836,0,26
2026-09-29,2837,47,29160
2026-09-29,2838,0,0
2026-09-29,2839,0,0
2026-09-29,283A,0,1264
2026-09-29,2840,13080,516182
2026-09-29,2841,5354,38668
2026-09-29,2842,1735,10215
2026-09-29,2843,0,210
2026-09-29,2844,8,2227
2026-09-29,2845,5335,29852
2026-09-29,2846,436,5049
2026-09-29,2847,0,1166
2026-09-29,2848,0,210
2026-09-29,2849,15,888
2026-09-29,2851,0,3040
2026-09-29,2852,0,20
2026-09-29,2853,0,0
2026-09-29,2854,644,231833
2026-09-29,2855,0,4960
2026-09-29,2856,1020,8710
2026-09-29,2857,10,320
2026-09-29,2858,0,2870
2026-09-29,2859,0,27
2026-09-29,285A,1886700,44642100
2026-09-29,2860,17,1899
2026-09-29,2861,0,54
2026-09-29,2862,0,0
2026-09-29,2864,0,33
2026-09-29,2865,2140,1991733
2026-09-29,2866,30,83814
2026-09-29,2867,0,4275
2026-09-29,2868,0,310068
2026-09-29,2869,5276,700300
2026-09-29,286A,161400,1222600
2026-09-29,2870,17764,216989
2026-09-29,2871,105200,129100
2026-09-29,2872,0,10300
2026-09-29,2874,66300,88100
2026-09-29,2875,17400,64500
2026-09-29,2876,0,152600
2026-09-29,2877,0,4600
2026-09-29,287A,100,2065000
2026-09-29,2882,35000,21800
2026-09-29,2883,0,4700
2026-09-29,2884,141800,1414100
2026-09-29,288A,0,1625900
2026-09-29,2892,0,114600
2026-09-29,2894,0,16500
2026-09-29,2897,238400,381100
2026-09-29,2901,0,722200
2026-09-29,2903,0,9500
2026-09-29,2904,1700,9700
2026-09-29,2907,200,21100
2026-09-29,2908,104700,53800
2026-09-29,290A,0,2624300
2026-09-29,2910,210700,39900
2026-09-29,2911,0,1600
2026-09-29,2914,180400,2127600
2026-09-29,2915,3700,15600
2026-09-29,2916,0,16000
2026-09-29,2917,0,2100
2026-09-29,2918,9900,159500
2026-09-29,291A,0,120900
2026-09-29,2922,12900,5600
2026-09-29,2923,0,13500
2026-09-29,2924,100,253300
2026-09-29,2926,73700,558400
2026-09-29,2927,0,122800
2026-09-29,2929,83900,705100
2026-09-29,2930,1198000,2785200
2026-09-29,2931,2598100,3249600
2026-09-29,2932,0,75900
2026-09-29,2933,173900,35400
2026-09-29,2934,0,113200
2026-09-29,2935,5400,44300
2026-09-29,2936,725000,18432600
2026-09-29,2937,2100,18600
2026-09-29,2938,98300,152400
2026-09-29,294A,0,100
2026-09-29,295A,0,108
2026-09-29,2961,0,5400
2026-09-29,2962,400,416300
2026-09-29,296A,39400,138000
2026-09-29,2970,0,1776400
2026-09-29,2971,23,3831
2026-09-29,2972,0,6166
2026-09-29,2975,41400,599200
2026-09-29,2978,0,278800
2026-09-29,2979,29,2519
2026-09-29,297A,0,315900
2026-09-29,2980,27700,1569900
2026-09-29,2981,0,83800
2026-09-29,2982,49700,2629800
2026-09-29,2983,0,397500
2026-09-29,2984,1400,231600
2026-09-29,2986,32700,2568500
2026-09-29,2989,0,8782
2026-09-29,298A,0,349700
2026-09-29,2991,0,640000
2026-09-29,2993,0,82500
2026-09-29,2997,0,12300
2026-09-29,2998,0,730900
2026-09-29,2999,0,537000
2026-09-29,299A,111100,2948000
2026-09-29,3001,8900,28300
2026-09-29,3002,28900,136700
2026-09-29,3003,38700,891100
2026-09-29,3004,0,114700
2026-09-29,300A,0,66700
2026-09-29,3010,0,683800
2026-09-29,3011,0,102900
2026-09-29,3020,0,115800
2026-09-29,3021,0,173800
2026-09-29,3023,3500,50500
2026-09-29,3024,0,10200
2026-09-29,3028,22600,31500
2026-09-29,302A,0,149200
2026-09-29,3030,0,144300
2026-09-29,3031,481200,380400
2026-09-29,3034,6400,82500
2026-09-29,3035,15600,60000
2026-09-29,3036,38900,328800
2026-09-29,3038,596900,1320000
2026-09-29,303A,0,81400
2026-09-29,3040,100,301400
2026-09-29,3041,23300,33400
2026-09-29,3042,70200,341800
2026-09-29,3045,0,9200
2026-09-29,3046,12400,287500
2026-09-29,3048,129000,109100
2026-09-29,304A,0,39600
2026-09-29,3050,97400,94600
2026-09-29,3053,639400,1308200
2026-09-29,3054,0,132400
2026-09-29,3058,1300,3300
2026-09-29,3059,2100,19700
2026-09-29,3063,125100,26300
2026-09-29,3064,80000,785800
2026-09-29,3065,0,8100
2026-09-29,3067,32900,74500
2026-09-29,3068,0,20600
2026-09-29,3069,8900,1194300
2026-09-29,3070,0,7444500
2026-09-29,3071,0,224700
2026-09-29,3075,0,32100
2026-09-29,3076,7800,108400
2026-09-29,3077,0,547900
2026-09-29,3080,0,32900
2026-09-29,3082,8800,46400
2026-09-29,3083,0,3019700
2026-09-29,3086,184700,205100
2026-09-29,3087,14300,40700
2026-09-29,3088,97100,198700
2026-09-29,3089,2500,111300
2026-09-29,3091,36600,45300
2026-09-29,3092,268200,642700
2026-09-29,3093,14400,552000
2026-09-29,3096,0,3100
2026-09-29,3097,41800,206800
2026-09-29,3099,636400,1430000
2026-09-29,3101,44100,628200
2026-09-29,3103,2920400,7560000
2026-09-29,3104,4900,120400
2026-09-29,3105,109100,288000
2026-09-29,3106,36900,90000
2026-09-29,3107,15400,50400
2026-09-29,3109,3500,151500
2026-09-29,3110,1382500,5578100
2026-09-29,3111,0,204400
2026-09-29,3113,0,2899000
2026-09-29,3116,68000,245400
2026-09-29,3121,64000,1111300
2026-09-29,3123,0,66500
2026-09-29,3131,0,109600
2026-09-29,3132,42000,365000
2026-09-29,3133,0,1505700
2026-09-29,3134,229800,336900
2026-09-29,3135,0,128200
2026-09-29,3137,208600,276500
2026-09-29,3138,0,36100
2026-09-29,3139,3700,62000
2026-09-29,313A,8220,209670
2026-09-29,3140,27700,18300
2026-09-29,3143,100,176400
2026-09-29,3148,12700,26500
2026-09-29,314A,49250,9254160
2026-09-29,3150,3900,110400
2026-09-29,3151,1100,49500
2026-09-29,3153,27000,56900
2026-09-29,3154,59400,48800
2026-09-29,3156,35200,95100
2026-09-29,3157,0,95200
2026-09-29,3159,103400,223900
2026-09-29,315A,1151,97662
2026-09-29,3160,29400,59400
2026-09-29,3161,0,336000
2026-09-29,3166,2700,59600
2026-09-29,3167,130600,29000
2026-09-29,3168,170800,374900
2026-09-29,3169,200,48200
2026-09-29,316A,21192,871703
2026-09-29,3172,1600,23900
2026-09-29,3173,0,80200
2026-09-29,3174,0,120500
2026-09-29,3175,0,63000
2026-09-29,3176,88900,529200
2026-09-29,3177,300,59600
2026-09-29,3178,106900,24100
2026-09-29,3179,5300,252800
2026-09-29,3180,25800,310600
2026-09-29,3181,0,296300
2026-09-29,3182,42200,220000
2026-09-29,3183,4300,18500
2026-09-29,3184,0,136900
2026-09-29,3185,0,1212700
2026-09-29,3186,171900,712500
2026-09-29,3187,145500,632600
2026-09-29,3189,0,1503600
2026-09-29,318A,0,4216700
2026-09-29,3190,0,5500
2026-09-29,3191,132400,42600
2026-09-29,3192,0,1220700
2026-09-29,3193,77300,249200
2026-09-29,3195,131600,623800
2026-09-29,3196,122600,137200
2026-09-29,3197,296100,299400
2026-09-29,3199,20600,16600
2026-09-29,319A,0,326600
2026-09-29,3201,38600,27200
2026-09-29,3202,0,646600
2026-09-29,3204,0,236900
2026-09-29,3205,22700,476900
2026-09-29,3221,19300,19100
2026-09-29,3222,58000,178000
2026-09-29,3223,0,157000
2026-09-29,3224,0,23300
2026-09-29,3226,42,659
2026-09-29,3231,64900,4807100
2026-09-29,3232,110800,85800
2026-09-29,3234,95,2259
2026-09-29,3236,0,2663400
2026-09-29,3237,0,5999300
2026-09-29,3238,0,456500
2026-09-29,323A,0,223000
2026-09-29,3241,300,56300
2026-09-29,3242,70200,206500
2026-09-29,3245,87200,1470000
2026-09-29,3246,0,124900
2026-09-29,3248,0,107700
2026-09-29,3249,49,14429
2026-09-29,324A,0,220300
2026-09-29,3252,25000,354200
2026-09-29,325A,327400,1183100
2026-09-29,3261,0,119800
2026-09-29,3266,0,1252900
2026-09-29,3267,0,336500
2026-09-29,3269,212,1831
2026-09-29,3276,3100,91000
2026-09-29,3277,1700,359800
2026-09-29,3279,34,964
2026-09-29,3280,900,317300
2026-09-29,3281,343,3146
2026-09-29,3282,189,2461
2026-09-29,3283,143,2313
2026-09-29,3284,78200,1349000
2026-09-29,3286,0,21400
2026-09-29,3287,4,1567
2026-09-29,3288,37200,244500
2026-09-29,3289,59400,983300
2026-09-29,328A,0,40
2026-09-29,3290,9,5215
2026-09-29,3291,29800,170500
2026-09-29,3292,19,6515
2026-09-29,3293,0,175600
2026-09-29,3295,75,1415
2026-09-29,3296,39,2238
2026-09-29,3297,0,23700
2026-09-29,3299,172300,449900
2026-09-29,3300,0,580400
2026-09-29,3302,5900,52800
2026-09-29,3306,0,997600
2026-09-29,3309,155,15646
2026-09-29,330A,0,274100
2026-09-29,3315,253400,6649600
2026-09-29,3317,0,33900
2026-09-29,331A,0,171700
2026-09-29,3320,1800,58800
2026-09-29,3321,16800,262100
2026-09-29,3323,0,5274500
2026-09-29,3326,0,43900
2026-09-29,3329,13900,28700
2026-09-29,332A,37600,370200
2026-09-29,3333,39300,123600
2026-09-29,3349,27800,231300
2026-09-29,334A,0,138500
2026-09-29,3350,1021400,42487000
2026-09-29,3352,0,22400
2026-09-29,3353,0,31700
2026-09-29,3355,0,153500
2026-09-29,3358,0,1558500
2026-09-29,3359,32400,465700
2026-09-29,335A,83300,335900
2026-09-29,3360,4800,19100
2026-09-29,3361,11900,19600
2026-09-29,336A,0,2216500
2026-09-29,3370,0,204100
2026-09-29,3371,11900,15900
2026-09-29,3372,0,26100
2026-09-29,3374,6700,126600
2026-09-29,3375,0,25900
2026-09-29,3377,0,267800
2026-09-29,3382,747900,4256700
2026-09-29,3386,1000,103400
2026-09-29,3387,2165100,335600
2026-09-29,3388,4600,112000
2026-09-29,338A,200,482400
2026-09-29,3391,32900,276500
2026-09-29,3392,0,157400
2026-09-29,3393,13400,97400
2026-09-29,3395,26300,53700
2026-09-29,3396,0,24500
2026-09-29,3397,169300,110000
2026-09-29,3399,39500,220100
2026-09-29,339A,0,288800
2026-09-29,3401,61600,212200
2026-09-29,3402,436200,1543700
2026-09-29,3405,86500,271400
2026-09-29,3407,141200,1224200
2026-09-29,3409,0,1754600
2026-09-29,340A,0,379100
2026-09-29,3415,86100,2192900
2026-09-29,3416,0,79300
2026-09-29,3417,0,949300
2026-09-29,3418,0,60800
2026-09-29,341A,0,361800
2026-09-29,3420,0,61300
2026-09-29,3421,5100,27000
2026-09-29,3422,9100,339500
2026-09-29,3423,3500,215400
2026-09-29,3426,0,19300
2026-09-29,3431,77000,216100
2026-09-29,3433,13600,611200
2026-09-29,3434,0,48100
2026-09-29,3435,0,17900
2026-09-29,3436,555600,4039100
2026-09-29,3437,0,4100
2026-09-29,3439,0,30300
2026-09-29,343A,0,61800
2026-09-29,3440,0,175400
2026-09-29,3441,0,379000
2026-09-29,3443,12500,1217900
2026-09-29,3444,254000,696300
2026-09-29,3445,9500,403300
2026-09-29,3446,61000,145400
2026-09-29,3447,0,111900
2026-09-29,3449,13300,285500
2026-09-29,3451,0,1232
2026-09-29,3452,5800,499900
2026-09-29,3454,400,500400
2026-09-29,3455,153,15281
2026-09-29,3457,236200,845100
2026-09-29,3459,83,4287
2026-09-29,345A,0,429
2026-09-29,3461,0,24700
2026-09-29,3462,114,2549
2026-09-29,3463,4,4193
2026-09-29,3465,35900,340500
2026-09-29,3466,24,1049
2026-09-29,3467,0,55300
2026-09-29,3468,185,7247
2026-09-29,3469,0,236100
2026-09-29,346A,3473,39408
2026-09-29,3470,0,3803
2026-09-29,3471,64,5498
2026-09-29,3472,0,9325
2026-09-29,3474,0,90700
2026-09-29,3475,388700,558800
2026-09-29,3476,31,10558
2026-09-29,3477,0,40300
2026-09-29,3479,136700,263200
2026-09-29,3481,201,3143
2026-09-29,3482,12700,570700
2026-09-29,3484,5100,62800
2026-09-29,3486,12300,299600
2026-09-29,3487,18,1647
2026-09-29,3488,1,7301
2026-09-29,3489,3800,482800
2026-09-29,348A,1530,126880
2026-09-29,3490,0,17900
2026-09-29,3491,12200,1461300
2026-09-29,3492,67,25584
2026-09-29,3494,0,58400
2026-09-29,3495,0,108600
2026-09-29,3496,0,346400
2026-09-29,3498,170000,1132200
2026-09-29,349A,0,1550
2026-09-29,3501,600,49000
2026-09-29,350A,425000,3016600
2026-09-29,3512,0,1993100
2026-09-29,3513,0,442100
2026-09-29,3521,0,372500
2026-09-29,3524,0,92300
2026-09-29,3529,114300,569000
2026-09-29,352A,0,915700
2026-09-29,3536,0,471000
2026-09-29,3537,0,15000
2026-09-29,3538,900,878100
2026-09-29,3539,30700,219900
2026-09-29,3542,26400,120500
2026-09-29,3543,18700,106900
2026-09-29,3544,900,12000
2026-09-29,3547,82900,198700
2026-09-29,3548,203400,251900
2026-09-29,3549,4200,35500
2026-09-29,354A,0,8569
2026-09-29,3550,0,237200
2026-09-29,3551,0,119200
2026-09-29,3553,39500,266700
2026-09-29,3556,300,855900
2026-09-29,3557,0,52200
2026-09-29,3558,0,2283100
2026-09-29,3559,31600,232300
2026-09-29,3560,800,18600
2026-09-29,3561,225100,101300
2026-09-29,3562,0,196300
2026-09-29,3563,251800,1343900
2026-09-29,3565,35700,1312800
2026-09-29,3566,0,219000
2026-09-29,3569,700,108400
2026-09-29,356A,0,4351
2026-09-29,3571,1300,34000
2026-09-29,3577,0,5300
2026-09-29,3580,20300,110700
2026-09-29,3583,0,37100
2026-09-29,3591,41700,114300
2026-09-29,3597,100,9500
2026-09-29,3598,0,245500
2026-09-29,3600,0,2600
2026-09-29,3607,0,309600
2026-09-29,3608,25000,340600
2026-09-29,360A,0,0
2026-09-29,3611,700,606700
2026-09-29,3612,22000,158600
2026-09-29,3622,0,160900
2026-09-29,3623,0,293000
2026-09-29,3624,0,2986200
2026-09-29,3625,0,353500
2026-09-29,3626,20100,168600
2026-09-29,3627,18900,552700
2026-09-29,3628,0,416900
2026-09-29,3632,55500,3578400
2026-09-29,3633,0,118200
2026-09-29,3634,0,147300
2026-09-29,3635,41300,838600
2026-09-29,3636,1400,10900
2026-09-29,3639,17200,663300
2026-09-29,363A,0,774
2026-09-29,3640,100,59300
2026-09-29,3641,0,128600
2026-09-29,3645,3100,379500
2026-09-29,3646,0,50500
2026-09-29,3647,0,651900
2026-09-29,3648,3900,39700
2026-09-29,3649,37600,357700
2026-09-29,364A,0,7691
2026-09-29,3652,0,295000
2026-09-29,3653,123600,566100
2026-09-29,3656,5443400,18060900
2026-09-29,3657,30300,1150700
2026-09-29,3659,22600,670400
2026-09-29,365A,0,135800
2026-09-29,3660,587700,3570400
2026-09-29,3661,32800,1042900
2026-09-29,3662,463300,179200
2026-09-29,3663,114000,875200
2026-09-29,3664,1454600,9498600
2026-09-29,3665,301300,993600
2026-09-29,3667,658500,4931300
2026-09-29,3668,143500,646700
2026-09-29,366A,0,345800
2026-09-29,3670,0,3400
2026-09-29,3671,0,1290200
2026-09-29,3672,0,4025100
2026-09-29,3673,39000,2111300
2026-09-29,3674,5200,181600
2026-09-29,3675,6300,1699100
2026-09-29,3676,0,16400
2026-09-29,3678,400,123900
2026-09-29,3679,63000,1004900
2026-09-29,367A,0,126200
2026-09-29,3680,1600,816600
2026-09-29,3682,2200,100100
2026-09-29,3683,300,139800
2026-09-29,3686,200,2744700
2026-09-29,3687,864100,2032700
2026-09-29,368A,0,426400
2026-09-29,3690,29200,48500
2026-09-29,3691,0,409200
2026-09-29,3692,191400,436700
2026-09-29,3694,325800,968200
2026-09-29,3695,0,95300
2026-09-29,3696,64700,567600
2026-09-29,3697,2802900,9208700
2026-09-29,3698,7900,177700
2026-09-29,369A,100,209500
2026-09-29,3708,21800,32600
2026-09-29,3710,14900,33800
2026-09-29,3712,13200,178700
2026-09-29,3719,0,3113500
2026-09-29,3723,0,222500
2026-09-29,3726,0,284300
2026-09-29,3727,0,1269100
2026-09-29,372A,0,78300
2026-09-29,3733,500,19600
2026-09-29,373A,0,265400
2026-09-29,3741,194100,328500
2026-09-29,3744,6300,289400
2026-09-29,3747,177200,655800
2026-09-29,3750,0,1523900
2026-09-29,3753,0,914500
2026-09-29,3758,5700,610100
2026-09-29,3760,0,471700
2026-09-29,3762,26000,240000
2026-09-29,3763,13400,108600
2026-09-29,3765,14800,224600
2026-09-29,3766,0,42500
2026-09-29,3768,300,46000
2026-09-29,3769,14100,121400
2026-09-29,376A,0,0
2026-09-29,3771,18300,157400
2026-09-29,3772,0,22600
2026-09-29,3773,12200,305800
2026-09-29,3774,58900,78900
2026-09-29,3776,0,2245800
2026-09-29,3777,0,23156400
2026-09-29,3778,438900,1306300
2026-09-29,3779,0,757600
2026-09-29,3787,0,200
2026-09-29,3788,29100,135600
2026-09-29,378A,0,915100
2026-09-29,3791,195000,298700
2026-09-29,3793,136300,1453000
2026-09-29,3796,33000,131000
2026-09-29,3798,0,1291200
2026-09-29,3799,4700,48600
2026-09-29,379A,0,166
2026-09-29,3800,0,5700
2026-09-29,3802,0,16000
2026-09-29,3803,0,187100
2026-09-29,3804,0,123400
2026-09-29,3807,327500,1483800
2026-09-29,380A,0,63093
2026-09-29,3810,0,13140100
2026-09-29,3815,0,27900
2026-09-29,3816,0,69000
2026-09-29,3817,1200,40900
2026-09-29,381A,0,0
2026-09-29,3823,0,13040800
2026-09-29,3825,600,4056700
2026-09-29,3826,900,228200
2026-09-29,382A,0,1
2026-09-29,3834,10500,78800
2026-09-29,3835,78000,751200
2026-09-29,3836,51500,251200
2026-09-29,3837,15100,244700
2026-09-29,3839,4300,4400
2026-09-29,383A,0,1527
2026-09-29,3840,0,1385200
2026-09-29,3841,0,78200
2026-09-29,3842,0,72400
2026-09-29,3843,29700,617900
2026-09-29,3844,60700,460500
2026-09-29,3845,0,1950800
2026-09-29,3848,3700,23100
2026-09-29,3850,0,50000
2026-09-29,3851,53200,515000
2026-09-29,3853,437400,1715800
2026-09-29,3854,0,191100
2026-09-29,3858,0,751000
2026-09-29,3861,147200,1511700
2026-09-29,3863,83900,327500
2026-09-29,3864,86200,1536200
2026-09-29,3865,21700,60600
2026-09-29,386A,0,72600
2026-09-29,3877,1600,149500
2026-09-29,3878,1300,251900
2026-09-29,387A,0,57700
2026-09-29,3880,93900,117800
2026-09-29,3891,7000,158300
2026-09-29,3892,1300,12600
2026-09-29,3895,0,270900
2026-09-29,3896,0,134200
2026-09-29,3900,226900,2134900
2026-09-29,3901,3900,350100
2026-09-29,3903,1082700,4129700
2026-09-29,3904,0,301300
2026-09-29,3905,1858700,9932300
2026-09-29,3907,100,330500
2026-09-29,3908,0,105200
2026-09-29,3909,0,369200
2026-09-29,3910,0,195800
2026-09-29,3911,0,4147000
2026-09-29,3912,1900,62800
2026-09-29,3913,0,291800
2026-09-29,3914,100,193500
2026-09-29,3915,51800,543700
2026-09-29,3916,7000,174800
2026-09-29,3917,8600,262800
2026-09-29,3918,0,156700
2026-09-29,3920,11200,71900
2026-09-29,3921,2900,35900
2026-09-29,3922,19600,188300
2026-09-29,3923,193700,1375900
2026-09-29,3925,0,405400
2026-09-29,3926,0,316900
2026-09-29,3927,0,846900
2026-09-29,3928,30400,880400
2026-09-29,3929,0,817000
2026-09-29,392A,0,1433800
2026-09-29,3930,0,155600
2026-09-29,3931,0,16000
2026-09-29,3932,46400,379300
2026-09-29,3933,800,101500
2026-09-29,3934,0,42400
2026-09-29,3935,0,396900
2026-09-29,3936,0,4227600
2026-09-29,3937,3100,495200
2026-09-29,3939,29500,494800
2026-09-29,3940,22700,841500
2026-09-29,3941,17200,804100
2026-09-29,3943,0,19300
2026-09-29,3944,0,12400
2026-09-29,3945,0,46800
2026-09-29,3946,8900,87600
2026-09-29,3947,0,29400
2026-09-29,3948,0,10900
2026-09-29,394A,0,110
2026-09-29,3950,48200,15300
2026-09-29,3951,0,67000
2026-09-29,3953,0,40600
2026-09-29,3954,0,359700
2026-09-29,3955,1900,75900
2026-09-29,3958,0,121400
2026-09-29,395A,0,202290
2026-09-29,3962,53700,1191900
2026-09-29,3963,62500,507500
2026-09-29,3964,134600,420500
2026-09-29,3965,0,197900
2026-09-29,3967,0,178600
2026-09-29,3968,7000,760700
2026-09-29,3969,0,79700
2026-09-29,396A,0,20
2026-09-29,3970,0,110900
2026-09-29,3974,0,39000
2026-09-29,3976,0,236400
2026-09-29,3979,0,179700
2026-09-29,3981,0,489100
2026-09-29,3983,6600,86500
2026-09-29,3984,50300,306800
2026-09-29,3985,0,189400
2026-09-29,3986,0,94300
2026-09-29,3987,20800,59700
2026-09-29,3988,0,91700
2026-09-29,3989,0,326900
2026-09-29,3991,0,65300
2026-09-29,3992,202300,467600
2026-09-29,3993,230800,1615400
2026-09-29,3994,727000,137000
2026-09-29,3996,217300,551500
2026-09-29,3997,355800,1845900
2026-09-29,3998,8700,246300
2026-09-29,399A,0,63154
2026-09-29,4004,5100,789700
2026-09-29,4005,338700,10394400
2026-09-29,4008,11100,226500
2026-09-29,4011,100,223800
2026-09-29,4012,100,98900
2026-09-29,4013,6100,293400
2026-09-29,4014,0,434700
2026-09-29,4015,0,428900
2026-09-29,4016,0,106800
2026-09-29,4017,0,458100
2026-09-29,4019,1500,472400
2026-09-29,401A,0,4165
2026-09-29,4020,0,93400
2026-09-29,4021,34400,59900
2026-09-29,4022,163800,3122500
2026-09-29,4023,220300,502100
2026-09-29,4025,2000,17400
2026-09-29,4026,22900,358900
2026-09-29,4027,24700,2175800
2026-09-29,4028,2800,518900
2026-09-29,402A,0,7232400
2026-09-29,4031,5200,189200
2026-09-29,4040,0,68500
2026-09-29,4041,11000,75400
2026-09-29,4042,105600,1120400
2026-09-29,4043,19200,1438800
2026-09-29,4044,11300,53400
2026-09-29,4045,84000,205600
2026-09-29,4046,18200,136500
2026-09-29,4047,40000,1068700
2026-09-29,404A,0,45447
2026-09-29,4051,800,198200
2026-09-29,4052,100,602500
2026-09-29,4053,405100,976100
2026-09-29,4054,9200,140900
2026-09-29,4055,168800,402800
2026-09-29,4056,0,1234300
2026-09-29,4057,0,107900
2026-09-29,4058,6100,110100
2026-09-29,4059,0,83900
2026-09-29,4060,6400,588000
2026-09-29,4061,39900,463800
2026-09-29,4062,1227900,3856600
2026-09-29,4063,176100,4145700
2026-09-29,4064,7900,117400
2026-09-29,4068,0,18100
2026-09-29,4069,0,191600
2026-09-29,4071,77800,232800
2026-09-29,4072,2700,133300
2026-09-29,4073,0,174200
2026-09-29,4074,53100,55300
2026-09-29,4075,100,307000
2026-09-29,4076,0,88000
2026-09-29,4078,16000,479800
2026-09-29,407A,0,231300
2026-09-29,4082,475900,950800
2026-09-29,4088,444200,684600
2026-09-29,408A,0,2361760
2026-09-29,4091,30000,161000
2026-09-29,4092,50100,226900
2026-09-29,4093,0,212700
2026-09-29,4094,0,646200
2026-09-29,4095,48800,960400
2026-09-29,4097,377900,38200
2026-09-29,4098,0,133800
2026-09-29,4099,58000,502200
2026-09-29,409A,235100,634200
2026-09-29,4100,47400,170800
2026-09-29,4102,0,4700
2026-09-29,4107,0,1290600
2026-09-29,4109,28500,199400
2026-09-29,410A,0,163400
2026-09-29,4112,9100,2574900
2026-09-29,4113,0,600800
2026-09-29,4114,52200,485700
2026-09-29,4116,1100,222100
2026-09-29,4118,6600,206800
2026-09-29,4119,0,59900
2026-09-29,4120,0,33900
2026-09-29,4124,0,1900
2026-09-29,4125,0,87800
2026-09-29,412A,0,144852
2026-09-29,413A,0,39494
2026-09-29,414A,3300,469600
2026-09-29,4151,16700,548200
2026-09-29,415A,0,34200
2026-09-29,4165,748000,2476100
2026-09-29,4166,0,118100
2026-09-29,4167,50300,338700
2026-09-29,4168,88900,1014000
2026-09-29,4169,672500,3892800
2026-09-29,416A,7900,129600
2026-09-29,4170,477300,1960200
2026-09-29,4172,0,20100
2026-09-29,4174,0,215000
2026-09-29,4175,0,144100
2026-09-29,4176,57500,1436100
2026-09-29,4177,0,44400
2026-09-29,4178,0,114400
2026-09-29,4179,0,760500
2026-09-29,417A,11000,79700
2026-09-29,4180,36300,1956600
2026-09-29,4182,4800,741300
2026-09-29,4183,38400,790800
2026-09-29,4186,29500,561100
2026-09-29,4187,8200,466100
2026-09-29,4188,85900,1517900
2026-09-29,4189,24600,328700
2026-09-29,4192,537800,910500
2026-09-29,4193,0,27400
2026-09-29,4194,16300,84800
2026-09-29,4196,0,116500
2026-09-29,4197,0,22500
2026-09-29,4198,0,132200
2026-09-29,4199,0,225300
2026-09-29,4202,80600,718400
2026-09-29,4203,24200,260800
2026-09-29,4204,261300,1242700
2026-09-29,4205,129100,400100
2026-09-29,4206,20500,44100
2026-09-29,4208,339400,871400
2026-09-29,4212,11800,23900
2026-09-29,4216,4000,239800
2026-09-29,4218,22000,5300
2026-09-29,421A,0,287600
2026-09-29,4220,23800,68500
2026-09-29,4221,16700,57700
2026-09-29,4222,0,2360700
2026-09-29,4224,0,140200
2026-09-29,4228,44600,562600
2026-09-29,4229,15300,750000
2026-09-29,4231,900,99900
2026-09-29,4234,0,175300
2026-09-29,4235,0,441000
2026-09-29,4237,148000,379000
2026-09-29,4238,0,325700
2026-09-29,423A,0,276100
2026-09-29,4240,0,304300
2026-09-29,4241,0,241600
2026-09-29,4242,600,37200
2026-09-29,4243,0,58200
2026-09-29,4245,3600,169500
2026-09-29,4246,38900,785200
2026-09-29,4247,0,5600
2026-09-29,4248,600,194400
2026-09-29,4249,1800,39700
2026-09-29,424A,0,546010
2026-09-29,4251,52500,318800
2026-09-29,4255,0,186800
2026-09-29,4256,0,60600
2026-09-29,4258,77100,53300
2026-09-29,4259,7100,6172200
2026-09-29,425A,0,1461240
2026-09-29,4260,0,231900
2026-09-29,4261,0,52500
2026-09-29,4262,1400,36100
2026-09-29,4263,265500,1527700
2026-09-29,4264,0,126700
2026-09-29,4265,0,590100
2026-09-29,426A,0,4236
2026-09-29,4270,0,119000
2026-09-29,4272,23800,138200
2026-09-29,4274,0,218400
2026-09-29,4275,72600,511400
2026-09-29,4284,0,259800
2026-09-29,4286,16100,150700
2026-09-29,4287,0,497200
2026-09-29,4288,72100,284200
2026-09-29,428A,100,324500
2026-09-29,4290,403500,330200
2026-09-29,4293,33900,1491300
2026-09-29,4299,0,24600
2026-09-29,429A,21200,1199700
2026-09-29,4301,3200,372500
2026-09-29,4307,33400,705500
2026-09-29,4308,0,508400
2026-09-29,4310,5900,170200
2026-09-29,4316,0,1900
2026-09-29,4317,0,498200
2026-09-29,4318,35500,84700
2026-09-29,431A,0,317100
2026-09-29,4320,0,199000
2026-09-29,4323,18600,62400
2026-09-29,4324,576200,213900
2026-09-29,4326,26400,20800
2026-09-29,4331,30800,1058000
2026-09-29,4334,0,135400
2026-09-29,4335,0,32100
2026-09-29,4337,40400,110600
2026-09-29,4341,0,36500
2026-09-29,4343,21000,110000
2026-09-29,4344,1824300,6943600
2026-09-29,4345,61800,142200
2026-09-29,4346,5500,923300
2026-09-29,4347,0,282900
2026-09-29,4350,0,176800
2026-09-29,4351,0,65900
2026-09-29,4356,0,43600
2026-09-29,435A,5488,269903
2026-09-29,4360,0,132900
2026-09-29,4361,0,83200
2026-09-29,4362,900,19700
2026-09-29,4365,0,8700
2026-09-29,4366,0,797800
2026-09-29,4368,16000,1166400
2026-09-29,4369,6300,1279200
2026-09-29,436A,0,153800
2026-09-29,4370,0,302400
2026-09-29,4371,16900,91900
2026-09-29,4372,0,89900
2026-09-29,4373,301700,258800
2026-09-29,4374,0,136300
2026-09-29,4375,326500,925900
2026-09-29,4376,0,1137000
2026-09-29,4377,20500,361800
2026-09-29,4378,0,127800
2026-09-29,4379,0,577800
2026-09-29,4380,0,196900
2026-09-29,4381,0,219100
2026-09-29,4382,301200,478400
2026-09-29,4385,117000,1511000
2026-09-29,4386,1000,92400
2026-09-29,4387,1000,102800
2026-09-29,4388,4800,318100
2026-09-29,4389,0,74600
2026-09-29,438A,0,578200
2026-09-29,4390,18000,597800
2026-09-29,4391,0,156300
2026-09-29,4392,618000,3811500
2026-09-29,4393,44400,302000
2026-09-29,4394,0,126200
2026-09-29,4395,0,612000
2026-09-29,4396,5500,158100
2026-09-29,4397,4600,426400
2026-09-29,4398,0,52400
2026-09-29,4401,14100,181200
2026-09-29,4403,18700,342500
2026-09-29,4404,0,996600
2026-09-29,4406,46100,1673700
2026-09-29,4409,0,62800
2026-09-29,4410,1400,160400
2026-09-29,4412,0,368000
2026-09-29,4413,0,56800
2026-09-29,4414,0,140400
2026-09-29,4415,0,265000
2026-09-29,4416,0,183700
2026-09-29,4417,0,83200
2026-09-29,4418,165300,722800
2026-09-29,4419,0,2690300
2026-09-29,441A,11200,239900
2026-09-29,4420,4700,1218300
2026-09-29,4421,0,26400
2026-09-29,4422,0,431300
2026-09-29,4424,72600,311300
2026-09-29,4425,250500,641700
2026-09-29,4427,0,436500
2026-09-29,4428,0,146100
2026-09-29,4429,600,78100
2026-09-29,442A,0,93600
2026-09-29,4430,0,116300
2026-09-29,4431,72500,199800
2026-09-29,4432,11700,234400
2026-09-29,4433,11800,107600
2026-09-29,4434,17200,133200
2026-09-29,4436,47300,825700
2026-09-29,4437,0,337400
2026-09-29,4438,0,288200
2026-09-29,4439,300,118200
2026-09-29,443A,0,19
2026-09-29,4440,31900,246600
2026-09-29,4441,0,23900
2026-09-29,4442,37000,472600
2026-09-29,4443,141000,605400
2026-09-29,4444,0,18300
2026-09-29,4445,0,11100
2026-09-29,4446,271100,973300
2026-09-29,4447,23100,59900
2026-09-29,4448,82700,644100
2026-09-29,4450,0,70500
2026-09-29,4452,141100,320600
2026-09-29,4461,16500,617400
2026-09-29,4462,69300,57300
2026-09-29,4463,100,116800
2026-09-29,4464,0,1300
2026-09-29,4465,6300,36600
2026-09-29,446A,36500,1216900
2026-09-29,4471,28600,139000
2026-09-29,4475,279700,988100
2026-09-29,4476,0,297200
2026-09-29,4477,23700,23117700
2026-09-29,4478,245000,286200
2026-09-29,4479,0,562700
2026-09-29,447A,0,456840
2026-09-29,4480,133800,400000
2026-09-29,4481,37300,170600
2026-09-29,4482,4600,84600
2026-09-29,4483,70000,176700
2026-09-29,4484,0,326800
2026-09-29,4486,1200,118800
2026-09-29,4487,0,322100
2026-09-29,4488,0,161300
2026-09-29,448A,0,113840
2026-09-29,4490,0,358900
2026-09-29,4491,0,6000
2026-09-29,4492,0,597000
2026-09-29,4493,123100,435700
2026-09-29,4495,1000,91400
2026-09-29,4496,0,32000
2026-09-29,4498,10200,356700
2026-09-29,4499,180100,678900
2026-09-29,449A,0,95320
2026-09-29,4502,643800,612400
2026-09-29,4503,424600,747000
2026-09-29,4506,212100,5634000
2026-09-29,4507,73700,635500
2026-09-29,450A,0,1010
2026-09-29,4512,126900,566200
2026-09-29,4516,50700,186300
2026-09-29,4519,47300,2048400
2026-09-29,451A,0,5220
2026-09-29,4521,17100,106800
2026-09-29,4523,60700,936800
2026-09-29,4524,0,7000
2026-09-29,4526,36800,30000
2026-09-29,4527,24600,193300
2026-09-29,4528,28500,384800
2026-09-29,452A,0,2473940
2026-09-29,4531,7100,556700
2026-09-29,4534,1500,39700
2026-09-29,4536,17600,145000
2026-09-29,4538,3400,34700
2026-09-29,4539,0,182900
2026-09-29,453A,0,355590
2026-09-29,4540,34900,269000
2026-09-29,4543,114100,700800
2026-09-29,4544,13000,39500
2026-09-29,4547,21000,30400
2026-09-29,4548,233100,2237500
2026-09-29,4549,23800,307500
2026-09-29,4552,759400,2220200
2026-09-29,4553,32800,167900
2026-09-29,4554,10500,285400
2026-09-29,4558,0,462800
2026-09-29,4559,32100,135500
2026-09-29,4563,0,18478800
2026-09-29,4564,1921800,15118100
2026-09-29,4565,73700,8324400
2026-09-29,4568,107400,4027900
2026-09-29,4569,31900,188000
2026-09-29,456A,436800,1105800
2026-09-29,4570,0,556500
2026-09-29,4571,0,6528700
2026-09-29,4572,0,2263300
2026-09-29,4574,589200,650700
2026-09-29,4575,0,1058700
2026-09-29,4576,0,4439000
2026-09-29,4577,5300,43500
2026-09-29,4578,10000,100800
2026-09-29,4579,0,1731100
2026-09-29,4582,0,5055100
2026-09-29,4583,0,6376200
2026-09-29,4584,0,3100200
2026-09-29,4586,0,8454700
2026-09-29,4587,79700,2440900
2026-09-29,4588,1100,3493200
2026-09-29,4591,0,8504700
2026-09-29,4592,0,5136300
2026-09-29,4593,2164500,9517800
2026-09-29,4594,0,13805100
2026-09-29,4595,0,624800
2026-09-29,4596,0,4225100
2026-09-29,4597,3608300,17654000
2026-09-29,4598,0,3622600
2026-09-29,4599,0,4302000
2026-09-29,459A,0,162
2026-09-29,460A,200,198500
2026-09-29,4611,11900,99200
2026-09-29,4612,91500,226100
2026-09-29,4613,106700,123300
2026-09-29,4615,0,844200
2026-09-29,4616,0,60500
2026-09-29,4617,9700,219900
2026-09-29,4619,1800,206100
2026-09-29,461A,0,686
2026-09-29,4620,19900,4061900
2026-09-29,4623,0,73900
2026-09-29,4624,0,91100
2026-09-29,4625,0,71000
2026-09-29,4626,43000,83800
2026-09-29,4627,0,63500
2026-09-29,4628,0,25900
2026-09-29,4629,0,77500
2026-09-29,462A,0,1253400
2026-09-29,4631,4400,549500
2026-09-29,4633,22200,72600
2026-09-29,4634,8200,29800
2026-09-29,4635,0,83300
2026-09-29,463A,8800,260400
2026-09-29,4641,5800,91800
2026-09-29,4642,0,35100
2026-09-29,4644,1900,762200
2026-09-29,4645,0,9700
2026-09-29,464A,100500,3557800
2026-09-29,4650,0,114100
2026-09-29,4651,114800,3857900
2026-09-29,4657,0,256000
2026-09-29,4658,35100,48500
2026-09-29,465A,0,9346
2026-09-29,4661,2661200,2542000
2026-09-29,4662,0,104400
2026-09-29,4664,0,322700
2026-09-29,4665,33500,24200
2026-09-29,4666,211700,968600
2026-09-29,4667,0,1020100
2026-09-29,4668,95500,34200
2026-09-29,466A,0,209299
2026-09-29,4671,2600,23100
2026-09-29,4673,0,63000
2026-09-29,4674,8900,45000
2026-09-29,4676,105200,252000
2026-09-29,4678,2600,32800
2026-09-29,4679,2000,78200
2026-09-29,467A,0,300
2026-09-29,4680,211400,1594300
2026-09-29,4681,49700,94500
2026-09-29,4684,33500,185300
2026-09-29,4685,0,87100
2026-09-29,4686,20200,251600
2026-09-29,4687,9100,100000
2026-09-29,4689,776500,6124900
2026-09-29,468A,0,0
2026-09-29,4691,0,662700
2026-09-29,4694,5900,7300
2026-09-29,469A,0,102000
2026-09-29,4704,62400,445600
2026-09-29,4705,0,15600
2026-09-29,4707,0,122500
2026-09-29,4709,5200,185400
2026-09-29,4712,0,183100
2026-09-29,4714,104100,1611400
2026-09-29,4716,12000,199100
2026-09-29,4718,30500,27200
2026-09-29,4719,2200,34600
2026-09-29,471A,0,604700
2026-09-29,4720,0,31700
2026-09-29,4722,4700,109900
2026-09-29,4725,3100,192900
2026-09-29,4728,0,129300
2026-09-29,472A,0,2051300
2026-09-29,4732,92300,169100
2026-09-29,4733,6900,18900
2026-09-29,4735,0,80600
2026-09-29,4736,0,179600
2026-09-29,473A,0,2527
2026-09-29,4743,6000,179700
2026-09-29,4746,139500,270800
2026-09-29,4750,2400,48300
2026-09-29,4751,120000,5632500
2026-09-29,4752,0,28100
2026-09-29,4754,0,5800
2026-09-29,4755,1384000,38550300
2026-09-29,475A,0,169000
2026-09-29,4760,0,25600
2026-09-29,4761,0,55500
2026-09-29,4762,0,13800
2026-09-29,4763,3000,108400
2026-09-29,4765,12400,440000
2026-09-29,4766,0,122200
2026-09-29,4767,6500,244800
2026-09-29,4768,31900,26800
2026-09-29,4769,0,800
2026-09-29,476A,0,72600
2026-09-29,4771,600,99100
2026-09-29,4772,0,2444000
2026-09-29,4776,268600,724700
2026-09-29,4777,0,776100
2026-09-29,477A,0,660200
2026-09-29,4783,2500,61800
2026-09-29,4784,0,5368100
2026-09-29,478A,0,603100
2026-09-29,4792,4200,86300
2026-09-29,479A,500,594800
2026-09-29,4801,28700,8000
2026-09-29,4809,0,48900
2026-09-29,480A,0,402000
2026-09-29,4811,0,108600
2026-09-29,4812,241200,216800
2026-09-29,4813,579100,3070000
2026-09-29,4814,0,803700
2026-09-29,4816,13400,164200
2026-09-29,4819,40700,434100
2026-09-29,4820,35700,263700
2026-09-29,4825,62600,370400
2026-09-29,4826,24700,410300
2026-09-29,4828,22400,409300
2026-09-29,4829,238800,865200
2026-09-29,4832,0,61500
2026-09-29,4833,0,8392400
2026-09-29,4838,0,476800
2026-09-29,4839,70400,469400
2026-09-29,483A,0,47900
2026-09-29,4840,0,348100
2026-09-29,4845,4500,448700
2026-09-29,4847,99600,329600
2026-09-29,4848,17700,175900
2026-09-29,4849,78300,86200
2026-09-29,485A,6200,7291300
2026-09-29,486A,0,6442
2026-09-29,487A,0,4665
2026-09-29,4880,215400,486900
2026-09-29,4881,0,3645200
2026-09-29,4882,0,1707100
2026-09-29,4883,0,10739400
2026-09-29,4884,0,1034500
2026-09-29,4885,1800,185900
2026-09-29,4886,700,92700
2026-09-29,4887,88200,394100
2026-09-29,4888,0,2086600
2026-09-29,4889,0,1346900
2026-09-29,488A,0,28370
2026-09-29,4890,0,659700
2026-09-29,4891,0,4071100
2026-09-29,4892,0,807100
2026-09-29,4893,358800,1075500
2026-09-29,4894,0,543900
2026-09-29,4896,0,258100
2026-09-29,489A,0,38
2026-09-29,4901,31200,2296600
2026-09-29,4902,343500,988500
2026-09-29,4911,328300,673300
2026-09-29,4912,24700,97100
2026-09-29,4914,48900,189400
2026-09-29,4918,0,174300
2026-09-29,4919,10700,54100
2026-09-29,491A,0,400
2026-09-29,4920,0,47400
2026-09-29,4922,276800,181600
2026-09-29,4923,56600,6600
2026-09-29,4925,0,17400
2026-09-29,4926,100,8600
2026-09-29,4927,519400,184900
2026-09-29,4928,19000,54000
2026-09-29,4929,2600,13700
2026-09-29,492A,0,130
2026-09-29,4931,21100,29500
2026-09-29,4932,0,181500
2026-09-29,4933,78300,115800
2026-09-29,4934,0,246500
2026-09-29,4935,16000,4320800
2026-09-29,4936,106000,317300
2026-09-29,4937,0,168200
2026-09-29,493A,0,0
2026-09-29,494A,0,0
2026-09-29,4951,16700,18400
2026-09-29,4956,27900,21100
2026-09-29,4958,56400,18800
2026-09-29,495A,0,0
2026-09-29,4960,0,554900
2026-09-29,4966,0,21600
2026-09-29,4967,89700,108000
2026-09-29,4968,10200,358900
2026-09-29,496A,0,107430
2026-09-29,4970,900,354800
2026-09-29,4971,10700,560300
2026-09-29,4972,0,182400
2026-09-29,4973,0,160200
2026-09-29,4975,12500,157900
2026-09-29,4976,0,6900
2026-09-29,4977,1600,230300
2026-09-29,4978,0,4084900
2026-09-29,4979,1500,43000
2026-09-29,497A,0,297
2026-09-29,4980,48100,1821500
2026-09-29,4985,9300,35900
2026-09-29,498A,0,165
2026-09-29,4990,0,21800
2026-09-29,4992,17700,122900
2026-09-29,4994,2300,12700
2026-09-29,4996,166200,902800
2026-09-29,4997,68900,166900
2026-09-29,4998,26100,103700
2026-09-29,499A,0,1342
2026-09-29,500A,0,67700
2026-09-29,5010,0,1375900
2026-09-29,5011,25500,53200
2026-09-29,5013,18000,58200
2026-09-29,5015,0,49300
2026-09-29,5016,608500,24606600
2026-09-29,5018,6800,97800
2026-09-29,5019,188200,864800
2026-09-29,5020,161800,2251400
2026-09-29,5021,37800,153500
2026-09-29,5025,0,21900
2026-09-29,5026,0,161000
2026-09-29,5027,32300,1427700
2026-09-29,5028,0,364100
2026-09-29,5029,0,159300
2026-09-29,502A,0,210
2026-09-29,5031,0,1074300
2026-09-29,5032,51300,955100
2026-09-29,5033,74900,304100
2026-09-29,5034,0,155900
2026-09-29,5035,0,203000
2026-09-29,5036,23500,120600
2026-09-29,5038,0,168500
2026-09-29,504A,0,218800
2026-09-29,505A,0,110100
2026-09-29,5071,12400,248100
2026-09-29,5074,593500,3342900
2026-09-29,5076,581700,2855800
2026-09-29,5078,0,4600
2026-09-29,5079,0,88200
2026-09-29,509A,0,1478
2026-09-29,5101,34300,615500
2026-09-29,5105,22800,382800
2026-09-29,5108,486400,638900
2026-09-29,5110,16500,1550700
2026-09-29,5121,23800,74600
2026-09-29,5122,5600,4600
2026-09-29,5125,0,88900
2026-09-29,5126,0,14800
2026-09-29,5129,634700,803400
2026-09-29,512A,0,3419
2026-09-29,5131,811600,1775800
2026-09-29,5132,111700,509300
2026-09-29,5133,0,781200
2026-09-29,5134,0,32600
2026-09-29,5136,0,447700
2026-09-29,5137,749300,1698900
2026-09-29,5138,0,108500
2026-09-29,5139,100,73400
2026-09-29,513A,4223,676853
2026-09-29,5142,37300,465400
2026-09-29,515A,0,1580
2026-09-29,5161,0,172200
2026-09-29,5162,141600,204800
2026-09-29,516A,0,952
2026-09-29,517A,0,156
2026-09-29,5184,4000,72100
2026-09-29,5185,14900,124400
2026-09-29,5186,13900,329800
2026-09-29,5187,0,67800
2026-09-29,5189,0,43500
2026-09-29,518A,0,1018
2026-09-29,5192,49600,38400
2026-09-29,5194,0,303900
2026-09-29,5195,19300,17000
2026-09-29,5199,0,24700
2026-09-29,519A,0,85800
2026-09-29,5201,13500,951800
2026-09-29,5204,500,67900
2026-09-29,5208,59700,462600
2026-09-29,520A,0,1424200
2026-09-29,5210,32200,189700
2026-09-29,5214,26900,289800
2026-09-29,5216,0,1440800
2026-09-29,5218,26800,149900
2026-09-29,521A,2171,1584156
2026-09-29,5232,68500,557800
2026-09-29,5233,33200,494800
2026-09-29,5237,100,265200
2026-09-29,523A,130800,437100
2026-09-29,5240,179700,1177900
2026-09-29,5242,0,218300
2026-09-29,5243,0,992700
2026-09-29,5244,2700,2065000
2026-09-29,5246,253600,2496100
2026-09-29,5247,0,130900
2026-09-29,5248,0,2275700
2026-09-29,5250,0,59100
2026-09-29,5252,0,431500
2026-09-29,5253,1003300,3317600
2026-09-29,5254,100,90900
2026-09-29,5255,0,3899400
2026-09-29,5256,0,59900
2026-09-29,5257,0,56900
2026-09-29,5258,62300,2588400
2026-09-29,5261,2700,17600
2026-09-29,5262,679000,1112200
2026-09-29,5268,0,472800
2026-09-29,5269,25900,429800
2026-09-29,526A,0,1017
2026-09-29,5271,0,12200
2026-09-29,5273,700,8000
2026-09-29,5279,0,32800
2026-09-29,5280,0,403900
2026-09-29,5282,0,1250400
2026-09-29,5283,0,90300
2026-09-29,5284,0,100800
2026-09-29,5285,1500,333500
2026-09-29,5287,0,164200
2026-09-29,5288,200,1056200
2026-09-29,5290,100400,165900
2026-09-29,5301,301600,640600
2026-09-29,5302,3900,41600
2026-09-29,5304,3200,208500
2026-09-29,530A,0,1002
2026-09-29,5310,43000,94900
2026-09-29,531A,0,2
2026-09-29,532A,0,430
2026-09-29,5331,31300,130200
2026-09-29,5332,60200,743500
2026-09-29,5333,21500,429800
2026-09-29,5334,89600,1294100
2026-09-29,5337,0,25000
2026-09-29,533A,0,346
2026-09-29,5341,0,749900
2026-09-29,5344,2500,62700
2026-09-29,534A,0,574
2026-09-29,5351,800,171300
2026-09-29,5355,0,453000
2026-09-29,5356,900,65100
2026-09-29,5357,4200,99400
2026-09-29,535A,0,0
2026-09-29,5363,5700,678300
2026-09-29,5367,287900,591000
2026-09-29,5368,0,76500
2026-09-29,536A,0,0
2026-09-29,537A,0,501
2026-09-29,5380,0,31800
2026-09-29,5381,51700,626700
2026-09-29,5384,11800,162800
2026-09-29,5388,1300,53500
2026-09-29,538A,0,155
2026-09-29,5391,1500,237400
2026-09-29,5393,16900,123400
2026-09-29,539A,0,200
2026-09-29,5401,10028400,38791700
2026-09-29,5406,253900,1616000
2026-09-29,5408,31200,914600
2026-09-29,540A,0,119701
2026-09-29,5410,50800,286200
2026-09-29,5411,1145100,5030200
2026-09-29,541A,0,1190
2026-09-29,5423,66400,184100
2026-09-29,542A,0,67300
2026-09-29,543A,678400,22687200
2026-09-29,5440,2100,139200
2026-09-29,5444,8100,37600
2026-09-29,5445,5800,153100
2026-09-29,5446,0,44400
2026-09-29,5449,174000,1743900
2026-09-29,544A,193600,1234400
2026-09-29,5451,177200,119800
2026-09-29,5458,0,75000
2026-09-29,545A,2200,25600
2026-09-29,5461,66300,178200
2026-09-29,5463,15100,104000
2026-09-29,5464,7900,152500
2026-09-29,546A,5000,587000
2026-09-29,5471,49100,537500
2026-09-29,547A,73200,16551900
2026-09-29,5480,23500,126400
2026-09-29,5482,17700,126300
2026-09-29,5484,0,600
2026-09-29,548A,0,124200
2026-09-29,5491,2200,907300
2026-09-29,549A,0,270500
2026-09-29,550A,0,51300
2026-09-29,5527,0,169100
2026-09-29,552A,0,14239
2026-09-29,5532,0,377100
2026-09-29,5533,0,5900
2026-09-29,5535,0,2405300
2026-09-29,5537,200,251400
2026-09-29,5541,167800,784800
2026-09-29,5542,0,238700
2026-09-29,554A,0,92900
2026-09-29,5563,46000,1521600
2026-09-29,556A,800,205700
2026-09-29,5570,0,180500
2026-09-29,5571,0,274500
2026-09-29,5572,0,192700
2026-09-29,5574,9900,540800
2026-09-29,5575,0,55300
2026-09-29,5576,0,23700
2026-09-29,5578,0,245700
2026-09-29,5580,0,8800
2026-09-29,5582,0,105500
2026-09-29,5586,0,382400
2026-09-29,5587,0,281800
2026-09-29,5588,0,202900
2026-09-29,5589,800,5700
2026-09-29,558A,0,110800
2026-09-29,5590,124000,1354600
2026-09-29,5591,0,204600
2026-09-29,5592,0,489900
2026-09-29,5597,0,241200
2026-09-29,5599,0,114000
2026-09-29,559A,0,91400
2026-09-29,5602,30400,343800
2026-09-29,5603,1900,194700
2026-09-29,5609,0,195400
2026-09-29,5612,0,89500
2026-09-29,5616,0,57600
2026-09-29,5618,0,51200
2026-09-29,5619,0,28900
2026-09-29,5621,0,134900
2026-09-29,5631,46300,1069700
2026-09-29,5632,13200,208400
2026-09-29,563A,2400,3777615
2026-09-29,5644,0,15400
2026-09-29,564A,0,579
2026-09-29,5658,2700,276400
2026-09-29,5659,55800,108700
2026-09-29,566A,0,144
2026-09-29,568A,0,121910
2026-09-29,5695,0,12600
2026-09-29,5697,0,87600
2026-09-29,5698,100,589300
2026-09-29,5699,0,210900
2026-09-29,569A,0,19250
2026-09-29,5702,21600,581600
2026-09-29,5703,7000,424200
2026-09-29,5704,0,369500
2026-09-29,5706,1120700,11946500
2026-09-29,5707,392900,1498500
2026-09-29,570A,0,1180
2026-09-29,5711,35900,2156800
2026-09-29,5713,148600,1661700
2026-09-29,5714,6800,341400
2026-09-29,5715,19300,364500
2026-09-29,571A,0,60
2026-09-29,5721,0,3229800
2026-09-29,5724,0,179300
2026-09-29,5726,807300,1370100
2026-09-29,5729,0,95300
2026-09-29,572A,0,80
2026-09-29,573A,0,36900
2026-09-29,5741,12700,610300
2026-09-29,5742,100,23300
2026-09-29,5753,0,102600
2026-09-29,5757,0,19700
2026-09-29,575A,1400,161200
2026-09-29,576A,0,110035
2026-09-29,577A,0,12340
2026-09-29,578A,0,95350
2026-09-29,579A,0,72747
2026-09-29,5801,672200,19333000
2026-09-29,5802,349700,11384100
2026-09-29,5803,832000,23356200
2026-09-29,5805,60400,1271600
2026-09-29,580A,0,85543
2026-09-29,5816,4500,458500
2026-09-29,5817,0,301200
2026-09-29,5819,0,58200
2026-09-29,581A,48300,3905100
2026-09-29,5820,0,377100
2026-09-29,5821,0,372800
2026-09-29,5830,31100,429700
2026-09-29,5831,63200,623500
2026-09-29,5832,10100,338300
2026-09-29,5834,3100,449200
2026-09-29,5838,32500,1837700
2026-09-29,5842,0,207000
2026-09-29,5843,0,222000
2026-09-29,5844,53800,249200
2026-09-29,5845,0,281800
2026-09-29,584A,0,373600
2026-09-29,5851,26000,124900
2026-09-29,5852,69900,579700
2026-09-29,5857,14000,680800
2026-09-29,5858,0,221400
2026-09-29,585A,0,761
2026-09-29,5867,0,20500
2026-09-29,5868,0,105200
2026-09-29,5869,100,36600
2026-09-29,586A,0,961830
2026-09-29,5870,0,314800
2026-09-29,5871,3100,72300
2026-09-29,5884,0,346300
2026-09-29,5885,22900,75900
2026-09-29,5888,0,42000
2026-09-29,5889,100,471100
2026-09-29,5891,0,83500
2026-09-29,5892,0,491900
2026-09-29,589A,0,203100
2026-09-29,5900,0,16400
2026-09-29,5901,54700,66700
2026-09-29,5902,2600,21500
2026-09-29,5905,0,88000
2026-09-29,5906,0,352700
2026-09-29,5909,5200,20300
2026-09-29,590A,44200,594700
2026-09-29,5911,72200,455100
2026-09-29,5915,2200,77400
2026-09-29,5918,0,23500
2026-09-29,5921,0,142800
2026-09-29,5922,0,5000
2026-09-29,5923,0,242700
2026-09-29,5928,1800,156700
2026-09-29,5929,44900,86800
2026-09-29,5930,100,41700
2026-09-29,5932,26000,557000
2026-09-29,5933,5700,45200
2026-09-29,5936,700,209200
2026-09-29,5938,1012400,1803500
2026-09-29,5939,0,22000
2026-09-29,593A,2200,5287200
2026-09-29,5940,0,314300
2026-09-29,5941,100,19800
2026-09-29,5942,0,322600
2026-09-29,5943,40600,39300
2026-09-29,5945,0,176000
2026-09-29,5946,12100,2414200
2026-09-29,5947,134800,84500
2026-09-29,5949,9000,176400
2026-09-29,5950,0,194100
2026-09-29,5951,54500,20600
2026-09-29,5952,0,532100
2026-09-29,5955,49300,2768300
2026-09-29,5956,1300,43600
2026-09-29,5957,6800,182200
2026-09-29,5958,100,100200
2026-09-29,5959,8600,156500
2026-09-29,5962,0,36900
2026-09-29,5965,0,127500
2026-09-29,5966,0,1800
2026-09-29,5967,0,805600
2026-09-29,5969,0,3100
2026-09-29,5970,3800,209600
2026-09-29,5971,0,900
2026-09-29,5973,0,238400
2026-09-29,5974,0,9900
2026-09-29,5975,5200,37100
2026-09-29,5976,23200,75800
2026-09-29,5981,6400,207000
2026-09-29,5982,0,8000
2026-09-29,5983,0,9000
2026-09-29,5984,0,60300
2026-09-29,5985,214000,1462400
2026-09-29,5986,0,571800
2026-09-29,5987,0,16400
2026-09-29,5988,191300,84500
2026-09-29,5989,6900,657900
2026-09-29,598A,0,258200
2026-09-29,5990,0,54200
2026-09-29,5991,6500,1708200
2026-09-29,5992,600,701500
2026-09-29,5994,0,158600
2026-09-29,5997,0,35100
2026-09-29,5998,7900,98100
2026-09-29,6005,34700,93500
2026-09-29,600A,0,961
2026-09-29,6013,40700,63900
2026-09-29,6016,0,231300
2026-09-29,6018,0,48500
2026-09-29,6022,0,50000
2026-09-29,6023,5800,479400
2026-09-29,6027,344700,514600
2026-09-29,6029,0,965500
2026-09-29,6030,0,124900
2026-09-29,6031,75400,1846700
2026-09-29,6033,4400,161900
2026-09-29,6034,600,118400
2026-09-29,6035,20800,631300
2026-09-29,6036,42300,307600
2026-09-29,6037,100,375400
2026-09-29,6038,1200,314500
2026-09-29,6039,0,582000
2026-09-29,603A,0,2456900
2026-09-29,6040,0,269700
2026-09-29,6042,0,18300
2026-09-29,6044,0,42700
2026-09-29,6045,26700,96400
2026-09-29,6046,206900,661400
2026-09-29,6047,369500,1074900
2026-09-29,6049,0,999200
2026-09-29,604A,500,1196000
2026-09-29,6050,65400,30800
2026-09-29,6054,58400,1267400
2026-09-29,6055,45400,496300
2026-09-29,6058,99100,3628700
2026-09-29,6059,1200,142900
2026-09-29,605A,0,121990
2026-09-29,6061,0,42900
2026-09-29,6062,30200,228900
2026-09-29,6063,0,22500
2026-09-29,6069,4900,623700
2026-09-29,606A,0,14511
2026-09-29,6070,13000,109900
2026-09-29,6071,13300,522900
2026-09-29,6072,1054300,5457200
2026-09-29,6073,31400,46700
2026-09-29,6074,0,270000
2026-09-29,6078,253600,99300
2026-09-29,607A,0,1911500
2026-09-29,6080,38000,153200
2026-09-29,6081,0,1650300
2026-09-29,6082,2400,38800
2026-09-29,6083,11900,84400
2026-09-29,6085,0,2712300
2026-09-29,6086,0,60300
2026-09-29,6087,500,5200
2026-09-29,6088,25600,1155600
2026-09-29,6089,10200,81500
2026-09-29,608A,0,18173
2026-09-29,6090,0,181600
2026-09-29,6091,18300,523200
2026-09-29,6092,21600,491400
2026-09-29,6093,116600,882300
2026-09-29,6094,0,1397500
2026-09-29,6098,375000,519100
2026-09-29,6099,58300,147200
2026-09-29,609A,0,46010
2026-09-29,6101,10500,505900
2026-09-29,6103,10100,153600
2026-09-29,6104,27300,46800
2026-09-29,610A,0,108613
2026-09-29,6113,21100,236200
2026-09-29,6118,38100,147100
2026-09-29,611A,0,4120
2026-09-29,6125,0,423900
2026-09-29,612A,0,10
2026-09-29,6134,5600,555100
2026-09-29,6135,0,320800
2026-09-29,6136,18400,117000
2026-09-29,6137,500,200400
2026-09-29,6138,0,80300
2026-09-29,613A,0,14
2026-09-29,6140,18100,1136700
2026-09-29,6141,34100,2012700
2026-09-29,6143,16300,663200
2026-09-29,6144,0,59400
2026-09-29,6145,9600,161100
2026-09-29,6146,110300,851000
2026-09-29,6147,0,11800
2026-09-29,6149,0,83100
2026-09-29,6150,0,21800
2026-09-29,6151,1500,48300
2026-09-29,6155,0,162500
2026-09-29,6156,0,14200
2026-09-29,6157,10100,130000
2026-09-29,6158,19800,49300
2026-09-29,6159,0,4300
2026-09-29,6161,0,1040500
2026-09-29,6165,3200,918000
2026-09-29,6166,0,648100
2026-09-29,6167,35000,180500
2026-09-29,6171,900,259900
2026-09-29,6176,0,361000
2026-09-29,6177,0,1980300
2026-09-29,6178,133800,472500
2026-09-29,6180,0,37300
2026-09-29,6181,0,2388000
2026-09-29,6182,146400,583800
2026-09-29,6183,8200,119400
2026-09-29,6184,209600,483900
2026-09-29,6185,17400,200100
2026-09-29,6186,0,83800
2026-09-29,6189,13400,112100
2026-09-29,618A,100,694400
2026-09-29,6190,0,228500
2026-09-29,6191,109100,926000
2026-09-29,6193,0,44700
2026-09-29,6194,910800,443700
2026-09-29,6195,0,323600
2026-09-29,6196,54600,1275300
2026-09-29,6198,0,661900
2026-09-29,6199,18200,93000
2026-09-29,619A,0,2475000
2026-09-29,6200,57300,1037500
2026-09-29,6203,171200,1436700
2026-09-29,6208,94500,444700
2026-09-29,6209,6900,102300
2026-09-29,6217,0,321500
2026-09-29,6218,400,207300
2026-09-29,621A,700,888400
2026-09-29,6222,401900,315100
2026-09-29,6223,5700,185400
2026-09-29,6224,0,483700
2026-09-29,6226,69200,502800
2026-09-29,6227,680400,3080800
2026-09-29,6228,0,295000
2026-09-29,6229,0,81600
2026-09-29,622A,0,150100
2026-09-29,6230,0,16600
2026-09-29,6231,100,97900
2026-09-29,6232,1002800,2528000
2026-09-29,6233,0,76700
2026-09-29,6235,1700,491800
2026-09-29,6237,9600,82300
2026-09-29,6238,5600,433000
2026-09-29,6239,0,657500
2026-09-29,623A,0,840400
2026-09-29,6240,223900,877800
2026-09-29,6245,24800,586900
2026-09-29,6246,1900,35900
2026-09-29,6247,18500,38700
2026-09-29,6248,0,21500
2026-09-29,6249,0,65400
2026-09-29,6250,3200,98100
2026-09-29,6254,329100,2023700
2026-09-29,6255,147600,1133400
2026-09-29,6257,5400,147700
2026-09-29,6258,76700,806000
2026-09-29,625A,78500,981900
2026-09-29,6262,1800,3241000
2026-09-29,6264,39900,1618500
2026-09-29,6265,0,44500
2026-09-29,6266,63500,355900
2026-09-29,6267,0,5400
2026-09-29,6268,27100,993300
2026-09-29,6269,35000,1541100
2026-09-29,626A,0,11538
2026-09-29,6272,4600,87000
2026-09-29,6273,5600,59400
2026-09-29,6276,0,478600
2026-09-29,6277,43400,195500
2026-09-29,6278,17300,156300
2026-09-29,6279,33200,54700
2026-09-29,627A,44600,1076500
2026-09-29,6282,38500,21700
2026-09-29,6284,900,21300
2026-09-29,6286,0,26600
2026-09-29,6287,38100,64700
2026-09-29,6289,110200,97500
2026-09-29,6291,100,520900
2026-09-29,6292,0,136100
2026-09-29,6294,1700,136300
2026-09-29,6298,207100,1079000
2026-09-29,6301,201700,760600
2026-09-29,6302,29200,162200
2026-09-29,6305,9800,451900
2026-09-29,6306,8000,93700
2026-09-29,6307,0,189300
2026-09-29,6309,5100,139600
2026-09-29,630A,0,31
2026-09-29,6310,32600,169900
2026-09-29,6315,80800,5153300
2026-09-29,6316,0,37300
2026-09-29,6317,49000,224100
2026-09-29,6322,0,102500
2026-09-29,6323,106200,3420300
2026-09-29,6324,727900,881200
2026-09-29,6325,5800,34900
2026-09-29,6326,211700,744400
2026-09-29,6327,0,703600
2026-09-29,6328,10400,141300
2026-09-29,632A,0,7
2026-09-29,6330,1287300,5105800
2026-09-29,6331,9900,642000
2026-09-29,6332,10800,94000
2026-09-29,6333,8700,23600
2026-09-29,6334,0,119900
2026-09-29,6335,0,273000
2026-09-29,6336,0,544800
2026-09-29,6337,0,123400
2026-09-29,6338,0,241700
2026-09-29,6339,30500,82100
2026-09-29,633A,1354,104127
2026-09-29,6340,14300,17900
2026-09-29,6342,0,7100
2026-09-29,6343,16300,1135900
2026-09-29,6345,19200,168800
2026-09-29,6346,0,4600
2026-09-29,6347,0,798900
2026-09-29,6349,65700,96000
2026-09-29,634A,34400,297800
2026-09-29,6351,6600,16200
2026-09-29,6356,351300,922300
2026-09-29,6357,1400,148400
2026-09-29,6358,2500,79900
2026-09-29,635A,0,20
2026-09-29,6360,0,12200
2026-09-29,6361,63400,1576200
2026-09-29,6363,13900,476000
2026-09-29,6364,24100,47000
2026-09-29,6365,0,10200
2026-09-29,6366,481200,10241300
2026-09-29,6367,17400,560800
2026-09-29,6368,146000,1122500
2026-09-29,6369,7300,123000
2026-09-29,636A,0,10
2026-09-29,6370,7800,148500
2026-09-29,6371,46600,85400
2026-09-29,6376,25000,2865000
2026-09-29,6378,14600,649000
2026-09-29,6379,325700,177300
2026-09-29,6380,0,432100
2026-09-29,6381,12000,93400
2026-09-29,6382,0,149600
2026-09-29,6383,42700,764900
2026-09-29,6384,0,85500
2026-09-29,6387,1100,136300
2026-09-29,6390,20200,314700
2026-09-29,6391,0,45400
2026-09-29,6392,0,3000
2026-09-29,6393,100,29000
2026-09-29,6395,11200,243200
2026-09-29,6396,0,46500
2026-09-29,6400,5400,456100
2026-09-29,6402,0,34600
2026-09-29,6405,0,446200
2026-09-29,6407,7900,181000
2026-09-29,6408,0,32600
2026-09-29,6412,94100,85100
2026-09-29,6413,20600,773300
2026-09-29,6417,33600,410400
2026-09-29,6418,19100,200500
2026-09-29,6419,16100,255200
2026-09-29,6420,2200,8800
2026-09-29,6424,0,63900
2026-09-29,6425,182400,1933700
2026-09-29,6428,1000,320100
2026-09-29,6430,17100,86500
2026-09-29,6432,18500,529900
2026-09-29,6433,0,588700
2026-09-29,6436,16600,33800
2026-09-29,643A,0,3105
2026-09-29,6440,151600,1038400
2026-09-29,6444,278200,914300
2026-09-29,6445,13400,83900
2026-09-29,6448,22800,95500
2026-09-29,644A,0,1027
2026-09-29,6454,29500,45200
2026-09-29,6455,1600,24500
2026-09-29,6457,8400,28000
2026-09-29,6458,1800,282200
2026-09-29,6459,37900,51800
2026-09-29,6460,104600,135200
2026-09-29,6463,3800,147000
2026-09-29,6464,73000,1231800
2026-09-29,6465,48300,235000
2026-09-29,6466,0,144500
2026-09-29,6467,0,296200
2026-09-29,6469,100,338500
2026-09-29,646A,0,3369400
2026-09-29,6470,22200,162800
2026-09-29,6471,59900,1512300
2026-09-29,6472,415000,1953200
2026-09-29,6473,36700,304700
2026-09-29,6474,14700,242900
2026-09-29,6479,32500,2717000
2026-09-29,6480,25000,1409300
2026-09-29,6481,64500,534000
2026-09-29,6482,16000,103900
2026-09-29,6484,0,9600
2026-09-29,6485,8500,25300
2026-09-29,6486,3500,107900
2026-09-29,6488,0,114900
2026-09-29,6490,8700,84800
2026-09-29,6492,100,81600
2026-09-29,6493,0,522200
2026-09-29,6494,0,3985100
2026-09-29,6495,0,261800
2026-09-29,6496,0,80000
2026-09-29,6497,0,44100
2026-09-29,6498,5700,739400
2026-09-29,6501,392200,3475200
2026-09-29,6503,95300,3599300
2026-09-29,6504,8700,440900
2026-09-29,6505,1400,132300
2026-09-29,6506,186900,6490600
2026-09-29,6507,18500,114700
2026-09-29,6508,17100,168200
2026-09-29,6513,100,277600
2026-09-29,6516,6500,127700
2026-09-29,6517,8100,29900
2026-09-29,6518,0,211200
2026-09-29,6521,0,681800
2026-09-29,6522,124700,1297500
2026-09-29,6523,331700,451600
2026-09-29,6524,18100,476900
2026-09-29,6525,441400,2031700
2026-09-29,6526,1028800,5472000
2026-09-29,6532,128400,374300
2026-09-29,6533,114400,150500
2026-09-29,6535,24800,892600
2026-09-29,6537,104000,386900
2026-09-29,6538,800,845500
2026-09-29,6539,6900,315100
2026-09-29,6540,400,129800
2026-09-29,6543,0,22800
2026-09-29,6544,76900,441300
2026-09-29,6545,4800,216100
2026-09-29,6546,300,7100
2026-09-29,6547,1500,284200
2026-09-29,6548,0,735500
2026-09-29,6549,0,102500
2026-09-29,6551,21500,265800
2026-09-29,6552,0,735300
2026-09-29,6554,0,270400
2026-09-29,6555,0,110200
2026-09-29,6557,0,215000
2026-09-29,6558,0,29800
2026-09-29,6560,1600,107100
2026-09-29,6561,0,350800
2026-09-29,6562,131100,636100
2026-09-29,6563,1800,112600
2026-09-29,6564,0,82700
2026-09-29,6566,0,32300
2026-09-29,6568,0,120100
2026-09-29,6570,66000,128600
2026-09-29,6571,5800,110800
2026-09-29,6572,164800,826400
2026-09-29,6573,0,5174400
2026-09-29,6574,0,12790200
2026-09-29,6577,0,107900
2026-09-29,6578,0,60800
2026-09-29,6579,0,312300
2026-09-29,6580,30900,210600
2026-09-29,6584,306400,1212000
2026-09-29,6586,29300,202100
2026-09-29,6588,26900,141300
2026-09-29,6590,42100,1158800
2026-09-29,6592,102500,205600
2026-09-29,6594,426800,5968500
2026-09-29,6597,0,324000
2026-09-29,6599,0,52600
2026-09-29,6612,0,84100
2026-09-29,6613,17700,3570800
2026-09-29,6614,16800,118700
2026-09-29,6615,21500,547200
2026-09-29,6616,100,226100
2026-09-29,6617,9100,166900
2026-09-29,6619,757100,6790700
2026-09-29,6620,179200,607300
2026-09-29,6622,34000,979100
2026-09-29,6625,407900,3723900
2026-09-29,6626,0,58600
2026-09-29,6627,100,1241900
2026-09-29,6629,263400,1183600
2026-09-29,6630,424600,167400
2026-09-29,6632,64800,1643200
2026-09-29,6633,200,99600
2026-09-29,6634,0,927500
2026-09-29,6635,32800,318000
2026-09-29,6637,0,196300
2026-09-29,6638,15000,43400
2026-09-29,6643,100,30500
2026-09-29,6644,84700,358300
2026-09-29,6645,53100,500700
2026-09-29,6647,0,32600
2026-09-29,6648,0,268700
2026-09-29,6651,3900,54800
2026-09-29,6652,7500,52500
2026-09-29,6653,4000,732000
2026-09-29,6654,8000,63900
2026-09-29,6656,114900,380900
2026-09-29,6658,0,608400
2026-09-29,6659,469200,7866100
2026-09-29,6662,0,2047400
2026-09-29,6663,0,253200
2026-09-29,6664,20400,343500
2026-09-29,6666,0,433000
2026-09-29,6668,0,412500
2026-09-29,6674,15800,621500
2026-09-29,6675,19100,154600
2026-09-29,6676,98400,48500
2026-09-29,6677,2000,275200
2026-09-29,6678,100,128100
2026-09-29,6694,0,157100
2026-09-29,6696,0,391700
2026-09-29,6699,1100,516100
2026-09-29,6701,221900,4902500
2026-09-29,6702,161500,2450100
2026-09-29,6703,35900,1136900
2026-09-29,6706,14600,225900
2026-09-29,6707,29700,69000
2026-09-29,6718,3200,64900
2026-09-29,6721,0,3070600
2026-09-29,6723,617700,2957600
2026-09-29,6724,129500,88500
2026-09-29,6727,129800,742700
2026-09-29,6728,48200,282800
2026-09-29,6730,10800,452500
2026-09-29,6731,0,358900
2026-09-29,6736,40500,16500
2026-09-29,6737,10700,59800
2026-09-29,6740,8562800,42533900
2026-09-29,6741,18900,159800
2026-09-29,6742,30100,219900
2026-09-29,6743,0,118300
2026-09-29,6744,12200,115600
2026-09-29,6745,16700,75500
2026-09-29,6748,100,232600
2026-09-29,6750,48400,80800
2026-09-29,6752,365500,1869200
2026-09-29,6753,2997400,3020800
2026-09-29,6754,111000,750800
2026-09-29,6757,0,93700
2026-09-29,6758,272300,6086200
2026-09-29,6762,206200,5040000
2026-09-29,6763,12000,18400
2026-09-29,6768,103300,1458500
2026-09-29,6769,0,371400
2026-09-29,6770,91700,106800
2026-09-29,6771,15600,207700
2026-09-29,6772,0,1750800
2026-09-29,6775,0,1009700
2026-09-29,6776,0,452200
2026-09-29,6777,100,243600
2026-09-29,6778,22900,385000
2026-09-29,6779,12700,1067000
2026-09-29,6785,5000,81400
2026-09-29,6786,0,1095900
2026-09-29,6787,22800,473600
2026-09-29,6788,9200,9300
2026-09-29,6794,46100,978600
2026-09-29,6797,0,132800
2026-09-29,6798,20400,49700
2026-09-29,6800,7000,262000
2026-09-29,6803,47200,1117700
2026-09-29,6804,3900,192300
2026-09-29,6806,3600,18900
2026-09-29,6807,47100,38800
2026-09-29,6809,6200,133000
2026-09-29,6810,34900,106700
2026-09-29,6814,12000,448800
2026-09-29,6817,5900,469500
2026-09-29,6819,0,114900
2026-09-29,6820,7100,24000
2026-09-29,6822,0,64600
2026-09-29,6823,2800,98400
2026-09-29,6824,0,27900
2026-09-29,6832,0,147000
2026-09-29,6834,356900,1429900
2026-09-29,6835,0,1574300
2026-09-29,6836,0,266500
2026-09-29,6837,0,304600
2026-09-29,6838,100,978500
2026-09-29,6840,0,1317100
2026-09-29,6841,93400,176200
2026-09-29,6844,13500,207200
2026-09-29,6845,84300,133400
2026-09-29,6848,4800,39600
2026-09-29,6849,96000,73700
2026-09-29,6850,21000,28400
2026-09-29,6853,7500,89300
2026-09-29,6855,38500,784700
2026-09-29,6856,8600,56600
2026-09-29,6857,1700500,2433600
2026-09-29,6858,0,251300
2026-09-29,6859,13000,51700
2026-09-29,6861,55700,140500
2026-09-29,6862,100,942000
2026-09-29,6863,0,355400
2026-09-29,6864,0,244200
2026-09-29,6866,3600,30800
2026-09-29,6867,0,268900
2026-09-29,6869,159000,876800
2026-09-29,6870,0,55400
2026-09-29,6871,70300,606100
2026-09-29,6874,100,52500
2026-09-29,6875,8800,50600
2026-09-29,6877,13100,33300
2026-09-29,6882,30300,491900
2026-09-29,6888,100,134800
2026-09-29,6890,58100,1853100
2026-09-29,6894,0,30100
2026-09-29,6897,0,1475400
2026-09-29,6898,0,51500
2026-09-29,6899,0,143600
2026-09-29,6902,176300,3461800
2026-09-29,6904,3300,472300
2026-09-29,6905,35900,188300
2026-09-29,6907,0,830200
2026-09-29,6908,21800,294400
2026-09-29,6912,0,56000
2026-09-29,6914,1700,180100
2026-09-29,6915,1200,88100
2026-09-29,6918,0,131300
2026-09-29,6919,9900,88500
2026-09-29,6920,429000,1368700
2026-09-29,6923,10900,20800
2026-09-29,6925,16400,73700
2026-09-29,6926,40800,161600
2026-09-29,6927,0,354000
2026-09-29,6928,0,117700
2026-09-29,6929,2200,123500
2026-09-29,6932,1800,264900
2026-09-29,6941,24000,367500
2026-09-29,6942,0,5400
2026-09-29,6943,0,38300
2026-09-29,6946,0,416000
2026-09-29,6947,21600,38900
2026-09-29,6951,26400,81600
2026-09-29,6952,64400,277700
2026-09-29,6954,239500,5247700
2026-09-29,6955,0,875900
2026-09-29,6958,163200,1595200
2026-09-29,6960,3200,25300
2026-09-29,6961,6000,159000
2026-09-29,6962,613600,1590000
2026-09-29,6963,133800,887300
2026-09-29,6964,0,56100
2026-09-29,6965,75300,2947500
2026-09-29,6966,92800,7285500
2026-09-29,6969,0,353900
2026-09-29,6971,111000,511700
2026-09-29,6976,627200,4998400
2026-09-29,6977,0,150300
2026-09-29,6981,894300,6826200
2026-09-29,6982,0,184700
2026-09-29,6986,175300,1043900
2026-09-29,6988,77200,338400
2026-09-29,6989,5800,182300
2026-09-29,6993,9120500,22484600
2026-09-29,6994,64700,638100
2026-09-29,6995,44700,26000
2026-09-29,6996,26600,462600
2026-09-29,6997,43300,1182600
2026-09-29,6998,45400,215800
2026-09-29,6999,39700,625700
2026-09-29,7003,96000,3802600
2026-09-29,7004,599900,3514900
2026-09-29,7011,2502400,20464000
2026-09-29,7012,713700,19333600
2026-09-29,7013,334600,14073000
2026-09-29,7014,67600,1290500
2026-09-29,7018,500,275500
2026-09-29,7021,0,52600
2026-09-29,7022,40400,1357900
2026-09-29,7030,1100,232000
2026-09-29,7031,400,106400
2026-09-29,7033,37000,236800
2026-09-29,7034,0,487400
2026-09-29,7035,18000,339600
2026-09-29,7036,0,45500
2026-09-29,7037,0,58000
2026-09-29,7038,151800,296600
2026-09-29,7039,22400,153900
2026-09-29,7040,0,44600
2026-09-29,7041,0,80700
2026-09-29,7042,0,32600
2026-09-29,7043,0,252300
2026-09-29,7044,0,151300
2026-09-29,7046,0,72600
2026-09-29,7047,7300,2009600
2026-09-29,7048,230300,1396800
2026-09-29,7049,7700,51300
2026-09-29,7050,0,148500
2026-09-29,7057,0,79000
2026-09-29,7058,0,30100
2026-09-29,7059,5000,672000
2026-09-29,7060,1100,175300
2026-09-29,7061,36600,681200
2026-09-29,7062,0,257500
2026-09-29,7063,0,4286400
2026-09-29,7064,0,111000
2026-09-29,7065,1000,140100
2026-09-29,7066,0,288800
2026-09-29,7067,0,27900
2026-09-29,7068,18800,504300
2026-09-29,7069,0,324700
2026-09-29,7071,638500,1634200
2026-09-29,7072,0,163400
2026-09-29,7073,0,16100
2026-09-29,7074,0,264900
2026-09-29,7075,0,63600
2026-09-29,7077,0,44900
2026-09-29,7078,0,334000
2026-09-29,7079,0,81500
2026-09-29,7080,0,192800
2026-09-29,7081,0,497700
2026-09-29,7083,0,29000
2026-09-29,7084,0,90300
2026-09-29,7085,128100,230000
2026-09-29,7087,2500,33500
2026-09-29,7089,0,155000
2026-09-29,7090,0,10500
2026-09-29,7091,0,100600
2026-09-29,7093,0,268400
2026-09-29,7094,20200,1157000
2026-09-29,7095,0,598700
2026-09-29,7096,19900,236100
2026-09-29,7097,0,45900
2026-09-29,7102,6100,74500
2026-09-29,7110,300,161000
2026-09-29,7111,0,383600
2026-09-29,7112,0,333900
2026-09-29,7114,0,58300
2026-09-29,7115,0,108100
2026-09-29,7119,59200,56300
2026-09-29,7120,0,85700
2026-09-29,7122,0,46100
2026-09-29,7126,0,24400
2026-09-29,7127,0,15800
2026-09-29,7128,259500,95200
2026-09-29,7129,0,14700
2026-09-29,7130,3400,238600
2026-09-29,7131,0,63700
2026-09-29,7133,0,180600
2026-09-29,7134,1200,67000
2026-09-29,7135,12800,101000
2026-09-29,7138,0,2178500
2026-09-29,7140,0,54100
2026-09-29,7148,939000,1780600
2026-09-29,7150,72900,187600
2026-09-29,7157,39200,472700
2026-09-29,7161,87100,637000
2026-09-29,7162,0,854300
2026-09-29,7164,66000,208800
2026-09-29,7167,74600,640500
2026-09-29,7172,25900,1395600
2026-09-29,7173,121000,1294100
2026-09-29,7175,0,51800
2026-09-29,7177,0,694900
2026-09-29,7180,99200,819700
2026-09-29,7181,27200,1260500
2026-09-29,7182,170200,1153700
2026-09-29,7183,0,2500
2026-09-29,7184,28400,89600
2026-09-29,7185,0,10200
2026-09-29,7186,57200,1046500
2026-09-29,7187,5400,341100
2026-09-29,7189,11000,280200
2026-09-29,7191,12000,81600
2026-09-29,7192,10500,601600
2026-09-29,7196,0,141900
2026-09-29,7198,248800,524400
2026-09-29,7199,11500,525500
2026-09-29,7201,1151500,64484500
2026-09-29,7202,28300,962900
2026-09-29,7203,1988100,18951700
2026-09-29,7208,0,12200
2026-09-29,7211,3771700,8014200
2026-09-29,7212,2300,800800
2026-09-29,7213,9900,173800
2026-09-29,7214,0,336600
2026-09-29,7215,0,131500
2026-09-29,7217,0,73400
2026-09-29,7218,0,32900
2026-09-29,7219,0,17500
2026-09-29,7220,20100,798900
2026-09-29,7222,22300,334600
2026-09-29,7224,21600,686900
2026-09-29,7226,18600,531800
2026-09-29,7228,0,31500
2026-09-29,7231,23200,59500
2026-09-29,7235,0,226900
2026-09-29,7236,16300,815900
2026-09-29,7238,160500,7325000
2026-09-29,7239,1100,168200
2026-09-29,7240,115000,109000
2026-09-29,7241,67400,137300
2026-09-29,7242,32900,234500
2026-09-29,7244,18200,295300
2026-09-29,7245,25200,700100
2026-09-29,7246,1700,329600
2026-09-29,7247,0,343100
2026-09-29,7254,0,785500
2026-09-29,7255,0,200
2026-09-29,7256,51100,2960900
2026-09-29,7259,132600,979100
2026-09-29,7261,462100,5507600
2026-09-29,7264,0,40500
2026-09-29,7265,0,28200
2026-09-29,7266,20800,374600
2026-09-29,7267,1636800,3728000
2026-09-29,7269,101800,3509300
2026-09-29,7270,121600,1426800
2026-09-29,7271,0,552500
2026-09-29,7272,366700,1234200
2026-09-29,7273,0,3712600
2026-09-29,7276,85400,2169500
2026-09-29,7277,10200,291800
2026-09-29,7278,22400,190600
2026-09-29,7279,92300,138900
2026-09-29,7280,20700,419200
2026-09-29,7282,50200,1044700
2026-09-29,7283,1200,93000
2026-09-29,7284,0,669100
2026-09-29,7287,87900,290800
2026-09-29,7291,8100,557000
2026-09-29,7292,0,502200
2026-09-29,7294,18000,68300
2026-09-29,7296,15700,25800
2026-09-29,7297,0,16100
2026-09-29,7299,0,53100
2026-09-29,7305,2000,128500
2026-09-29,7309,62400,61200
2026-09-29,7313,92300,115600
2026-09-29,7314,0,21000
2026-09-29,7318,0,1062800
2026-09-29,7320,100,667500
2026-09-29,7322,20300,519000
2026-09-29,7325,0,162100
2026-09-29,7326,0,196800
2026-09-29,7327,37900,469200
2026-09-29,7337,32700,427200
2026-09-29,7343,0,31000
2026-09-29,7345,0,123200
2026-09-29,7347,28400,268600
2026-09-29,7350,11300,106000
2026-09-29,7351,0,195200
2026-09-29,7352,361200,1131100
2026-09-29,7353,0,215500
2026-09-29,7354,37800,1873300
2026-09-29,7356,19700,533600
2026-09-29,7357,0,24200
2026-09-29,7358,100,60500
2026-09-29,7359,0,578800
2026-09-29,7360,0,40600
2026-09-29,7361,0,133400
2026-09-29,7362,0,93200
2026-09-29,7363,0,33300
2026-09-29,7366,43400,59600
2026-09-29,7367,0,194400
2026-09-29,7368,200,13300
2026-09-29,7369,0,157300
2026-09-29,7370,100,120300
2026-09-29,7371,10800,797200
2026-09-29,7372,0,153500
2026-09-29,7373,73000,414600
2026-09-29,7374,0,187900
2026-09-29,7375,0,305600
2026-09-29,7376,0,799600
2026-09-29,7377,0,157800
2026-09-29,7378,22400,223600
2026-09-29,7380,50500,401200
2026-09-29,7381,43900,438700
2026-09-29,7383,446600,8003300
2026-09-29,7384,53300,117900
2026-09-29,7388,149700,133500
2026-09-29,7389,1303500,4401300
2026-09-29,7399,0,28200
2026-09-29,7409,0,433100
2026-09-29,7412,1432300,803300
2026-09-29,7413,0,30200
2026-09-29,7414,1500,286300
2026-09-29,7416,4800,10000
2026-09-29,7417,2600,22400
2026-09-29,7419,90300,6947000
2026-09-29,7421,615300,26700
2026-09-29,7422,0,63600
2026-09-29,7425,0,290800
2026-09-29,7427,0,194300
2026-09-29,7433,35500,314500
2026-09-29,7434,0,24200
2026-09-29,7435,0,93500
2026-09-29,7438,6300,27200
2026-09-29,7442,2300,54600
2026-09-29,7443,600,34000
2026-09-29,7444,0,116200
2026-09-29,7446,0,2900
2026-09-29,7447,12600,184400
2026-09-29,7453,509800,1072700
2026-09-29,7456,3900,161000
2026-09-29,7458,146500,71300
2026-09-29,7459,7800,16000
2026-09-29,7460,2600,1014300
2026-09-29,7461,0,31400
2026-09-29,7462,0,5300
2026-09-29,7463,12100,557700
2026-09-29,7464,0,32500
2026-09-29,7466,7600,31500
2026-09-29,7472,0,2700
2026-09-29,7475,4900,18700
2026-09-29,7476,23900,9300
2026-09-29,7477,0,67900
2026-09-29,7480,10900,146400
2026-09-29,7481,0,11100
2026-09-29,7482,4600,40200
2026-09-29,7483,9600,24800
2026-09-29,7486,0,17400
2026-09-29,7487,41900,23000
2026-09-29,7490,0,700
2026-09-29,7494,19800,626200
2026-09-29,7500,0,4800
2026-09-29,7501,0,40100
2026-09-29,7502,0,5600
2026-09-29,7504,71700,31200
2026-09-29,7505,0,112300
2026-09-29,7506,3900,1600
2026-09-29,7508,3600,205400
2026-09-29,7509,0,41900
2026-09-29,7510,16600,22000
2026-09-29,7512,142100,91500
2026-09-29,7513,216800,74800
2026-09-29,7514,0,22700
2026-09-29,7515,0,1100
2026-09-29,7516,18900,77700
2026-09-29,7520,300,22900
2026-09-29,7521,0,114500
2026-09-29,7522,38800,270000
2026-09-29,7523,0,5700
2026-09-29,7524,14700,728100
2026-09-29,7525,200,21400
2026-09-29,7527,0,9525600
2026-09-29,7531,0,8300
2026-09-29,7532,852500,10388500
2026-09-29,7537,38100,87600
2026-09-29,7538,0,52600
2026-09-29,7539,34600,65200
2026-09-29,7544,0,232300
2026-09-29,7545,23300,79500
2026-09-29,7550,240100,149500
2026-09-29,7551,1500,459100
2026-09-29,7552,107900,225800
2026-09-29,7554,84300,59700
2026-09-29,7555,0,26000
2026-09-29,7561,1200,229000
2026-09-29,7562,200,2200
2026-09-29,7564,56700,812500
2026-09-29,7565,0,2500
2026-09-29,7567,0,189200
2026-09-29,7570,5700,45500
2026-09-29,7571,17800,750300
2026-09-29,7575,47300,207900
2026-09-29,7578,0,1515100
2026-09-29,7581,29400,809600
2026-09-29,7585,0,27000
2026-09-29,7590,30000,363200
2026-09-29,7593,19200,510900
2026-09-29,7595,9900,198400
2026-09-29,7596,20500,7300
2026-09-29,7599,197400,1414000
2026-09-29,7600,164900,2527600
2026-09-29,7601,0,221000
2026-09-29,7602,276300,516200
2026-09-29,7603,0,4854800
2026-09-29,7604,0,29900
2026-09-29,7606,14100,187100
2026-09-29,7607,5000,39500
2026-09-29,7608,19300,430500
2026-09-29,7609,15300,376100
2026-09-29,7610,21900,4321700
2026-09-29,7611,28400,101200
2026-09-29,7613,77100,240400
2026-09-29,7614,0,125400
2026-09-29,7615,0,1617000
2026-09-29,7616,1439700,91100
2026-09-29,7619,1400,246200
2026-09-29,7621,0,6800
2026-09-29,7624,200,1997000
2026-09-29,7625,1500,372600
2026-09-29,7628,10000,32700
2026-09-29,7630,80200,1002700
2026-09-29,7634,0,19400
2026-09-29,7636,0,48100
2026-09-29,7637,7400,56100
2026-09-29,7638,300,240700
2026-09-29,7640,29100,425900
2026-09-29,7643,0,5600
2026-09-29,7646,0,80100
2026-09-29,7649,54000,715100
2026-09-29,7670,0,80300
2026-09-29,7673,0,38100
2026-09-29,7674,0,39300
2026-09-29,7677,0,2700
2026-09-29,7678,78300,25700
2026-09-29,7679,4700,171100
2026-09-29,7681,0,100100
2026-09-29,7682,0,229200
2026-09-29,7683,100,224800
2026-09-29,7685,0,1168800
2026-09-29,7686,1100,286500
2026-09-29,7687,0,123400
2026-09-29,7689,0,116700
2026-09-29,7692,0,4268700
2026-09-29,7694,0,194600
2026-09-29,7695,0,121300
2026-09-29,7698,0,3000
2026-09-29,7699,0,21800
2026-09-29,7701,9200,207800
2026-09-29,7702,4600,182000
2026-09-29,7707,300500,1281200
2026-09-29,7709,27600,6600
2026-09-29,7711,0,427600
2026-09-29,7713,0,198600
2026-09-29,7715,5900,228500
2026-09-29,7716,23900,391900
2026-09-29,7717,18600,613700
2026-09-29,7719,0,515400
2026-09-29,7721,30200,311600
2026-09-29,7722,0,235400
2026-09-29,7723,1200,65300
2026-09-29,7725,43400,313000
2026-09-29,7726,20000,172500
2026-09-29,7727,70700,465400
2026-09-29,7729,22800,92900
2026-09-29,7730,31900,315300
2026-09-29,7731,197200,320300
2026-09-29,7733,199500,586100
2026-09-29,7734,5000,16100
2026-09-29,7735,186100,873500
2026-09-29,7740,72800,735200
2026-09-29,7741,16100,243600
2026-09-29,7743,7000,16800
2026-09-29,7744,9100,826100
2026-09-29,7745,4300,75900
2026-09-29,7746,541100,2090900
2026-09-29,7747,15400,405800
2026-09-29,7749,0,13700
2026-09-29,7751,160800,1223400
2026-09-29,7752,231700,183700
2026-09-29,7760,0,359300
2026-09-29,7762,43800,350100
2026-09-29,7769,7100,54400
2026-09-29,7771,0,763400
2026-09-29,7774,210100,478800
2026-09-29,7775,0,118700
2026-09-29,7776,0,2395600
2026-09-29,7777,0,12611200
2026-09-29,7779,816200,7782900
2026-09-29,7780,18400,162200
2026-09-29,7781,0,497400
2026-09-29,7782,1000,40900
2026-09-29,7791,0,36400
2026-09-29,7792,0,109700
2026-09-29,7793,0,131000
2026-09-29,7794,0,1098400
2026-09-29,7795,7400,354400
2026-09-29,7800,0,303200
2026-09-29,7803,637100,2021700
2026-09-29,7804,0,68300
2026-09-29,7805,14300,27800
2026-09-29,7806,39100,261400
2026-09-29,7807,0,112200
2026-09-29,7808,0,344100
2026-09-29,7809,0,47700
2026-09-29,7810,120400,932300
2026-09-29,7811,21500,135200
2026-09-29,7812,400,106000
2026-09-29,7813,0,64700
2026-09-29,7814,7300,46700
2026-09-29,7815,0,125100
2026-09-29,7818,88900,100300
2026-09-29,7819,32900,126300
2026-09-29,7820,38600,167500
2026-09-29,7821,4500,37500
2026-09-29,7822,8800,255500
2026-09-29,7823,54400,29100
2026-09-29,7826,43500,659300
2026-09-29,7827,0,102300
2026-09-29,7831,0,1262000
2026-09-29,7832,73800,271800
2026-09-29,7833,700,70700
2026-09-29,7836,0,1589500
2026-09-29,7837,0,229600
2026-09-29,7839,14300,42700
2026-09-29,7840,22600,41700
2026-09-29,7841,0,663000
2026-09-29,7844,60800,640700
2026-09-29,7846,41300,32300
2026-09-29,7847,0,63000
2026-09-29,7849,0,98100
2026-09-29,7850,0,17500
2026-09-29,7851,0,2500
2026-09-29,7856,108700,110900
2026-09-29,7857,0,5600
2026-09-29,7859,700,4013600
2026-09-29,7860,33000,104000
2026-09-29,7863,0,99400
2026-09-29,7864,33100,345900
2026-09-29,7865,0,64900
2026-09-29,7867,84800,246100
2026-09-29,7868,594500,12372000
2026-09-29,7871,0,93800
2026-09-29,7872,0,18300
2026-09-29,7874,12400,80500
2026-09-29,7875,0,138500
2026-09-29,7877,0,11000
2026-09-29,7878,0,55600
2026-09-29,7879,0,148500
2026-09-29,7883,0,113600
2026-09-29,7885,19700,41700
2026-09-29,7886,0,150800
2026-09-29,7887,0,105700
2026-09-29,7888,16600,430600
2026-09-29,7893,6300,32400
2026-09-29,7896,0,5900
2026-09-29,7897,99100,1014500
2026-09-29,7898,400,231200
2026-09-29,7901,0,73000
2026-09-29,7902,0,66000
2026-09-29,7906,21300,662500
2026-09-29,7908,3100,663200
2026-09-29,7911,70800,797000
2026-09-29,7912,30300,213600
2026-09-29,7914,12600,118000
2026-09-29,7915,17200,284000
2026-09-29,7916,0,106000
2026-09-29,7917,2100,109000
2026-09-29,7918,0,971200
2026-09-29,7919,0,184900
2026-09-29,7921,10000,35600
2026-09-29,7927,2400,76600
2026-09-29,7928,0,48400
2026-09-29,7931,44100,14000
2026-09-29,7932,100,126300
2026-09-29,7936,359400,3930500
2026-09-29,7937,4300,31300
2026-09-29,7938,0,19200
2026-09-29,7939,0,15100
2026-09-29,7942,6300,59700
2026-09-29,7943,8300,15200
2026-09-29,7944,15000,50300
2026-09-29,7946,0,700
2026-09-29,7947,22500,119200
2026-09-29,7949,42200,64100
2026-09-29,7951,47800,300800
2026-09-29,7952,16700,33800
2026-09-29,7953,0,87300
2026-09-29,7955,1400,196400
2026-09-29,7956,78500,267300
2026-09-29,7957,0,96800
2026-09-29,7962,207200,34200
2026-09-29,7963,200,60800
2026-09-29,7965,1172200,87600
2026-09-29,7966,501700,1935700
2026-09-29,7970,20000,117600
2026-09-29,7971,5600,436200
2026-09-29,7972,20200,236700
2026-09-29,7974,705200,9092400
2026-09-29,7975,0,27000
2026-09-29,7976,47800,24900
2026-09-29,7979,8300,34600
2026-09-29,7980,0,253900
2026-09-29,7981,30700,72900
2026-09-29,7983,0,59100
2026-09-29,7984,28900,69800
2026-09-29,7985,0,1400
2026-09-29,7986,0,69600
2026-09-29,7987,7000,107300
2026-09-29,7988,40100,174000
2026-09-29,7989,18500,24000
2026-09-29,7990,4200,52400
2026-09-29,7991,13700,348500
2026-09-29,7992,0,383200
2026-09-29,7994,44300,101200
2026-09-29,7995,21400,64500
2026-09-29,7997,0,53000
2026-09-29,8001,1304900,13371600
2026-09-29,8002,161000,3413300
2026-09-29,8005,8900,299000
2026-09-29,8006,0,8800
2026-09-29,8007,23900,428700
2026-09-29,8008,18400,83900
2026-09-29,8011,325700,221400
2026-09-29,8012,46200,280100
2026-09-29,8013,0,462600
2026-09-29,8014,500,22600
2026-09-29,8015,43500,575900
2026-09-29,8016,73100,758800
2026-09-29,8018,8000,218300
2026-09-29,8020,38600,294400
2026-09-29,8022,28100,31200
2026-09-29,8023,9900,238100
2026-09-29,8025,0,11000
2026-09-29,8029,8400,20900
2026-09-29,8030,100,58700
2026-09-29,8031,113500,5249900
2026-09-29,8032,3800,23300
2026-09-29,8035,742000,10745700
2026-09-29,8037,24000,19200
2026-09-29,8039,0,8200
2026-09-29,8040,0,23100
2026-09-29,8041,5400,31600
2026-09-29,8043,43300,135600
2026-09-29,8045,0,6200
2026-09-29,8046,100,250400
2026-09-29,8050,40400,109800
2026-09-29,8051,65900,65700
2026-09-29,8052,41600,13700
2026-09-29,8053,484900,5529700
2026-09-29,8056,26400,36500
2026-09-29,8057,39800,52700
2026-09-29,8058,833000,6756900
2026-09-29,8059,74100,20600
2026-09-29,8060,10600,40600
2026-09-29,8061,3300,136300
2026-09-29,8065,9400,238000
2026-09-29,8066,20800,9100
2026-09-29,8070,7900,199100
2026-09-29,8074,7000,14300
2026-09-29,8075,6800,61300
2026-09-29,8076,1000,83500
2026-09-29,8077,1200,368300
2026-09-29,8078,22300,259000
2026-09-29,8079,85200,32500
2026-09-29,8081,3400,20500
2026-09-29,8084,38600,169600
2026-09-29,8085,0,23800
2026-09-29,8086,21500,249300
2026-09-29,8088,20800,1702600
2026-09-29,8089,0,51000
2026-09-29,8091,800,181900
2026-09-29,8093,3800,90000
2026-09-29,8095,19400,351600
2026-09-29,8097,58000,72500
2026-09-29,8098,10400,36000
2026-09-29,8101,5000,35100
2026-09-29,8103,34900,487800
2026-09-29,8104,0,71000
2026-09-29,8105,0,7289300
2026-09-29,8107,0,1229500
2026-09-29,8111,75000,309800
2026-09-29,8113,136000,2025900
2026-09-29,8115,0,59800
2026-09-29,8117,31800,442100
2026-09-29,8118,5400,16800
2026-09-29,8119,0,25600
2026-09-29,8123,0,6100
2026-09-29,8125,99100,91600
2026-09-29,8127,29500,50400
2026-09-29,8129,35700,40600
2026-09-29,8130,32600,84200
2026-09-29,8131,19000,10200
2026-09-29,8132,4800,4000
2026-09-29,8133,43900,62500
2026-09-29,8135,0,266300
2026-09-29,8136,5853900,18352500
2026-09-29,8137,26900,55300
2026-09-29,8138,0,4600
2026-09-29,8139,0,1263800
2026-09-29,8141,0,9600
2026-09-29,8142,6200,68500
2026-09-29,8143,0,190000
2026-09-29,8144,0,163200
2026-09-29,8147,0,25000
2026-09-29,8150,6900,115100
2026-09-29,8151,51100,330800
2026-09-29,8152,0,59000
2026-09-29,8153,107900,28900
2026-09-29,8154,12200,82400
2026-09-29,8157,14100,81300
2026-09-29,8158,10700,54200
2026-09-29,8159,3400,23900
2026-09-29,8160,136500,33400
2026-09-29,8163,439600,45900
2026-09-29,8165,305700,1307200
2026-09-29,8166,0,739300
2026-09-29,8167,52800,23600
2026-09-29,8173,89500,23100
2026-09-29,8174,48200,55700
2026-09-29,8179,106000,133600
2026-09-29,8181,0,86800
2026-09-29,8185,140800,373600
2026-09-29,8194,83800,60800
2026-09-29,8198,0,30700
2026-09-29,8200,199300,40100
2026-09-29,8202,31800,2100100
2026-09-29,8203,3000,226400
2026-09-29,8207,1000,62000
2026-09-29,8214,40800,145100
2026-09-29,8217,85400,89700
2026-09-29,8218,18000,13500
2026-09-29,8219,60300,546100
2026-09-29,8225,0,6000
2026-09-29,8226,0,1094300
2026-09-29,8227,53200,264300
2026-09-29,8230,5200,97300
2026-09-29,8233,368400,931400
2026-09-29,8237,391700,135200
2026-09-29,8242,26100,47500
2026-09-29,8244,73000,34600
2026-09-29,8247,0,369100
2026-09-29,8252,21800,402700
2026-09-29,8253,6300,225100
2026-09-29,8254,0,190900
2026-09-29,8255,34000,14200
2026-09-29,8260,3900,458500
2026-09-29,8267,1389800,9845400
2026-09-29,8273,112500,189800
2026-09-29,8275,39300,46800
2026-09-29,8276,33400,21400
2026-09-29,8278,122400,15000
2026-09-29,8281,51100,131400
2026-09-29,8282,76700,78200
2026-09-29,8285,104600,1578800
2026-09-29,8291,9600,352600
2026-09-29,8303,165100,9618700
2026-09-29,8304,1564800,2371700
2026-09-29,8306,1180400,35784000
2026-09-29,8308,721200,2519900
2026-09-29,8309,91800,4109500
2026-09-29,8316,2655700,26644400
2026-09-29,8331,344000,479500
2026-09-29,8334,124300,209700
2026-09-29,8336,5800,264900
2026-09-29,8337,25600,403200
2026-09-29,8338,444600,2673200
2026-09-29,8341,30600,488000
2026-09-29,8343,123100,534000
2026-09-29,8344,45000,94400
2026-09-29,8345,29100,412400
2026-09-29,8346,241800,583800
2026-09-29,8349,1800,108500
2026-09-29,8354,39700,362500
2026-09-29,8358,129600,704400
2026-09-29,8359,134100,382500
2026-09-29,8360,113200,3642800
2026-09-29,8361,171200,707300
2026-09-29,8362,33400,70900
2026-09-29,8364,12600,427000
2026-09-29,8365,24300,102900
2026-09-29,8366,76400,309700
2026-09-29,8367,27000,643200
2026-09-29,8368,225700,369800
2026-09-29,8370,27100,276800
2026-09-29,8377,354800,1583900
2026-09-29,8381,78500,175200
2026-09-29,8383,3900,125800
2026-09-29,8386,35600,308200
2026-09-29,8387,66400,486500
2026-09-29,8388,192900,1427200
2026-09-29,8392,29300,720100
2026-09-29,8393,43500,904000
2026-09-29,8395,2600,456200
2026-09-29,8399,22200,249900
2026-09-29,8410,5634800,3620900
2026-09-29,8411,652600,7171700
2026-09-29,8416,12700,313000
2026-09-29,8418,32700,289300
2026-09-29,8421,51,255
2026-09-29,8424,5800,126600
2026-09-29,8425,16100,497700
2026-09-29,8439,12200,333000
2026-09-29,8473,64800,6116800
2026-09-29,8508,173400,6856800
2026-09-29,8511,48600,249800
2026-09-29,8518,0,1558400
2026-09-29,8522,7000,81100
2026-09-29,8524,119000,935400
2026-09-29,8537,7800,174800
2026-09-29,8541,31500,204700
2026-09-29,8542,700,179200
2026-09-29,8544,36700,387900
2026-09-29,8550,110600,1497400
2026-09-29,8551,63000,984100
2026-09-29,8558,57100,218100
2026-09-29,8562,408700,843400
2026-09-29,8563,11400,762500
2026-09-29,8566,10800,19300
2026-09-29,8570,13600,1206600
2026-09-29,8572,35800,3271500
2026-09-29,8584,11700,245900
2026-09-29,8585,47500,1886400
2026-09-29,8591,64500,1997700
2026-09-29,8593,1717100,3378100
2026-09-29,8595,86100,481700
2026-09-29,8596,1100,212600
2026-09-29,8600,6700,1685100
2026-09-29,8601,130800,2612800
2026-09-29,8604,429200,10191600
2026-09-29,8609,39700,564300
2026-09-29,8613,137200,363400
2026-09-29,8614,388900,1382500
2026-09-29,8616,44200,541000
2026-09-29,8617,4400,468000
2026-09-29,8622,37400,449100
2026-09-29,8624,23400,133500
2026-09-29,8628,199400,715900
2026-09-29,8630,62800,493000
2026-09-29,8697,403000,348800
2026-09-29,8698,1669300,4640100
2026-09-29,8699,1500,9040300
2026-09-29,8700,0,71300
2026-09-29,8704,14800,397500
2026-09-29,8705,126300,883400
2026-09-29,8706,44100,286200
2026-09-29,8707,33300,188700
2026-09-29,8708,63900,264300
2026-09-29,8713,11700,196300
2026-09-29,8714,149400,4749200
2026-09-29,8715,201600,411100
2026-09-29,8725,56800,1896700
2026-09-29,8729,7760600,66755400
2026-09-29,8737,0,607100
2026-09-29,8739,164600,90300
2026-09-29,8742,38100,266000
2026-09-29,8746,0,1401400
2026-09-29,8747,0,189700
2026-09-29,8750,201700,2025300
2026-09-29,8766,3691300,43085000
2026-09-29,8769,5700,483100
2026-09-29,8771,33000,592900
2026-09-29,8772,0,74500
2026-09-29,8783,0,2636900
2026-09-29,8789,387700,3995700
2026-09-29,8793,1500,31300
2026-09-29,8795,107800,236400
2026-09-29,8798,0,685800
2026-09-29,8801,1178400,3065200
2026-09-29,8802,466600,976900
2026-09-29,8803,19800,124000
2026-09-29,8804,68500,141500
2026-09-29,8818,502300,135800
2026-09-29,8830,351500,1643600
2026-09-29,8835,43000,281100
2026-09-29,8836,0,726900
2026-09-29,8841,215800,194200
2026-09-29,8844,2500,665200
2026-09-29,8848,134100,2090200
2026-09-29,8850,3000,25700
2026-09-29,8860,13400,162600
2026-09-29,8864,5600,230100
2026-09-29,8869,82800,395300
2026-09-29,8871,4900,145300
2026-09-29,8876,15900,50600
2026-09-29,8877,3700,83400
2026-09-29,8881,12100,858300
2026-09-29,8887,46900,1683100
2026-09-29,8891,0,105500
2026-09-29,8892,39800,227500
2026-09-29,8894,0,5319900
2026-09-29,8897,304000,1094000
2026-09-29,8898,0,61300
2026-09-29,8904,0,165200
2026-09-29,8908,800,119400
2026-09-29,8912,156900,342400
2026-09-29,8914,33600,988400
2026-09-29,8917,53400,662000
2026-09-29,8918,5000,61933700
2026-09-29,8919,27800,48200
2026-09-29,8920,7000,354000
2026-09-29,8923,14500,146900
2026-09-29,8927,73700,551200
2026-09-29,8928,19800,55800
2026-09-29,8929,0,144900
2026-09-29,8931,2900,294100
2026-09-29,8934,6100,660400
2026-09-29,8935,27800,86900
2026-09-29,8938,0,1468900
2026-09-29,8944,0,1067300
2026-09-29,8945,0,90500
2026-09-29,8946,0,1965000
2026-09-29,8951,214,3407
2026-09-29,8952,340,5043
2026-09-29,8953,68,15836
2026-09-29,8954,21,1672
2026-09-29,8955,39,1890
2026-09-29,8956,17,1530
2026-09-29,8957,217,480
2026-09-29,8958,366,5206
2026-09-29,8960,33,3444
2026-09-29,8961,444,1795
2026-09-29,8963,108,43789
2026-09-29,8964,21,5734
2026-09-29,8966,40,15600
2026-09-29,8967,23,1296
2026-09-29,8968,22,554
2026-09-29,8972,3,5590
2026-09-29,8975,151,2896
2026-09-29,8976,35,493
2026-09-29,8977,82,1059
2026-09-29,8979,44,763
2026-09-29,8984,47,7208
2026-09-29,8985,661,41133
2026-09-29,8986,230,3393
2026-09-29,8987,142,778
2026-09-29,8995,0,121700
2026-09-29,8996,3100,54300
2026-09-29,8999,12000,353900
2026-09-29,9001,29300,278800
2026-09-29,9003,48700,144600
2026-09-29,9005,67700,1023700
2026-09-29,9006,119600,174300
2026-09-29,9007,157400,340600
2026-09-29,9008,66700,1959300
2026-09-29,9009,104100,391700
2026-09-29,9010,121100,44400
2026-09-29,9012,0,1500
2026-09-29,9017,0,6400
2026-09-29,9020,58800,1051300
2026-09-29,9021,693200,1254400
2026-09-29,9022,353000,772100
2026-09-29,9023,963800,1171200
2026-09-29,9024,356000,216300
2026-09-29,9025,1100,26900
2026-09-29,9028,0,45900
2026-09-29,9029,0,78400
2026-09-29,9031,33400,42900
2026-09-29,9033,0,48800
2026-09-29,9034,0,44900
2026-09-29,9036,0,165100
2026-09-29,9037,6100,142700
2026-09-29,9039,42500,8600
2026-09-29,9041,101100,773700
2026-09-29,9042,59600,170800
2026-09-29,9044,114700,45900
2026-09-29,9045,46700,307100
2026-09-29,9046,39800,18500
2026-09-29,9048,86400,336300
2026-09-29,9049,0,1300
2026-09-29,9051,0,700
2026-09-29,9052,39200,39900
2026-09-29,9057,0,33500
2026-09-29,9059,300,68900
2026-09-29,9060,0,3700
2026-09-29,9063,0,72400
2026-09-29,9064,53100,160200
2026-09-29,9065,18500,272000
2026-09-29,9068,6600,46500
2026-09-29,9069,29600,60100
2026-09-29,9072,29200,266000
2026-09-29,9073,0,4800
2026-09-29,9074,800,43200
2026-09-29,9075,6600,21400
2026-09-29,9076,16900,87900
2026-09-29,9081,6600,3400
2026-09-29,9082,0,24800
2026-09-29,9083,0,3000
2026-09-29,9087,0,4700
2026-09-29,9090,291200,290400
2026-09-29,9101,609100,1355900
2026-09-29,9104,316800,1281700
2026-09-29,9107,922000,1791700
2026-09-29,9110,4100,54200
2026-09-29,9115,0,1993200
2026-09-29,9119,87200,129500
2026-09-29,9127,0,31600
2026-09-29,9130,129500,276400
2026-09-29,9142,48400,568100
2026-09-29,9143,115900,584200
2026-09-29,9145,1100,2517900
2026-09-29,9147,22700,74300
2026-09-29,9158,88000,650000
2026-09-29,9159,0,316600
2026-09-29,9160,11400,588200
2026-09-29,9162,0,1158800
2026-09-29,9163,0,380500
2026-09-29,9165,0,83900
2026-09-29,9166,67700,5853000
2026-09-29,9168,0,1160900
2026-09-29,9171,0,559500
2026-09-29,9173,0,5000
2026-09-29,9193,0,95700
2026-09-29,9201,176800,1080000
2026-09-29,9202,200300,673400
2026-09-29,9204,0,3059500
2026-09-29,9206,0,35500
2026-09-29,9211,0,674500
2026-09-29,9212,0,1527600
2026-09-29,9213,0,200000
2026-09-29,9214,0,12500
2026-09-29,9215,0,29900
2026-09-29,9216,28000,169000
2026-09-29,9218,26300,165600
2026-09-29,9219,3500,79400
2026-09-29,9220,0,65800
2026-09-29,9221,0,43000
2026-09-29,9223,1800,359100
2026-09-29,9225,0,7900
2026-09-29,9227,605500,1078000
2026-09-29,9229,0,2164500
2026-09-29,9233,14600,64000
2026-09-29,9235,0,596100
2026-09-29,9236,0,54600
2026-09-29,9237,0,207000
2026-09-29,9238,0,89900
2026-09-29,9240,0,159100
2026-09-29,9241,0,15400
2026-09-29,9242,0,34100
2026-09-29,9244,0,12800
2026-09-29,9245,0,90200
2026-09-29,9246,0,21400
2026-09-29,9247,13800,208900
2026-09-29,9248,1800,132500
2026-09-29,9249,0,13200
2026-09-29,9250,0,91500
2026-09-29,9251,0,111300
2026-09-29,9252,0,174300
2026-09-29,9253,700,40900
2026-09-29,9254,0,48400
2026-09-29,9256,0,264600
2026-09-29,9257,0,3933100
2026-09-29,9258,0,327400
2026-09-29,9259,0,280800
2026-09-29,9262,3300,196300
2026-09-29,9264,5700,112100
2026-09-29,9265,0,388100
2026-09-29,9267,11200,81200
2026-09-29,9268,12400,1920000
2026-09-29,9270,7100,418300
2026-09-29,9271,0,269900
2026-09-29,9272,0,573300
2026-09-29,9273,8000,176200
2026-09-29,9274,99000,105500
2026-09-29,9278,165000,76800
2026-09-29,9279,39400,439900
2026-09-29,9282,0,6652
2026-09-29,9284,0,13346
2026-09-29,9285,0,6114
2026-09-29,9286,79,32604
2026-09-29,9301,120900,163800
2026-09-29,9302,29000,55400
2026-09-29,9303,8700,21900
2026-09-29,9304,181700,149800
2026-09-29,9305,123500,51800
2026-09-29,9306,300,350300
2026-09-29,9307,9500,131600
2026-09-29,9308,44500,80900
2026-09-29,9310,4200,25900
2026-09-29,9311,0,6000
2026-09-29,9312,800,76600
2026-09-29,9313,0,62200
2026-09-29,9319,56200,884100
2026-09-29,9322,0,20700
2026-09-29,9324,6500,49300
2026-09-29,9325,0,185500
2026-09-29,9326,0,147800
2026-09-29,9327,0,1234600
2026-09-29,9330,0,19700
2026-09-29,9331,0,48100
2026-09-29,9332,64700,255200
2026-09-29,9336,18000,35600
2026-09-29,9337,0,418300
2026-09-29,9339,0,24300
2026-09-29,9340,0,370900
2026-09-29,9341,0,575500
2026-09-29,9342,0,78900
2026-09-29,9343,0,1670900
2026-09-29,9344,0,195500
2026-09-29,9345,0,103700
2026-09-29,9346,0,81200
2026-09-29,9347,34300,15700
2026-09-29,9348,8000,5101200
2026-09-29,9351,500,25900
2026-09-29,9353,0,17600
2026-09-29,9355,0,5800
2026-09-29,9360,0,46800
2026-09-29,9361,0,9100
2026-09-29,9362,0,1600
2026-09-29,9363,0,171900
2026-09-29,9364,2800,68100
2026-09-29,9365,0,13000
2026-09-29,9366,5900,93600
2026-09-29,9367,0,2200
2026-09-29,9368,2900,34100
2026-09-29,9369,2500,83800
2026-09-29,9376,2600,25500
2026-09-29,9380,4700,51800
2026-09-29,9381,0,32900
2026-09-29,9385,2500,84300
2026-09-29,9401,10800,65400
2026-09-29,9404,49500,78400
2026-09-29,9405,34200,77800
2026-09-29,9408,0,6500
2026-09-29,9409,18300,404300
2026-09-29,9412,570800,4374800
2026-09-29,9413,4200,77800
2026-09-29,9414,15800,697600
2026-09-29,9416,131800,2790600
2026-09-29,9417,103200,193000
2026-09-29,9418,92800,4768800
2026-09-29,9419,0,217200
2026-09-29,9421,0,15900
2026-09-29,9423,10100,313700
2026-09-29,9424,1162500,9683700
2026-09-29,9425,0,3484900
2026-09-29,9428,200,18000
2026-09-29,9432,15959600,80367500
2026-09-29,9433,820400,997800
2026-09-29,9434,4622900,23435100
2026-09-29,9435,3000,408200
2026-09-29,9436,21000,170900
2026-09-29,9438,54800,83800
2026-09-29,9439,0,164400
2026-09-29,9441,300,24900
2026-09-29,9444,0,97900
2026-09-29,9445,200,42100
2026-09-29,9446,0,250600
2026-09-29,9449,32500,88500
2026-09-29,9450,12100,409000
2026-09-29,9466,1700,171500
2026-09-29,9467,400,333800
2026-09-29,9468,161200,55300
2026-09-29,9470,61200,146900
2026-09-29,9474,42400,310200
2026-09-29,9475,0,6200
2026-09-29,9476,0,45400
2026-09-29,9478,0,1742200
2026-09-29,9501,1319600,82469500
2026-09-29,9502,102000,659000
2026-09-29,9503,205000,1037800
2026-09-29,9504,139100,2235300
2026-09-29,9505,67900,1167700
2026-09-29,9506,107700,3934700
2026-09-29,9507,96100,297900
2026-09-29,9508,65200,811200
2026-09-29,9509,2681600,4172100
2026-09-29,9511,32200,357700
2026-09-29,9513,37800,785800
2026-09-29,9514,300,735100
2026-09-29,9517,226500,796200
2026-09-29,9519,422500,2268500
2026-09-29,9531,17300,138200
2026-09-29,9532,51000,210800
2026-09-29,9533,65200,56900
2026-09-29,9534,25900,98900
2026-09-29,9535,49200,72300
2026-09-29,9536,58000,33800
2026-09-29,9537,0,2700
2026-09-29,9539,9000,555800
2026-09-29,9543,34900,52200
2026-09-29,9551,2700,87800
2026-09-29,9552,73600,736800
2026-09-29,9553,179400,1055100
2026-09-29,9554,0,167500
2026-09-29,9556,0,174900
2026-09-29,9557,0,440400
2026-09-29,9558,100,73100
2026-09-29,9560,57200,515100
2026-09-29,9561,0,321000
2026-09-29,9562,0,43500
2026-09-29,9563,0,311700
2026-09-29,9564,0,389900
2026-09-29,9565,0,83900
2026-09-29,9601,44400,32800
2026-09-29,9602,145000,932200
2026-09-29,9603,125900,1412700
2026-09-29,9605,14600,4300
2026-09-29,9610,0,948600
2026-09-29,9612,100,192300
2026-09-29,9616,130500,543800
2026-09-29,9619,3100,57600
2026-09-29,9621,15900,55500
2026-09-29,9622,14100,89000
2026-09-29,9625,0,256200
2026-09-29,9627,14400,72500
2026-09-29,9628,21200,301400
2026-09-29,9629,13000,33300
2026-09-29,9632,2000,87200
2026-09-29,9633,11600,257400
2026-09-29,9635,0,4300
2026-09-29,9636,0,5500
2026-09-29,9639,0,243900
2026-09-29,9640,0,62700
2026-09-29,9644,63400,70300
2026-09-29,9647,0,17400
2026-09-29,9651,0,68400
2026-09-29,9656,0,23100
2026-09-29,9658,4600,206700
2026-09-29,9661,0,20800
2026-09-29,9663,70100,50300
2026-09-29,9672,8800,93200
2026-09-29,9678,15000,74300
2026-09-29,9679,0,3700
2026-09-29,9682,62900,87500
2026-09-29,9684,141600,264800
2026-09-29,9685,0,86400
2026-09-29,9686,0,33500
2026-09-29,9687,12200,33000
2026-09-29,9691,0,1700
2026-09-29,9692,16400,104100
2026-09-29,9697,162500,698300
2026-09-29,9698,0,139100
2026-09-29,9699,25000,33500
2026-09-29,9701,0,2200
2026-09-29,9702,21100,270000
2026-09-29,9704,0,7004800
2026-09-29,9706,205300,68500
2026-09-29,9708,4100,203300
2026-09-29,9709,0,84700
2026-09-29,9713,0,55900
2026-09-29,9715,20600,15200
2026-09-29,9716,35200,231200
2026-09-29,9720,0,2200
2026-09-29,9722,203700,113700
2026-09-29,9723,0,19200
2026-09-29,9726,700,39000
2026-09-29,9729,1700,14600
2026-09-29,9731,0,24100
2026-09-29,9733,0,92200
2026-09-29,9735,13600,55200
2026-09-29,9739,0,108200
2026-09-29,9740,400,41700
2026-09-29,9742,22400,17300
2026-09-29,9743,44300,472900
2026-09-29,9744,44700,216600
2026-09-29,9746,4100,13400
2026-09-29,9753,0,320800
2026-09-29,9755,8700,103500
2026-09-29,9757,136800,238800
2026-09-29,9759,56900,85800
2026-09-29,9760,54900,485300
2026-09-29,9761,0,46500
2026-09-29,9763,2200,108900
2026-09-29,9765,3600,72900
2026-09-29,9766,89800,64500
2026-09-29,9767,0,24200
2026-09-29,9768,0,119900
2026-09-29,9769,300,68000
2026-09-29,9778,0,2200
2026-09-29,9780,0,39800
2026-09-29,9782,0,128400
2026-09-29,9788,8800,98500
2026-09-29,9790,3800,25900
2026-09-29,9791,0,276300
2026-09-29,9793,3300,46500
2026-09-29,9795,4600,25100
2026-09-29,9799,0,99600
2026-09-29,9812,0,153400
2026-09-29,9816,0,560400
2026-09-29,9818,0,4300
2026-09-29,9820,0,15000
2026-09-29,9823,0,511500
2026-09-29,9824,33000,31400
2026-09-29,9827,0,127900
2026-09-29,9828,25500,125600
2026-09-29,9830,6800,94500
2026-09-29,9831,598100,931900
2026-09-29,9832,95400,78000
2026-09-29,9835,900,11200
2026-09-29,9837,2500,83500
2026-09-29,9842,19600,180000
2026-09-29,9843,371500,1128500
2026-09-29,9845,0,63400
2026-09-29,9846,0,63800
2026-09-29,9849,0,300
2026-09-29,9850,179200,22200
2026-09-29,9853,0,34400
2026-09-29,9854,0,499000
2026-09-29,9856,100,205800
2026-09-29,9857,0,23800
2026-09-29,9861,208000,84200
2026-09-29,9867,0,8200
2026-09-29,9869,4800,1300
2026-09-29,9872,3100,64600
2026-09-29,9876,0,516600
2026-09-29,9878,0,109000
2026-09-29,9880,0,334400
2026-09-29,9882,37700,62700
2026-09-29,9885,0,218900
2026-09-29,9887,47900,60700
2026-09-29,9888,100,503700
2026-09-29,9889,29500,125700
2026-09-29,9890,0,164700
2026-09-29,9895,0,13500
2026-09-29,9896,2100,213200
2026-09-29,9900,582700,39000
2026-09-29,9902,16200,43200
2026-09-29,9903,200,28100
2026-09-29,9904,0,97200
2026-09-29,9906,0,26200
2026-09-29,9908,0,48600
2026-09-29,9913,26200,397500
2026-09-29,9928,5600,17900
2026-09-29,9929,0,7500
2026-09-29,9930,1100,694000
2026-09-29,9932,3900,70300
2026-09-29,9934,5500,69800
2026-09-29,9936,156000,64200
2026-09-29,9941,0,291800
2026-09-29,9946,152500,44200
2026-09-29,9948,17900,14600
2026-09-29,9950,0,3300
2026-09-29,9955,0,5800
2026-09-29,9956,14600,227200
2026-09-29,9959,2200,165200
2026-09-29,9960,2700,41700
2026-09-29,9962,22500,57300
2026-09-29,9969,2600,84700
2026-09-29,9972,1200,2771900
2026-09-29,9973,0,7142600
2026-09-29,9974,3900,18800
2026-09-29,9976,100,12500
2026-09-29,9978,0,2313300
2026-09-29,9979,109800,126200
2026-09-29,9980,0,1705000
2026-09-29,9982,0,40900
2026-09-29,9983,159400,491400
2026-09-29,9984,4375400,32038100
2026-09-29,9986,0,7100
2026-09-29,9987,37700,27700
2026-09-29,9989,4100,232100
2026-09-29,9990,48200,194200
2026-09-29,9991,800,94000
2026-09-29,9993,0,8900
2026-09-29,9994,3200,175400
2026-09-29,9996,100,5500
2026-09-29,9997,58000,308800
2026-09-30,1301,9000,156600
2026-09-30,1305,10000,48050
2026-09-30,1306,2558910,10751180
2026-09-30,1308,58379,61640
2026-09-30,1309,0,1487
2026-09-30,130A,0,268600
2026-09-30,1311,2017,19684
2026-09-30,1319,0,5000
2026-09-30,1320,8802,17556
2026-09-30,1321,89211,260456
2026-09-30,1322,0,25070
2026-09-30,1325,10870,155460
2026-09-30,1328,4427,156872
2026-09-30,1329,23923,310393
2026-09-30,1330,12853,10852
2026-09-30,1332,64700,669300
2026-09-30,1333,9800,232900
2026-09-30,133A,6249,123596
2026-09-30,1343,49790,1116240
2026-09-30,1345,99,112071
2026-09-30,1346,2443,8113
2026-09-30,1348,594,36544
2026-09-30,1356,1148030,2404800
2026-09-30,1357,1391435,3807015
2026-09-30,1358,1666,13050
2026-09-30,135A,57800,285600
2026-09-30,1360,11519910,38248430
2026-09-30,1364,2,5560
2026-09-30,1365,29872,276576
2026-09-30,1366,56007,2693033
2026-09-30,1367,4377,122674
2026-09-30,1368,24781,80210
2026-09-30,1369,32,581
2026-09-30,1375,18700,61700
2026-09-30,1376,0,35100
2026-09-30,1377,22800,44900
2026-09-30,1379,5800,30800
2026-09-30,137A,0,102400
2026-09-30,1380,0,3300
2026-09-30,1381,0,55400
2026-09-30,1382,0,6800
2026-09-30,1383,0,10000
2026-09-30,1384,0,115900
2026-09-30,138A,0,67900
2026-09-30,1397,0,23
2026-09-30,1398,200,6960
2026-09-30,1399,5,1240
2026-09-30,1401,0,77800
2026-09-30,1407,15300,744300
2026-09-30,140A,0,246
2026-09-30,1414,202700,770800
2026-09-30,1417,11200,100900
2026-09-30,1418,24800,528900
2026-09-30,1419,659100,190900
2026-09-30,141A,455800,1028900
2026-09-30,1420,9800,110500
2026-09-30,1429,35900,514600
2026-09-30,142A,0,296900
2026-09-30,1430,900,355400
2026-09-30,1431,139800,69400
2026-09-30,1433,101800,248100
2026-09-30,1434,11900,375500
2026-09-30,1435,4300,3924700
2026-09-30,1436,0,279300
2026-09-30,1438,0,46900
2026-09-30,143A,0,106600
2026-09-30,1443,0,950500
2026-09-30,1444,0,24100
2026-09-30,1446,20800,42800
2026-09-30,1447,0,1701000
2026-09-30,1450,0,67300
2026-09-30,1456,1638,27994
2026-09-30,1457,498,32776
2026-09-30,1458,12258,76197
2026-09-30,1459,916707,7360468
2026-09-30,145A,0,264000
2026-09-30,1466,0,2117
2026-09-30,1469,0,32670
2026-09-30,146A,0,514300
2026-09-30,1472,0,24550
2026-09-30,1473,2250,6180
2026-09-30,1474,0,11
2026-09-30,1475,27400,1679130
2026-09-30,1476,332,107981
2026-09-30,1477,0,556
2026-09-30,1478,173,13785
2026-09-30,1479,0,14
2026-09-30,147A,125100,612000
2026-09-30,1480,0,0
2026-09-30,1481,0,16
2026-09-30,1482,111,44334
2026-09-30,1483,0,0
2026-09-30,1484,0,300
2026-09-30,1485,0,0
2026-09-30,1486,32,3562
2026-09-30,1487,56,2468
2026-09-30,1488,20,31722
2026-09-30,1489,18204,389213
2026-09-30,148A,0,103000
2026-09-30,1490,0,3
2026-09-30,1491,0,84700
2026-09-30,1493,0,59
2026-09-30,1494,1,2038
2026-09-30,1495,0,928
2026-09-30,1496,9,6058
2026-09-30,1497,8,43649
2026-09-30,1498,0,244
2026-09-30,1499,12,4
2026-09-30,149A,0,126900
2026-09-30,150A,0,826500
2026-09-30,1514,657900,1625000
2026-09-30,1515,72200,894800
2026-09-30,1518,138300,459200
2026-09-30,151A,0,169200
2026-09-30,153A,18300,151400
2026-09-30,1540,18446,1109178
2026-09-30,1541,3623,202194
2026-09-30,1542,3547,417733
2026-09-30,1543,0,2352
2026-09-30,1545,2087440,23894740
2026-09-30,1546,263,3418
2026-09-30,1547,2178,123385
2026-09-30,1550,195,34140
2026-09-30,1551,0,1040
2026-09-30,1554,193,7776
2026-09-30,1555,125,1512
2026-09-30,1559,74,1193
2026-09-30,155A,5000,537800
2026-09-30,1560,0,1980
2026-09-30,1563,3689,26903
2026-09-30,1566,154,2351
2026-09-30,1568,473130,2924410
2026-09-30,1569,7550,678050
2026-09-30,156A,3300,548500
2026-09-30,1570,280126,1607258
2026-09-30,1571,38289,2275917
2026-09-30,1572,0,22730
2026-09-30,1573,140,4840
2026-09-30,1577,92,3346
2026-09-30,1578,452,4620
2026-09-30,1579,1019170,10385000
2026-09-30,157A,0,383700
2026-09-30,1580,8590,1481940
2026-09-30,1585,0,50
2026-09-30,1586,0,360
2026-09-30,1591,0,312
2026-09-30,1592,0,376
2026-09-30,1593,2,57
2026-09-30,1595,9,759983
2026-09-30,1596,0,5
2026-09-30,1597,411,247117
2026-09-30,1599,0,7
2026-09-30,159A,0,6630
2026-09-30,1605,219000,3423300
2026-09-30,160A,0,135300
2026-09-30,1615,88470,3012250
2026-09-30,1617,24,747
2026-09-30,1618,4,1680
2026-09-30,1619,55,964
2026-09-30,1620,108,466
2026-09-30,1621,20,762
2026-09-30,1622,48,1720
2026-09-30,1623,57,8920
2026-09-30,1624,6,297
2026-09-30,1625,139,1086
2026-09-30,1626,38,738
2026-09-30,1627,307,3937
2026-09-30,1628,29,241
2026-09-30,1629,4070,978100
2026-09-30,162A,0,352
2026-09-30,1630,8,1514
2026-09-30,1631,3170,6117
2026-09-30,1632,52,2369
2026-09-30,1633,237,452
2026-09-30,163A,0,6914
2026-09-30,1651,5,44735
2026-09-30,1652,0,20
2026-09-30,1653,0,60
2026-09-30,1654,0,0
2026-09-30,1655,112620,6510170
2026-09-30,1656,850,136860
2026-09-30,1657,0,7355
2026-09-30,1658,82,19490
2026-09-30,1659,62,8513
2026-09-30,1660,28,2180
2026-09-30,1662,39300,998200
2026-09-30,1663,37300,468800
2026-09-30,166A,155500,2077500
2026-09-30,1671,383858,427884
2026-09-30,1677,0,290
2026-09-30,1678,40120,3465080
2026-09-30,1679,0,300
2026-09-30,167A,24400,135700
2026-09-30,1680,25,7011
2026-09-30,1681,196,26692
2026-09-30,168A,0,47000
2026-09-30,1698,243,11505
2026-09-30,1699,891610,510960
2026-09-30,170A,0,45
2026-09-30,1711,0,424900
2026-09-30,1716,5800,621400
2026-09-30,1717,0,124500
2026-09-30,1718,0,271600
2026-09-30,1719,53800,536700
2026-09-30,1720,24000,164400
2026-09-30,1721,37700,45100
2026-09-30,1723,48200,331700
2026-09-30,1724,0,174000
2026-09-30,1736,0,36200
2026-09-30,173A,0,40200
2026-09-30,1758,0,92100
2026-09-30,175A,0,156600
2026-09-30,1762,11300,31900
2026-09-30,1764,0,21100
2026-09-30,1766,7500,28800
2026-09-30,1768,2200,81900
2026-09-30,1770,0,110100
2026-09-30,177A,0,222200
2026-09-30,1780,43600,59200
2026-09-30,1783,0,3965000
2026-09-30,1786,58300,564800
2026-09-30,1787,0,6200
2026-09-30,1788,0,5400
2026-09-30,178A,1,21161
2026-09-30,1793,0,63500
2026-09-30,1795,0,400
2026-09-30,1798,0,582900
2026-09-30,1799,17300,88000
2026-09-30,179A,60,169070
2026-09-30,1801,33000,469400
2026-09-30,1802,82800,773800
2026-09-30,1803,53500,3106800
2026-09-30,1807,100,21400
2026-09-30,1808,48700,262300
2026-09-30,180A,0,106310
2026-09-30,1810,3100,232400
2026-09-30,1811,3600,130800
2026-09-30,1812,42200,1249600
2026-09-30,1813,23600,116900
2026-09-30,1814,2800,287500
2026-09-30,1815,75800,337700
2026-09-30,181A,0,0
2026-09-30,1820,5800,142100
2026-09-30,1822,156000,249700
2026-09-30,1826,15600,146900
2026-09-30,1827,25800,945500
2026-09-30,1828,0,69700
2026-09-30,182A,0,8300
2026-09-30,1833,21200,201200
2026-09-30,1835,4800,67500
2026-09-30,183A,0,1040
2026-09-30,1840,0,252200
2026-09-30,1844,0,586000
2026-09-30,1847,800,338000
2026-09-30,1848,39900,53300
2026-09-30,184A,0,158200
2026-09-30,1850,0,699100
2026-09-30,1852,90900,800800
2026-09-30,1853,0,598500
2026-09-30,1860,52100,130700
2026-09-30,1861,36200,921500
2026-09-30,1866,600,210200
2026-09-30,1867,4000,47500
2026-09-30,186A,3513100,6685000
2026-09-30,1870,19300,141300
2026-09-30,1871,7600,230400
2026-09-30,1873,11000,323600
2026-09-30,1878,339900,723900
2026-09-30,1879,28400,545500
2026-09-30,1882,71400,449800
2026-09-30,1885,24900,601400
2026-09-30,1887,40300,1063100
2026-09-30,1888,3700,61000
2026-09-30,188A,0,28974
2026-09-30,1893,43400,1722400
2026-09-30,1897,0,42000
2026-09-30,1898,14900,259700
2026-09-30,1899,8500,65500
2026-09-30,189A,0,189900
2026-09-30,1904,42100,269700
2026-09-30,1905,0,68600
2026-09-30,190A,0,3703300
2026-09-30,1911,138100,4806900
2026-09-30,1914,28900,148700
2026-09-30,1921,26700,2100400
2026-09-30,1925,58600,1161500
2026-09-30,1926,50000,443000
2026-09-30,1928,541600,841600
2026-09-30,1929,24500,179200
2026-09-30,192A,2300,102200
2026-09-30,1930,2500,253000
2026-09-30,1934,5600,148900
2026-09-30,1938,0,144500
2026-09-30,1939,20600,122600
2026-09-30,1941,10400,25400
2026-09-30,1942,30600,425900
2026-09-30,1944,10700,274400
2026-09-30,1945,9000,348600
2026-09-30,1946,700,96900
2026-09-30,194A,0,163200
2026-09-30,1950,21200,73500
2026-09-30,1951,12100,129900
2026-09-30,1952,3200,170800
2026-09-30,1959,9700,80200
2026-09-30,195A,0,266300
2026-09-30,1960,0,374000
2026-09-30,1961,45800,185900
2026-09-30,1963,60100,1357600
2026-09-30,1964,1400,67300
2026-09-30,1965,34800,220200
2026-09-30,1966,5300,101100
2026-09-30,1967,28300,90300
2026-09-30,1968,5200,149100
2026-09-30,1969,38600,280500
2026-09-30,196A,0,702000
2026-09-30,1972,1300,408600
2026-09-30,1975,500,73600
2026-09-30,1976,34100,68800
2026-09-30,1979,4900,50400
2026-09-30,197A,347500,1607000
2026-09-30,1980,35900,474700
2026-09-30,1981,0,23800
2026-09-30,1982,12800,104100
2026-09-30,198A,0,1206700
2026-09-30,1992,0,500
2026-09-30,1994,0,134600
2026-09-30,1997,0,13400
2026-09-30,2001,17400,56600
2026-09-30,2002,65900,116200
2026-09-30,2003,8400,29300
2026-09-30,2004,5700,134100
2026-09-30,2009,0,82100
2026-09-30,200A,85797,2552568
2026-09-30,2011,0,1240
2026-09-30,2012,10,114780
2026-09-30,2013,2720,438640
2026-09-30,2014,10,256000
2026-09-30,2015,0,231
2026-09-30,2016,0,33600
2026-09-30,2017,66,44255
2026-09-30,2018,0,26
2026-09-30,2019,0,6095
2026-09-30,201A,65870,334990
2026-09-30,2031,0,3029
2026-09-30,2032,0,1377
2026-09-30,2033,0,13937
2026-09-30,2034,0,36243
2026-09-30,2036,0,38640
2026-09-30,2037,0,17509
2026-09-30,2038,0,138563
2026-09-30,2039,0,2981009
2026-09-30,2040,0,2121
2026-09-30,2041,0,39072
2026-09-30,2042,0,1701
2026-09-30,2043,0,20
2026-09-30,2044,0,4438
2026-09-30,2045,0,1
2026-09-30,2046,0,12655
2026-09-30,2047,0,2016
2026-09-30,2048,0,40
2026-09-30,2050,0,70
2026-09-30,2053,6300,129500
2026-09-30,2055,300,1389800
2026-09-30,205A,0,178000
2026-09-30,2060,10000,344300
2026-09-30,2065,0,0
2026-09-30,2066,0,0
2026-09-30,2067,0,0
2026-09-30,2068,0,0
2026-09-30,2069,0,15
2026-09-30,206A,0,1004300
2026-09-30,2070,0,0
2026-09-30,2071,0,41
2026-09-30,2072,0,38
2026-09-30,2073,0,2
2026-09-30,2080,133,152331
2026-09-30,2081,12,2738
2026-09-30,2082,0,38
2026-09-30,2083,10,17161
2026-09-30,2084,25,10835
2026-09-30,2085,690,39030
2026-09-30,2086,0,0
2026-09-30,2087,0,0
2026-09-30,2088,0,346
2026-09-30,2089,0,116
2026-09-30,208A,0,98000
2026-09-30,2090,0,10
2026-09-30,2091,0,0
2026-09-30,2092,0,0
2026-09-30,2093,0,20
2026-09-30,2094,0,2692
2026-09-30,2095,0,2900
2026-09-30,2096,0,4248
2026-09-30,2097,0,21704
2026-09-30,2098,0,22538
2026-09-30,2108,87000,1362200
2026-09-30,2109,15900,18500
2026-09-30,210A,11,326158
2026-09-30,2112,2100,465300
2026-09-30,2114,39000,20700
2026-09-30,2117,17000,23900
2026-09-30,211A,0,60000
2026-09-30,2120,367900,3157900
2026-09-30,2121,34800,190800
2026-09-30,2122,0,41900
2026-09-30,2124,31800,139300
2026-09-30,2127,1182300,3345300
2026-09-30,212A,114000,609200
2026-09-30,2130,29000,339300
2026-09-30,2134,0,10866800
2026-09-30,2136,0,69200
2026-09-30,2138,106100,1235300
2026-09-30,2139,1000,70500
2026-09-30,213A,42670,1446860
2026-09-30,2146,1077500,2227900
2026-09-30,2148,0,153400
2026-09-30,2152,0,23200
2026-09-30,2153,100,200300
2026-09-30,2154,24200,43700
2026-09-30,2156,0,186600
2026-09-30,2157,32800,920100
2026-09-30,2158,0,1761800
2026-09-30,215A,180200,4745800
2026-09-30,2160,705800,8318700
2026-09-30,2163,0,175700
2026-09-30,2164,0,137900
2026-09-30,2168,44100,410200
2026-09-30,2169,1500,15500
2026-09-30,2170,1086300,887800
2026-09-30,2173,10100,194500
2026-09-30,2175,55800,102600
2026-09-30,2179,400,243300
2026-09-30,2181,265400,2288100
2026-09-30,2183,0,370400
2026-09-30,2185,0,21800
2026-09-30,2186,0,83000
2026-09-30,218A,0,917400
2026-09-30,2193,663200,1387100
2026-09-30,2195,0,235900
2026-09-30,2198,23200,57000
2026-09-30,219A,506100,1734200
2026-09-30,2201,28400,145700
2026-09-30,2204,4800,7900
2026-09-30,2206,86200,58100
2026-09-30,2207,226500,525900
2026-09-30,2208,0,16300
2026-09-30,2209,2000,11000
2026-09-30,220A,0,172100
2026-09-30,2211,74400,63700
2026-09-30,2212,58900,85000
2026-09-30,2215,0,108900
2026-09-30,2216,38400,113100
2026-09-30,2217,112200,23400
2026-09-30,221A,12880,284280
2026-09-30,2220,35000,75900
2026-09-30,2221,0,13600
2026-09-30,2222,42400,79500
2026-09-30,2224,0,12400
2026-09-30,2226,15200,2700
2026-09-30,2229,36600,34800
2026-09-30,2235,0,4215
2026-09-30,2236,0,145442
2026-09-30,2237,445,122984
2026-09-30,2238,0,631
2026-09-30,2239,0,4212
2026-09-30,223A,49,28008
2026-09-30,2240,0,4153
2026-09-30,2241,3920,24880
2026-09-30,2242,30,1590
2026-09-30,2243,32457,788677
2026-09-30,2244,1928,721529
2026-09-30,2245,0,10
2026-09-30,2247,0,10393
2026-09-30,2248,0,1644
2026-09-30,2249,0,3438
2026-09-30,224A,258,56087
2026-09-30,2250,10,1150
2026-09-30,2251,1230,22630
2026-09-30,2252,0,509
2026-09-30,2253,0,10326
2026-09-30,2254,0,12865
2026-09-30,2255,80,573040
2026-09-30,2256,0,62510
2026-09-30,2257,0,2500
2026-09-30,2258,0,203450
2026-09-30,2259,500,3140
2026-09-30,2264,90700,643400
2026-09-30,2266,71000,112600
2026-09-30,2267,64700,439500
2026-09-30,2268,0,19300
2026-09-30,2269,52900,74300
2026-09-30,2270,7000,110400
2026-09-30,2281,27700,527300
2026-09-30,2282,23500,463400
2026-09-30,2286,6400,220300
2026-09-30,2288,36300,48900
2026-09-30,228A,0,63400
2026-09-30,2291,5200,52400
2026-09-30,2292,3800,64900
2026-09-30,2293,0,3100
2026-09-30,2294,46100,60500
2026-09-30,2296,11000,62200
2026-09-30,2300,0,27400
2026-09-30,2301,67700,115100
2026-09-30,2303,0,95000
2026-09-30,2304,600,76500
2026-09-30,2305,40400,14800
2026-09-30,2307,1000,60800
2026-09-30,2311,0,254800
2026-09-30,2315,1459000,7956500
2026-09-30,2317,223000,918300
2026-09-30,2321,0,2001400
2026-09-30,2323,0,1160500
2026-09-30,2325,17900,83200
2026-09-30,2326,9100,190700
2026-09-30,2327,24300,68700
2026-09-30,2329,0,458900
2026-09-30,2330,0,3548600
2026-09-30,2331,12000,101600
2026-09-30,2332,400,116000
2026-09-30,2334,0,12790800
2026-09-30,2335,21600,43000
2026-09-30,2337,46200,1475300
2026-09-30,2338,0,24600
2026-09-30,233A,0,19046
2026-09-30,2340,0,26200
2026-09-30,2341,0,347900
2026-09-30,2342,0,915500
2026-09-30,2345,0,1413300
2026-09-30,2349,0,35500
2026-09-30,234A,0,1266
2026-09-30,2351,0,186300
2026-09-30,2353,54500,1236400
2026-09-30,2354,10100,1544400
2026-09-30,2359,1500,41800
2026-09-30,235A,1,10371
2026-09-30,236A,1720,15980
2026-09-30,2370,0,9138700
2026-09-30,2371,31700,85600
2026-09-30,2373,0,125100
2026-09-30,2375,0,579600
2026-09-30,2376,0,13500
2026-09-30,2378,181000,70300
2026-09-30,2379,109700,232800
2026-09-30,237A,120,1763510
2026-09-30,2384,17700,455800
2026-09-30,2385,0,1033100
2026-09-30,2388,341300,2247400
2026-09-30,238A,2570,1762710
2026-09-30,2391,0,19700
2026-09-30,2393,100,55600
2026-09-30,2395,14300,728200
2026-09-30,2404,48300,48100
2026-09-30,2408,0,52900
2026-09-30,2410,9500,149500
2026-09-30,2411,200,192000
2026-09-30,2413,825000,2977200
2026-09-30,2415,0,304200
2026-09-30,2418,3700,1195500
2026-09-30,241A,21300,191500
2026-09-30,2424,0,64500
2026-09-30,2425,0,24700
2026-09-30,2428,12900,472400
2026-09-30,2429,1600,161300
2026-09-30,2432,33500,1804400
2026-09-30,2433,80600,41700
2026-09-30,2435,0,290300
2026-09-30,2436,0,354200
2026-09-30,2437,0,2926300
2026-09-30,2438,143600,449000
2026-09-30,2440,571300,1489200
2026-09-30,2445,10500,522700
2026-09-30,2449,0,125000
2026-09-30,244A,0,164700
2026-09-30,2454,0,494300
2026-09-30,2459,0,446800
2026-09-30,245A,0,206400
2026-09-30,2461,116500,624600
2026-09-30,2462,96200,63200
2026-09-30,2464,2600,80500
2026-09-30,2469,0,77000
2026-09-30,246A,0,335100
2026-09-30,2471,20800,1085800
2026-09-30,2475,3100,88200
2026-09-30,2477,18900,27000
2026-09-30,2479,0,544000
2026-09-30,247A,708700,5577700
2026-09-30,2480,0,6600
2026-09-30,2481,0,12800
2026-09-30,2483,0,309400
2026-09-30,2484,1597500,3194000
2026-09-30,2485,10500,544500
2026-09-30,2488,0,175700
2026-09-30,2489,164300,751200
2026-09-30,248A,0,226800
2026-09-30,2491,293700,656000
2026-09-30,2492,831600,1323500
2026-09-30,2493,0,18400
2026-09-30,2497,9900,175700
2026-09-30,2498,0,66000
2026-09-30,2499,0,161500
2026-09-30,2501,346000,308700
2026-09-30,2502,77600,3468800
2026-09-30,2503,79800,491300
2026-09-30,250A,7900,47300
2026-09-30,2510,5160,6580
2026-09-30,2511,0,2940
2026-09-30,2512,1130,5120
2026-09-30,2513,5,99884
2026-09-30,2514,100,884
2026-09-30,2515,253,14420
2026-09-30,2516,749530,1007890
2026-09-30,2517,10,2400
2026-09-30,2518,1,793
2026-09-30,2519,10,2300
2026-09-30,2520,312,18284
2026-09-30,2521,90,67196
2026-09-30,2522,249,15606
2026-09-30,2523,0,50
2026-09-30,2524,0,42
2026-09-30,2525,0,2
2026-09-30,2526,0,3
2026-09-30,2527,16,107
2026-09-30,2528,1361,31356
2026-09-30,2529,10,1043
2026-09-30,2530,0,669
2026-09-30,2531,299600,52100
2026-09-30,2533,23900,522300
2026-09-30,253A,3800,251600
2026-09-30,254A,0,1253700
2026-09-30,2552,0,7726
2026-09-30,2553,0,107460
2026-09-30,2554,10,990
2026-09-30,2555,10,7130
2026-09-30,2556,1000,31260
2026-09-30,2557,10,15030
2026-09-30,2558,4953,825990
2026-09-30,2559,3914,1567226
2026-09-30,255A,1700,212400
2026-09-30,2560,0,0
2026-09-30,2561,4067,10856
2026-09-30,2562,3381,7008
2026-09-30,2563,58020,262560
2026-09-30,2564,3631,6543
2026-09-30,2565,19,1370
2026-09-30,2566,17,1557
2026-09-30,2567,10,180
2026-09-30,2568,631,65520
2026-09-30,2569,2624,12840
2026-09-30,256A,7200,847800
2026-09-30,2573,0,28700
2026-09-30,2579,30200,196500
2026-09-30,257A,0,1270
2026-09-30,2585,31200,1207900
2026-09-30,2586,0,8651000
2026-09-30,2587,29200,101700
2026-09-30,2588,0,50900
2026-09-30,258A,0,702
2026-09-30,2590,62600,33200
2026-09-30,2593,90700,251400
2026-09-30,2594,183800,14000
2026-09-30,2597,0,45100
2026-09-30,2602,5500,54100
2026-09-30,2607,51200,41600
2026-09-30,2612,0,405400
2026-09-30,2613,7400,28000
2026-09-30,261A,0,157500
2026-09-30,2620,0,80750
2026-09-30,2621,2746,1291402
2026-09-30,2622,0,981
2026-09-30,2623,0,2350
2026-09-30,2624,202,9101
2026-09-30,2625,1,652
2026-09-30,2626,29,1010
2026-09-30,2627,1,11
2026-09-30,2628,0,111243
2026-09-30,2629,0,90846
2026-09-30,262A,0,394800
2026-09-30,2630,25,8117
2026-09-30,2631,3205,95691
2026-09-30,2632,364,6575
2026-09-30,2633,13380,435870
2026-09-30,2634,3684,8387
2026-09-30,2636,6,36
2026-09-30,2637,52,5675
2026-09-30,2638,254,71522
2026-09-30,2639,0,2474
2026-09-30,2640,694,22548
2026-09-30,2641,21,1443
2026-09-30,2642,0,2
2026-09-30,2644,34631,795155
2026-09-30,2645,0,6
2026-09-30,2646,221,21941
2026-09-30,2647,0,40
2026-09-30,2648,0,8094
2026-09-30,2649,0,0
2026-09-30,264A,0,767900
2026-09-30,2652,73300,897900
2026-09-30,2653,0,27200
2026-09-30,2654,0,19200
2026-09-30,2656,0,5434900
2026-09-30,2659,13600,21100
2026-09-30,265A,0,172900
2026-09-30,2664,20500,17700
2026-09-30,2666,0,1284700
2026-09-30,2667,320800,2071900
2026-09-30,2668,0,8300
2026-09-30,2669,8700,14800
2026-09-30,2670,13700,83900
2026-09-30,2673,0,691300
2026-09-30,2674,6400,94600
2026-09-30,2676,12700,28900
2026-09-30,2678,255500,606100
2026-09-30,2681,91200,361000
2026-09-30,2683,0,7600
2026-09-30,2685,18100,128000
2026-09-30,2687,200,57000
2026-09-30,2689,200,120800
2026-09-30,268A,1300,1560100
2026-09-30,2693,0,847700
2026-09-30,2694,7700,284200
2026-09-30,2695,922100,240100
2026-09-30,2698,0,16400
2026-09-30,269A,0,55500
2026-09-30,2700,0,62500
2026-09-30,2702,62200,404700
2026-09-30,2705,20800,28700
2026-09-30,2708,0,50000
2026-09-30,2721,0,1449200
2026-09-30,2722,2800,68200
2026-09-30,2726,81900,769100
2026-09-30,2730,35100,41000
2026-09-30,2733,29900,39300
2026-09-30,2734,10600,81800
2026-09-30,2735,2400,369500
2026-09-30,2736,0,19100
2026-09-30,2737,900,132200
2026-09-30,273A,0,190
2026-09-30,2742,2000,34900
2026-09-30,2747,0,9500
2026-09-30,2749,474600,304900
2026-09-30,274A,0,125200
2026-09-30,2750,900,24600
2026-09-30,2751,8700,24500
2026-09-30,2752,521100,135100
2026-09-30,2753,0,55900
2026-09-30,2760,17200,194400
2026-09-30,2762,0,2126400
2026-09-30,2764,0,1064100
2026-09-30,2767,22100,365600
2026-09-30,2768,35600,2639400
2026-09-30,2769,0,71700
2026-09-30,276A,0,221500
2026-09-30,2776,0,2721100
2026-09-30,2778,0,1106400
2026-09-30,277A,0,593400
2026-09-30,2780,1500,473200
2026-09-30,2782,40000,67700
2026-09-30,2784,21900,12300
2026-09-30,2788,0,1257200
2026-09-30,2789,0,39400
2026-09-30,278A,0,2497800
2026-09-30,2790,0,50500
2026-09-30,2791,13200,104400
2026-09-30,2792,75400,131700
2026-09-30,2795,0,29400
2026-09-30,2796,500,23400
2026-09-30,2798,0,9500
2026-09-30,2801,95500,749200
2026-09-30,2802,177800,1295300
2026-09-30,2804,22400,12200
2026-09-30,2805,0,37700
2026-09-30,2806,0,20500
2026-09-30,2809,42200,72100
2026-09-30,280A,0,171900
2026-09-30,2810,40500,64900
2026-09-30,2811,67300,189600
2026-09-30,2813,0,139900
2026-09-30,2814,0,11800
2026-09-30,2815,27000,69500
2026-09-30,2816,2400,2000
2026-09-30,2818,2300,1200
2026-09-30,2819,5700,14700
2026-09-30,281A,0,858900
2026-09-30,2820,100,18200
2026-09-30,282A,16203,429044
2026-09-30,2831,0,4000
2026-09-30,2836,0,26
2026-09-30,2837,47,29362
2026-09-30,2838,0,0
2026-09-30,2839,0,0
2026-09-30,283A,0,1264
2026-09-30,2840,12564,523283
2026-09-30,2841,515,36451
2026-09-30,2842,1736,10397
2026-09-30,2843,0,210
2026-09-30,2844,8,2225
2026-09-30,2845,5352,29591
2026-09-30,2846,436,5044
2026-09-30,2847,0,1086
2026-09-30,2848,0,210
2026-09-30,2849,18,887
2026-09-30,2851,0,3040
2026-09-30,2852,0,20
2026-09-30,2853,0,0
2026-09-30,2854,107,233884
2026-09-30,2855,0,4960
2026-09-30,2856,1030,7220
2026-09-30,2857,10,320
2026-09-30,2858,0,2859
2026-09-30,2859,0,27
2026-09-30,285A,1746000,44305000
2026-09-30,2860,16,1899
2026-09-30,2861,0,54
2026-09-30,2862,0,0
2026-09-30,2864,0,33
2026-09-30,2865,12493,1998621
2026-09-30,2866,30,84670
2026-09-30,2867,0,4285
2026-09-30,2868,0,310044
2026-09-30,2869,5089,708138
2026-09-30,286A,161200,1222100
2026-09-30,2870,17660,215150
2026-09-30,2871,106200,165800
2026-09-30,2872,0,10200
2026-09-30,2874,57100,94500
2026-09-30,2875,17600,66200
2026-09-30,2876,0,153100
2026-09-30,2877,0,4700
2026-09-30,287A,0,2157100
2026-09-30,2882,36600,22200
2026-09-30,2883,0,4900
2026-09-30,2884,143900,1421400
2026-09-30,288A,0,1554800
2026-09-30,2892,0,115100
2026-09-30,2894,0,17600
2026-09-30,2897,225200,392500
2026-09-30,2901,0,706900
2026-09-30,2903,0,8100
2026-09-30,2904,1700,10000
2026-09-30,2907,100,21000
2026-09-30,2908,103000,53200
2026-09-30,290A,0,2641300
2026-09-30,2910,211500,36100
2026-09-30,2911,0,1700
2026-09-30,2914,203100,2009700
2026-09-30,2915,2900,16700
2026-09-30,2916,0,15900
2026-09-30,2917,0,2400
2026-09-30,2918,14100,160000
2026-09-30,291A,0,120900
2026-09-30,2922,13300,5500
2026-09-30,2923,0,12600
2026-09-30,2924,100,253500
2026-09-30,2926,68200,557400
2026-09-30,2927,0,123700
2026-09-30,2929,78600,656400
2026-09-30,2930,1211800,2778300
2026-09-30,2931,2597500,3208400
2026-09-30,2932,0,76900
2026-09-30,2933,147200,37000
2026-09-30,2934,0,113100
2026-09-30,2935,6400,44100
2026-09-30,2936,724800,18431600
2026-09-30,2937,2200,18800
2026-09-30,2938,101500,154300
2026-09-30,294A,0,100
2026-09-30,295A,0,146
2026-09-30,2961,0,5500
2026-09-30,2962,100,399800
2026-09-30,296A,39400,138000
2026-09-30,2970,0,1776400
2026-09-30,2971,36,3824
2026-09-30,2972,0,5626
2026-09-30,2975,54200,666600
2026-09-30,2978,0,282400
2026-09-30,2979,20,2529
2026-09-30,297A,0,315600
2026-09-30,2980,27700,1588500
2026-09-30,2981,0,79900
2026-09-30,2982,66400,2632700
2026-09-30,2983,0,395400
2026-09-30,2984,1500,233700
2026-09-30,2986,38500,2548600
2026-09-30,2989,0,8009
2026-09-30,298A,0,348400
2026-09-30,2991,0,640500
2026-09-30,2993,0,82900
2026-09-30,2997,0,12400
2026-09-30,2998,0,733100
2026-09-30,2999,0,532100
2026-09-30,299A,117600,2954000
2026-09-30,3001,10600,27000
2026-09-30,3002,22700,136000
2026-09-30,3003,81400,877900
2026-09-30,3004,0,116800
2026-09-30,300A,0,68100
2026-09-30,3010,0,711900
2026-09-30,3011,0,102900
2026-09-30,3020,0,116200
2026-09-30,3021,0,174300
2026-09-30,3023,4600,50300
2026-09-30,3024,0,10200
2026-09-30,3028,22700,30600
2026-09-30,302A,0,149100
2026-09-30,3030,0,143600
2026-09-30,3031,491300,365400
2026-09-30,3034,6300,82300
2026-09-30,3035,15700,59700
2026-09-30,3036,40700,324500
2026-09-30,3038,934400,1307500
2026-09-30,303A,0,79900
2026-09-30,3040,600,294900
2026-09-30,3041,22300,33200
2026-09-30,3042,70600,345800
2026-09-30,3045,0,9200
2026-09-30,3046,14100,286200
2026-09-30,3048,122200,123300
2026-09-30,304A,0,42700
2026-09-30,3050,70800,131500
2026-09-30,3053,623800,1298700
2026-09-30,3054,0,129100
2026-09-30,3058,1300,3300
2026-09-30,3059,2100,19800
2026-09-30,3063,123700,24500
2026-09-30,3064,100500,776800
2026-09-30,3065,0,8500
2026-09-30,3067,24300,73500
2026-09-30,3068,0,20200
2026-09-30,3069,8400,1191700
2026-09-30,3070,0,6392900
2026-09-30,3071,0,224800
2026-09-30,3075,0,31500
2026-09-30,3076,8200,107800
2026-09-30,3077,0,542900
2026-09-30,3080,0,32000
2026-09-30,3082,8800,45800
2026-09-30,3083,0,2991900
2026-09-30,3086,188800,203300
2026-09-30,3087,15600,40600
2026-09-30,3088,49800,205100
2026-09-30,3089,14500,115900
2026-09-30,3091,36900,43200
2026-09-30,3092,270700,690700
2026-09-30,3093,16800,551900
2026-09-30,3096,0,3100
2026-09-30,3097,44700,199200
2026-09-30,3099,631600,1444600
2026-09-30,3101,43600,634200
2026-09-30,3103,2785600,7183100
2026-09-30,3104,12700,118200
2026-09-30,3105,118100,263200
2026-09-30,3106,39400,91100
2026-09-30,3107,15100,50700
2026-09-30,3109,2800,165800
2026-09-30,3110,1430900,5367200
2026-09-30,3111,0,204700
2026-09-30,3113,0,2906700
2026-09-30,3116,69300,237800
2026-09-30,3121,63000,1111300
2026-09-30,3123,0,65500
2026-09-30,3131,0,98200
2026-09-30,3132,40800,353200
2026-09-30,3133,0,1488500
2026-09-30,3134,228800,334800
2026-09-30,3135,0,121800
2026-09-30,3137,208300,275400
2026-09-30,3138,0,35900
2026-09-30,3139,3600,61200
2026-09-30,313A,3210,209710
2026-09-30,3140,27200,17100
2026-09-30,3143,200,212300
2026-09-30,3148,16000,29600
2026-09-30,314A,44760,9189100
2026-09-30,3150,5100,109200
2026-09-30,3151,1100,49800
2026-09-30,3153,14000,58200
2026-09-30,3154,59300,46500
2026-09-30,3156,31000,92700
2026-09-30,3157,0,95200
2026-09-30,3159,103100,229600
2026-09-30,315A,211,95396
2026-09-30,3160,29400,54600
2026-09-30,3161,0,338200
2026-09-30,3166,2100,60100
2026-09-30,3167,70200,24300
2026-09-30,3168,120000,380000
2026-09-30,3169,200,48800
2026-09-30,316A,21574,871524
2026-09-30,3172,1600,23900
2026-09-30,3173,0,80900
2026-09-30,3174,0,130100
2026-09-30,3175,0,63300
2026-09-30,3176,67000,528600
2026-09-30,3177,0,59600
2026-09-30,3178,103900,24200
2026-09-30,3179,5300,251200
2026-09-30,3180,26600,310300
2026-09-30,3181,0,296000
2026-09-30,3182,48300,216500
2026-09-30,3183,4200,17600
2026-09-30,3184,0,136900
2026-09-30,3185,0,1205900
2026-09-30,3186,171700,706700
2026-09-30,3187,145000,630500
2026-09-30,3189,0,1501800
2026-09-30,318A,0,4057580
2026-09-30,3190,0,5600
2026-09-30,3191,133000,43700
2026-09-30,3192,0,1217200
2026-09-30,3193,82300,250100
2026-09-30,3195,127300,618100
2026-09-30,3196,123600,138000
2026-09-30,3197,284600,291200
2026-09-30,3199,17500,18900
2026-09-30,319A,0,319900
2026-09-30,3201,36000,24800
2026-09-30,3202,0,649000
2026-09-30,3204,0,236500
2026-09-30,3205,22900,460700
2026-09-30,3221,15700,20700
2026-09-30,3222,53700,196900
2026-09-30,3223,0,157000
2026-09-30,3224,0,23800
2026-09-30,3226,11,686
2026-09-30,3231,61900,4556400
2026-09-30,3232,100500,98300
2026-09-30,3234,89,2264
2026-09-30,3236,0,2655100
2026-09-30,3237,0,5906000
2026-09-30,3238,0,461700
2026-09-30,323A,0,227500
2026-09-30,3241,300,56300
2026-09-30,3242,71700,205800
2026-09-30,3245,100300,1445600
2026-09-30,3246,0,128600
2026-09-30,3248,0,107900
2026-09-30,3249,93,14635
2026-09-30,324A,0,219500
2026-09-30,3252,26400,328700
2026-09-30,325A,328600,1169800
2026-09-30,3261,0,121100
2026-09-30,3266,0,1247900
2026-09-30,3267,0,334200
2026-09-30,3269,175,2058
2026-09-30,3276,3100,107000
2026-09-30,3277,1700,358500
2026-09-30,3279,9,1016
2026-09-30,3280,800,316800
2026-09-30,3281,368,3225
2026-09-30,3282,192,2456
2026-09-30,3283,313,2160
2026-09-30,3284,76800,1353300
2026-09-30,3286,0,21500
2026-09-30,3287,3,1591
2026-09-30,3288,37100,242900
2026-09-30,3289,65300,1045100
2026-09-30,328A,0,40
2026-09-30,3290,6,5216
2026-09-30,3291,31000,174500
2026-09-30,3292,29,6720
2026-09-30,3293,0,174500
2026-09-30,3295,87,1449
2026-09-30,3296,13,2261
2026-09-30,3297,0,23200
2026-09-30,3299,177100,445000
2026-09-30,3300,0,576600
2026-09-30,3302,6200,53200
2026-09-30,3306,0,1008400
2026-09-30,3309,107,19886
2026-09-30,330A,0,272800
2026-09-30,3315,408500,6152400
2026-09-30,3317,0,34100
2026-09-30,331A,0,172500
2026-09-30,3320,1800,59000
2026-09-30,3321,16900,255200
2026-09-30,3323,0,5300800
2026-09-30,3326,0,44100
2026-09-30,3329,15900,23100
2026-09-30,332A,34500,370000
2026-09-30,3333,39800,127000
2026-09-30,3349,24300,236500
2026-09-30,334A,0,138400
2026-09-30,3350,1024400,40707100
2026-09-30,3352,0,22400
2026-09-30,3353,0,32400
2026-09-30,3355,0,155000
2026-09-30,3358,0,1564500
2026-09-30,3359,26600,464300
2026-09-30,335A,81700,332300
2026-09-30,3360,6000,19700
2026-09-30,3361,11900,18400
2026-09-30,336A,8000,2312500
2026-09-30,3370,0,202900
2026-09-30,3371,8200,26200
2026-09-30,3372,0,26500
2026-09-30,3374,7800,125300
2026-09-30,3375,0,26000
2026-09-30,3377,0,291000
2026-09-30,3382,786200,4249500
2026-09-30,3386,1000,103800
2026-09-30,3387,2174600,351200
2026-09-30,3388,4700,111100
2026-09-30,338A,8600,398200
2026-09-30,3391,33300,287400
2026-09-30,3392,0,162300
2026-09-30,3393,13000,98000
2026-09-30,3395,25000,59100
2026-09-30,3396,0,23200
2026-09-30,3397,138900,117400
2026-09-30,3399,38400,217200
2026-09-30,339A,0,288300
2026-09-30,3401,63000,205000
2026-09-30,3402,439300,1564000
2026-09-30,3405,94800,259800
2026-09-30,3407,144600,1173900
2026-09-30,3409,0,1754100
2026-09-30,340A,0,376600
2026-09-30,3415,104300,2205100
2026-09-30,3416,0,79000
2026-09-30,3417,0,950500
2026-09-30,3418,0,59100
2026-09-30,341A,0,360900
2026-09-30,3420,0,61900
2026-09-30,3421,5100,29300
2026-09-30,3422,5900,349100
2026-09-30,3423,3500,214100
2026-09-30,3426,0,19300
2026-09-30,3431,76600,212500
2026-09-30,3433,13800,608400
2026-09-30,3434,0,47600
2026-09-30,3435,0,18200
2026-09-30,3436,845700,3553200
2026-09-30,3437,0,4100
2026-09-30,3439,0,30200
2026-09-30,343A,0,61600
2026-09-30,3440,0,176000
2026-09-30,3441,0,375000
2026-09-30,3443,13500,1231000
2026-09-30,3444,252300,698400
2026-09-30,3445,9000,396500
2026-09-30,3446,61000,144100
2026-09-30,3447,0,111500
2026-09-30,3449,13500,283800
2026-09-30,3451,0,1324
2026-09-30,3452,7900,496300
2026-09-30,3454,400,494200
2026-09-30,3455,138,15032
2026-09-30,3457,235600,883200
2026-09-30,3459,82,4333
2026-09-30,345A,0,427
2026-09-30,3461,0,27400
2026-09-30,3462,104,2585
2026-09-30,3463,4,4161
2026-09-30,3465,39900,339100
2026-09-30,3466,39,1014
2026-09-30,3467,0,56600
2026-09-30,3468,210,6992
2026-09-30,3469,0,236200
2026-09-30,346A,3364,40541
2026-09-30,3470,0,3787
2026-09-30,3471,62,5256
2026-09-30,3472,0,9321
2026-09-30,3474,0,91300
2026-09-30,3475,386800,530000
2026-09-30,3476,36,9261
2026-09-30,3477,0,39900
2026-09-30,3479,138500,263300
2026-09-30,3481,66,3156
2026-09-30,3482,15000,568400
2026-09-30,3484,4600,62900
2026-09-30,3486,12200,314400
2026-09-30,3487,16,1642
2026-09-30,3488,1,7466
2026-09-30,3489,4200,475500
2026-09-30,348A,20,128330
2026-09-30,3490,0,17500
2026-09-30,3491,13200,1447600
2026-09-30,3492,71,25409
2026-09-30,3494,1300,63600
2026-09-30,3495,0,108600
2026-09-30,3496,100,349800
2026-09-30,3498,185400,1129600
2026-09-30,349A,0,1550
2026-09-30,3501,800,47500
2026-09-30,350A,432500,2920200
2026-09-30,3512,0,1993900
2026-09-30,3513,0,441900
2026-09-30,3521,0,368000
2026-09-30,3524,0,92200
2026-09-30,3529,108300,563900
2026-09-30,352A,0,915700
2026-09-30,3536,0,471700
2026-09-30,3537,0,16000
2026-09-30,3538,600,863700
2026-09-30,3539,30600,221800
2026-09-30,3542,26200,118200
2026-09-30,3543,14500,110000
2026-09-30,3544,900,12100
2026-09-30,3547,82500,199700
2026-09-30,3548,203400,259100
2026-09-30,3549,3900,49500
2026-09-30,354A,5,8035
2026-09-30,3550,0,242500
2026-09-30,3551,0,118200
2026-09-30,3553,37600,277300
2026-09-30,3556,300,853200
2026-09-30,3557,0,51400
2026-09-30,3558,0,2279100
2026-09-30,3559,31700,232400
2026-09-30,3560,800,18300
2026-09-30,3561,212400,105200
2026-09-30,3562,0,194100
2026-09-30,3563,280200,1330300
2026-09-30,3565,34500,1319300
2026-09-30,3566,0,219000
2026-09-30,3569,700,108500
2026-09-30,356A,0,4052
2026-09-30,3571,1300,34200
2026-09-30,3577,0,5200
2026-09-30,3580,5300,114000
2026-09-30,3583,0,37100
2026-09-30,3591,46200,115300
2026-09-30,3597,100,9200
2026-09-30,3598,0,248300
2026-09-30,3600,0,2600
2026-09-30,3607,0,288200
2026-09-30,3608,24900,411600
2026-09-30,360A,0,0
2026-09-30,3611,500,607700
2026-09-30,3612,21500,169800
2026-09-30,3622,0,161000
2026-09-30,3623,0,295700
2026-09-30,3624,0,2942400
2026-09-30,3625,0,354900
2026-09-30,3626,28400,169500
2026-09-30,3627,18900,556000
2026-09-30,3628,0,411000
2026-09-30,3632,54500,3626200
2026-09-30,3633,0,114800
2026-09-30,3634,0,147500
2026-09-30,3635,39900,855500
2026-09-30,3636,1400,12800
2026-09-30,3639,17200,473500
2026-09-30,363A,0,888
2026-09-30,3640,300,60800
2026-09-30,3641,0,128000
2026-09-30,3645,3100,379100
2026-09-30,3646,0,48200
2026-09-30,3647,0,634600
2026-09-30,3648,3900,39700
2026-09-30,3649,35600,366800
2026-09-30,364A,0,7696
2026-09-30,3652,0,279800
2026-09-30,3653,121500,644800
2026-09-30,3656,5467600,18036700
2026-09-30,3657,32500,1206200
2026-09-30,3659,27000,653000
2026-09-30,365A,0,134900
2026-09-30,3660,581900,3558100
2026-09-30,3661,32700,1049600
2026-09-30,3662,469000,177800
2026-09-30,3663,103200,887600
2026-09-30,3664,485600,8403900
2026-09-30,3665,312300,978400
2026-09-30,3667,658200,4911800
2026-09-30,3668,137200,666400
2026-09-30,366A,0,344200
2026-09-30,3670,0,3000
2026-09-30,3671,0,1279200
2026-09-30,3672,0,4028700
2026-09-30,3673,38200,2162600
2026-09-30,3674,5200,181600
2026-09-30,3675,6100,1698200
2026-09-30,3676,0,14200
2026-09-30,3678,400,125600
2026-09-30,3679,49900,1025100
2026-09-30,367A,0,127500
2026-09-30,3680,1600,803000
2026-09-30,3682,2200,99500
2026-09-30,3683,200,138100
2026-09-30,3686,200,2858300
2026-09-30,3687,869400,2032100
2026-09-30,368A,0,433300
2026-09-30,3690,27000,47600
2026-09-30,3691,0,402900
2026-09-30,3692,136600,499800
2026-09-30,3694,334100,964500
2026-09-30,3695,0,94200
2026-09-30,3696,66300,570700
2026-09-30,3697,2816900,9164200
2026-09-30,3698,7900,178000
2026-09-30,369A,100,209900
2026-09-30,3708,27100,32700
2026-09-30,3710,15500,33800
2026-09-30,3712,13200,178600
2026-09-30,3719,0,3094500
2026-09-30,3723,0,220700
2026-09-30,3726,0,287300
2026-09-30,3727,0,1264700
2026-09-30,372A,0,77100
2026-09-30,3733,600,19300
2026-09-30,373A,0,265800
2026-09-30,3741,195100,327900
2026-09-30,3744,5300,289100
2026-09-30,3747,173800,655500
2026-09-30,3750,0,1524100
2026-09-30,3753,0,920900
2026-09-30,3758,5400,610000
2026-09-30,3760,100,474600
2026-09-30,3762,26300,238800
2026-09-30,3763,13400,107500
2026-09-30,3765,14900,227600
2026-09-30,3766,0,43100
2026-09-30,3768,300,44000
2026-09-30,3769,14000,124600
2026-09-30,376A,0,0
2026-09-30,3771,8300,158100
2026-09-30,3772,0,23500
2026-09-30,3773,12200,308000
2026-09-30,3774,49900,79900
2026-09-30,3776,1000,2225600
2026-09-30,3777,0,23123500
2026-09-30,3778,439100,1313600
2026-09-30,3779,0,744700
2026-09-30,3787,0,0
2026-09-30,3788,29600,135800
2026-09-30,378A,0,918100
2026-09-30,3791,195200,298100
2026-09-30,3793,141800,1460300
2026-09-30,3796,26100,130900
2026-09-30,3798,0,1321900
2026-09-30,3799,3900,48600
2026-09-30,379A,0,165
2026-09-30,3800,0,5000
2026-09-30,3802,0,16100
2026-09-30,3803,500,197400
2026-09-30,3804,0,123300
2026-09-30,3807,326600,1464300
2026-09-30,380A,0,63373
2026-09-30,3810,0,13183500
2026-09-30,3815,0,28000
2026-09-30,3816,0,69300
2026-09-30,3817,1100,51500
2026-09-30,381A,0,0
2026-09-30,3823,0,13387600
2026-09-30,3825,0,3952000
2026-09-30,3826,700,228000
2026-09-30,382A,0,1
2026-09-30,3834,10300,77400
2026-09-30,3835,79400,748900
2026-09-30,3836,51900,249900
2026-09-30,3837,15700,245600
2026-09-30,3839,2800,4400
2026-09-30,383A,0,1526
2026-09-30,3840,0,1385200
2026-09-30,3841,0,78300
2026-09-30,3842,0,72200
2026-09-30,3843,31100,613100
2026-09-30,3844,72200,466700
2026-09-30,3845,0,1940600
2026-09-30,3848,3500,22400
2026-09-30,3850,0,49700
2026-09-30,3851,46700,520400
2026-09-30,3853,435900,1700600
2026-09-30,3854,0,210500
2026-09-30,3858,0,752200
2026-09-30,3861,143300,1507600
2026-09-30,3863,89500,329800
2026-09-30,3864,91800,1525100
2026-09-30,3865,25700,83400
2026-09-30,386A,0,72300
2026-09-30,3877,1400,147300
2026-09-30,3878,17700,266900
2026-09-30,387A,0,57400
2026-09-30,3880,93700,118200
2026-09-30,3891,8600,167700
2026-09-30,3892,1300,12700
2026-09-30,3895,0,268100
2026-09-30,3896,0,130300
2026-09-30,3900,237200,2410700
2026-09-30,3901,3900,356200
2026-09-30,3903,1116900,3950000
2026-09-30,3904,0,301200
2026-09-30,3905,1854200,9866400
2026-09-30,3907,0,320900
2026-09-30,3908,0,103000
2026-09-30,3909,0,368000
2026-09-30,3910,0,195200
2026-09-30,3911,0,4149500
2026-09-30,3912,2700,63500
2026-09-30,3913,0,292800
2026-09-30,3914,100,195400
2026-09-30,3915,53000,543100
2026-09-30,3916,6500,167600
2026-09-30,3917,8500,258500
2026-09-30,3918,0,154900
2026-09-30,3920,11200,71500
2026-09-30,3921,4300,36100
2026-09-30,3922,20500,189000
2026-09-30,3923,183900,1433500
2026-09-30,3925,0,403400
2026-09-30,3926,0,316800
2026-09-30,3927,0,847400
2026-09-30,3928,30400,875700
2026-09-30,3929,0,816800
2026-09-30,392A,0,1414480
2026-09-30,3930,0,156400
2026-09-30,3931,0,16200
2026-09-30,3932,55000,379800
2026-09-30,3933,800,100200
2026-09-30,3934,0,42700
2026-09-30,3935,0,397400
2026-09-30,3936,0,4123700
2026-09-30,3937,2400,500400
2026-09-30,3939,28000,491400
2026-09-30,3940,18400,834600
2026-09-30,3941,15800,814600
2026-09-30,3943,0,19200
2026-09-30,3944,0,12400
2026-09-30,3945,0,46400
2026-09-30,3946,8300,85700
2026-09-30,3947,0,28400
2026-09-30,3948,0,11100
2026-09-30,394A,0,110
2026-09-30,3950,49800,15000
2026-09-30,3951,0,66600
2026-09-30,3953,0,41700
2026-09-30,3954,0,359600
2026-09-30,3955,1900,75900
2026-09-30,3958,0,119000
2026-09-30,395A,0,198320
2026-09-30,3962,58200,1191000
2026-09-30,3963,62300,506000
2026-09-30,3964,154600,431500
2026-09-30,3965,0,197500
2026-09-30,3967,0,178900
2026-09-30,3968,7200,768300
2026-09-30,3969,0,80500
2026-09-30,396A,0,20
2026-09-30,3970,0,111300
2026-09-30,3974,0,35700
2026-09-30,3976,0,239600
2026-09-30,3979,0,180800
2026-09-30,3981,0,488600
2026-09-30,3983,7100,87400
2026-09-30,3984,50300,310200
2026-09-30,3985,0,185500
2026-09-30,3986,0,94100
2026-09-30,3987,19100,60200
2026-09-30,3988,0,91700
2026-09-30,3989,0,314700
2026-09-30,3991,0,65400
2026-09-30,3992,198300,458400
2026-09-30,3993,229500,1590200
2026-09-30,3994,728700,131400
2026-09-30,3996,215400,545900
2026-09-30,3997,354900,1849500
2026-09-30,3998,7900,246400
2026-09-30,399A,0,58606
2026-09-30,4004,47600,746400
2026-09-30,4005,346800,10252800
2026-09-30,4008,10300,252000
2026-09-30,4011,100,214100
2026-09-30,4012,0,99400
2026-09-30,4013,6300,298800
2026-09-30,4014,0,427100
2026-09-30,4015,0,430000
2026-09-30,4016,0,103500
2026-09-30,4017,0,451800
2026-09-30,4019,1500,468400
2026-09-30,401A,0,4153
2026-09-30,4020,0,93500
2026-09-30,4021,36300,55200
2026-09-30,4022,170000,3025600
2026-09-30,4023,222000,499600
2026-09-30,4025,2500,17700
2026-09-30,4026,23500,374700
2026-09-30,4027,24800,2177100
2026-09-30,4028,2700,520300
2026-09-30,402A,14500,7060100
2026-09-30,4031,4100,175700
2026-09-30,4040,0,67200
2026-09-30,4041,11500,72600
2026-09-30,4042,103300,1068500
2026-09-30,4043,18200,1440900
2026-09-30,4044,11300,54500
2026-09-30,4045,83800,204600
2026-09-30,4046,21900,133400
2026-09-30,4047,38800,1049600
2026-09-30,404A,0,46250
2026-09-30,4051,800,201000
2026-09-30,4052,37800,631000
2026-09-30,4053,418900,976700
2026-09-30,4054,9000,140900
2026-09-30,4055,167300,406900
2026-09-30,4056,0,1221300
2026-09-30,4057,0,108100
2026-09-30,4058,6200,106400
2026-09-30,4059,0,84800
2026-09-30,4060,6300,588100
2026-09-30,4061,40000,461000
2026-09-30,4062,1202300,4021800
2026-09-30,4063,203900,3872100
2026-09-30,4064,8900,117000
2026-09-30,4068,0,17700
2026-09-30,4069,0,192400
2026-09-30,4071,95500,240900
2026-09-30,4072,2200,133700
2026-09-30,4073,21900,198700
2026-09-30,4074,51500,54900
2026-09-30,4075,0,312700
2026-09-30,4076,0,85400
2026-09-30,4078,16100,486900
2026-09-30,407A,0,232000
2026-09-30,4082,469700,980500
2026-09-30,4088,446500,687200
2026-09-30,408A,0,2365120
2026-09-30,4091,31000,161200
2026-09-30,4092,51200,230600
2026-09-30,4093,0,214000
2026-09-30,4094,0,645100
2026-09-30,4095,50600,960900
2026-09-30,4097,379200,37000
2026-09-30,4098,0,133200
2026-09-30,4099,62700,488300
2026-09-30,409A,223100,710600
2026-09-30,4100,61800,117500
2026-09-30,4102,0,4700
2026-09-30,4107,100,1285300
2026-09-30,4109,28300,199000
2026-09-30,410A,0,166000
2026-09-30,4112,9000,2576400
2026-09-30,4113,0,603200
2026-09-30,4114,52300,469500
2026-09-30,4116,1100,219700
2026-09-30,4118,6600,205300
2026-09-30,4119,0,60700
2026-09-30,4120,0,33900
2026-09-30,4124,0,1900
2026-09-30,4125,0,88200
2026-09-30,412A,0,144849
2026-09-30,413A,0,39502
2026-09-30,414A,2600,472800
2026-09-30,4151,21800,527200
2026-09-30,415A,0,33700
2026-09-30,4165,767400,2470500
2026-09-30,4166,0,117800
2026-09-30,4167,50200,335800
2026-09-30,4168,90000,1018200
2026-09-30,4169,655900,3870500
2026-09-30,416A,7900,127900
2026-09-30,4170,477000,1877200
2026-09-30,4172,0,20200
2026-09-30,4174,0,218700
2026-09-30,4175,0,144700
2026-09-30,4176,58800,1429600
2026-09-30,4177,0,43800
2026-09-30,4178,0,143600
2026-09-30,4179,0,756400
2026-09-30,417A,12600,82600
2026-09-30,4180,36200,1990400
2026-09-30,4182,11100,721600
2026-09-30,4183,36700,665500
2026-09-30,4186,32300,548300
2026-09-30,4187,9900,467100
2026-09-30,4188,84500,1485600
2026-09-30,4189,24700,329200
2026-09-30,4192,536200,909400
2026-09-30,4193,0,27500
2026-09-30,4194,18000,84500
2026-09-30,4196,0,126900
2026-09-30,4197,0,22000
2026-09-30,4198,0,131900
2026-09-30,4199,0,225300
2026-09-30,4202,78300,671500
2026-09-30,4203,26900,277500
2026-09-30,4204,258300,1243000
2026-09-30,4205,72700,397900
2026-09-30,4206,21100,43600
2026-09-30,4208,36500,836000
2026-09-30,4212,12100,26700
2026-09-30,4216,13400,250200
2026-09-30,4218,21300,5400
2026-09-30,421A,0,289500
2026-09-30,4220,17900,69300
2026-09-30,4221,27800,54200
2026-09-30,4222,0,2314600
2026-09-30,4224,0,139100
2026-09-30,4228,41100,550800
2026-09-30,4229,15100,750200
2026-09-30,4231,800,100100
2026-09-30,4234,0,174400
2026-09-30,4235,0,442200
2026-09-30,4237,148600,368500
2026-09-30,4238,0,327400
2026-09-30,423A,0,276700
2026-09-30,4240,0,304400
2026-09-30,4241,0,240200
2026-09-30,4242,600,37500
2026-09-30,4243,0,59600
2026-09-30,4245,4600,166800
2026-09-30,4246,37900,858700
2026-09-30,4247,0,5200
2026-09-30,4248,300,194400
2026-09-30,4249,2100,39300
2026-09-30,424A,0,555590
2026-09-30,4251,49200,320100
2026-09-30,4255,0,184800
2026-09-30,4256,0,61600
2026-09-30,4258,76500,56000
2026-09-30,4259,7000,6198600
2026-09-30,425A,0,1463500
2026-09-30,4260,0,230400
2026-09-30,4261,0,51800
2026-09-30,4262,1400,36200
2026-09-30,4263,266300,1530400
2026-09-30,4264,0,129500
2026-09-30,4265,0,629500
2026-09-30,426A,0,4236
2026-09-30,4270,0,119600
2026-09-30,4272,23700,151900
2026-09-30,4274,0,213500
2026-09-30,4275,74200,507200
2026-09-30,4284,0,257800
2026-09-30,4286,14900,43900
2026-09-30,4287,0,136700
2026-09-30,4288,71300,284200
2026-09-30,428A,0,321900
2026-09-30,4290,327900,327300
2026-09-30,4293,41000,1493000
2026-09-30,4299,0,23900
2026-09-30,429A,24300,1198200
2026-09-30,4301,4000,372600
2026-09-30,4307,32000,719800
2026-09-30,4308,0,506200
2026-09-30,4310,5800,169100
2026-09-30,4316,0,0
2026-09-30,4317,0,499100
2026-09-30,4318,35300,83400
2026-09-30,431A,0,314400
2026-09-30,4320,0,194000
2026-09-30,4323,17400,63800
2026-09-30,4324,578000,213600
2026-09-30,4326,27500,21300
2026-09-30,4331,78100,1239100
2026-09-30,4334,0,134200
2026-09-30,4335,0,33200
2026-09-30,4337,42400,110700
2026-09-30,4341,0,36700
2026-09-30,4343,20000,110100
2026-09-30,4344,1827500,6948200
2026-09-30,4345,61900,144400
2026-09-30,4346,4700,929700
2026-09-30,4347,0,282000
2026-09-30,4350,0,171500
2026-09-30,4351,0,65300
2026-09-30,4356,0,43500
2026-09-30,435A,11699,269045
2026-09-30,4360,0,127700
2026-09-30,4361,0,83400
2026-09-30,4362,900,19900
2026-09-30,4365,0,8700
2026-09-30,4366,0,803200
2026-09-30,4368,18100,1163300
2026-09-30,4369,8400,1257600
2026-09-30,436A,0,148500
2026-09-30,4370,0,297300
2026-09-30,4371,17400,91900
2026-09-30,4372,0,89900
2026-09-30,4373,142700,264900
2026-09-30,4374,0,136400
2026-09-30,4375,332400,929700
2026-09-30,4376,2700,1205700
2026-09-30,4377,22000,373600
2026-09-30,4378,0,128100
2026-09-30,4379,0,579000
2026-09-30,4380,0,196400
2026-09-30,4381,0,226400
2026-09-30,4382,334900,457600
2026-09-30,4385,117900,1496800
2026-09-30,4386,1000,92300
2026-09-30,4387,0,102600
2026-09-30,4388,5000,321000
2026-09-30,4389,0,76800
2026-09-30,438A,0,588100
2026-09-30,4390,19800,588100
2026-09-30,4391,0,155600
2026-09-30,4392,616500,3660900
2026-09-30,4393,54800,303900
2026-09-30,4394,0,118600
2026-09-30,4395,0,673300
2026-09-30,4396,6200,150700
2026-09-30,4397,4600,425900
2026-09-30,4398,0,62000
2026-09-30,4401,14700,181500
2026-09-30,4403,8300,344800
2026-09-30,4404,0,995000
2026-09-30,4406,46400,1661200
2026-09-30,4409,0,63300
2026-09-30,4410,3600,147700
2026-09-30,4412,0,371400
2026-09-30,4413,0,52600
2026-09-30,4414,0,140500
2026-09-30,4415,0,266800
2026-09-30,4416,0,183700
2026-09-30,4417,0,82700
2026-09-30,4418,167500,733800
2026-09-30,4419,0,2746100
2026-09-30,441A,11100,243400
2026-09-30,4420,4200,1256600
2026-09-30,4421,0,26700
2026-09-30,4422,0,427900
2026-09-30,4424,72600,318400
2026-09-30,4425,252500,653200
2026-09-30,4427,0,456500
2026-09-30,4428,0,145200
2026-09-30,4429,700,78200
2026-09-30,442A,0,93900
2026-09-30,4430,0,113400
2026-09-30,4431,68400,200400
2026-09-30,4432,12400,234000
2026-09-30,4433,11800,106200
2026-09-30,4434,17200,133500
2026-09-30,4436,47200,840300
2026-09-30,4437,0,337500
2026-09-30,4438,0,293000
2026-09-30,4439,300,120100
2026-09-30,443A,0,10
2026-09-30,4440,32000,240600
2026-09-30,4441,0,24400
2026-09-30,4442,24600,469500
2026-09-30,4443,137300,605100
2026-09-30,4444,0,18300
2026-09-30,4445,0,12400
2026-09-30,4446,290000,996000
2026-09-30,4447,20400,59700
2026-09-30,4448,79800,638400
2026-09-30,4450,0,67000
2026-09-30,4452,141700,313400
2026-09-30,4461,17500,617500
2026-09-30,4462,64900,57200
2026-09-30,4463,100,113600
2026-09-30,4464,0,1500
2026-09-30,4465,6100,35100
2026-09-30,446A,36800,1197600
2026-09-30,4471,60700,136500
2026-09-30,4475,295200,973000
2026-09-30,4476,0,289300
2026-09-30,4477,23600,23095400
2026-09-30,4478,245900,294000
2026-09-30,4479,0,560600
2026-09-30,447A,0,456880
2026-09-30,4480,134000,410900
2026-09-30,4481,30900,175200
2026-09-30,4482,4500,78700
2026-09-30,4483,72700,176900
2026-09-30,4484,0,326200
2026-09-30,4486,1100,119100
2026-09-30,4487,0,331300
2026-09-30,4488,0,161300
2026-09-30,448A,0,104360
2026-09-30,4490,0,359300
2026-09-30,4491,0,7600
2026-09-30,4492,0,598900
2026-09-30,4493,126400,433300
2026-09-30,4495,1000,92100
2026-09-30,4496,0,31700
2026-09-30,4498,9300,354700
2026-09-30,4499,181700,642200
2026-09-30,449A,0,95450
2026-09-30,4502,637700,563900
2026-09-30,4503,452800,754000
2026-09-30,4506,259700,5570800
2026-09-30,4507,109200,630700
2026-09-30,450A,0,1010
2026-09-30,4512,126800,549100
2026-09-30,4516,50800,189400
2026-09-30,4519,41000,2016200
2026-09-30,451A,0,5620
2026-09-30,4521,17900,130900
2026-09-30,4523,69900,928300
2026-09-30,4524,0,7200
2026-09-30,4526,19300,27800
2026-09-30,4527,23300,199600
2026-09-30,4528,27500,383600
2026-09-30,452A,0,2508990
2026-09-30,4531,6900,556700
2026-09-30,4534,1000,39700
2026-09-30,4536,18300,138200
2026-09-30,4538,3300,34000
2026-09-30,4539,0,183100
2026-09-30,453A,0,354100
2026-09-30,4540,36300,274200
2026-09-30,4543,119500,707300
2026-09-30,4544,15800,39800
2026-09-30,4547,20900,31900
2026-09-30,4548,323000,2284200
2026-09-30,4549,26800,305700
2026-09-30,4552,754100,2123400
2026-09-30,4553,33100,163200
2026-09-30,4554,11400,282700
2026-09-30,4558,0,462700
2026-09-30,4559,26400,145000
2026-09-30,4563,0,18011300
2026-09-30,4564,3530500,16720200
2026-09-30,4565,85000,8277400
2026-09-30,4568,130000,4033100
2026-09-30,4569,38600,192200
2026-09-30,456A,454200,1104800
2026-09-30,4570,0,541400
2026-09-30,4571,0,6462900
2026-09-30,4572,0,2299800
2026-09-30,4574,582000,650100
2026-09-30,4575,0,1060500
2026-09-30,4576,0,4445400
2026-09-30,4577,5500,43700
2026-09-30,4578,11300,91000
2026-09-30,4579,400,1734900
2026-09-30,4582,0,4992800
2026-09-30,4583,0,6388900
2026-09-30,4584,0,3034400
2026-09-30,4586,0,8415400
2026-09-30,4587,94200,2422200
2026-09-30,4588,600,3400300
2026-09-30,4591,0,8424900
2026-09-30,4592,0,4922600
2026-09-30,4593,2208500,9192600
2026-09-30,4594,0,13551300
2026-09-30,4595,0,624300
2026-09-30,4596,0,4203500
2026-09-30,4597,5186500,18704100
2026-09-30,4598,0,3574800
2026-09-30,4599,0,4305400
2026-09-30,459A,0,162
2026-09-30,460A,0,196800
2026-09-30,4611,11500,99200
2026-09-30,4612,130100,227900
2026-09-30,4613,102300,119000
2026-09-30,4615,0,843900
2026-09-30,4616,0,60300
2026-09-30,4617,13200,220400
2026-09-30,4619,1800,205800
2026-09-30,461A,0,719
2026-09-30,4620,19400,4059500
2026-09-30,4623,0,75300
2026-09-30,4624,0,91200
2026-09-30,4625,0,60100
2026-09-30,4626,44300,85500
2026-09-30,4627,0,63700
2026-09-30,4628,0,23700
2026-09-30,4629,0,77400
2026-09-30,462A,0,1237100
2026-09-30,4631,6900,551100
2026-09-30,4633,22400,71900
2026-09-30,4634,7600,30400
2026-09-30,4635,0,83600
2026-09-30,463A,8500,260400
2026-09-30,4641,5300,91400
2026-09-30,4642,0,34800
2026-09-30,4644,2100,762500
2026-09-30,4645,0,9900
2026-09-30,464A,99700,3597400
2026-09-30,4650,0,113700
2026-09-30,4651,118000,2866200
2026-09-30,4657,0,255000
2026-09-30,4658,21700,52400
2026-09-30,465A,0,9657
2026-09-30,4661,2554100,2516900
2026-09-30,4662,0,104500
2026-09-30,4664,0,319700
2026-09-30,4665,27300,23200
2026-09-30,4666,484400,1049400
2026-09-30,4667,0,1048300
2026-09-30,4668,98200,33600
2026-09-30,466A,0,187846
2026-09-30,4671,3000,22300
2026-09-30,4673,0,62600
2026-09-30,4674,8700,43400
2026-09-30,4676,104100,237300
2026-09-30,4678,2600,33700
2026-09-30,4679,2000,78300
2026-09-30,467A,0,300
2026-09-30,4680,212200,1600400
2026-09-30,4681,45900,95600
2026-09-30,4684,32800,188000
2026-09-30,4685,0,87000
2026-09-30,4686,26100,247800
2026-09-30,4687,10600,96600
2026-09-30,4689,797100,6190100
2026-09-30,468A,0,0
2026-09-30,4691,0,656600
2026-09-30,4694,6400,7100
2026-09-30,469A,0,101700
2026-09-30,4704,61200,437000
2026-09-30,4705,0,15600
2026-09-30,4707,0,99700
2026-09-30,4709,4700,185300
2026-09-30,4712,0,180400
2026-09-30,4714,107600,1458600
2026-09-30,4716,12000,195300
2026-09-30,4718,22300,27000
2026-09-30,4719,2100,44700
2026-09-30,471A,0,614600
2026-09-30,4720,0,28100
2026-09-30,4722,3800,66100
2026-09-30,4725,3300,192300
2026-09-30,4728,0,129300
2026-09-30,472A,0,2077000
2026-09-30,4732,76200,178100
2026-09-30,4733,6600,18500
2026-09-30,4735,0,82900
2026-09-30,4736,0,179900
2026-09-30,473A,0,2528
2026-09-30,4743,5700,184000
2026-09-30,4746,147800,273500
2026-09-30,4750,1400,50300
2026-09-30,4751,101600,5595500
2026-09-30,4752,0,28100
2026-09-30,4754,0,5700
2026-09-30,4755,1438300,36127500
2026-09-30,475A,0,167100
2026-09-30,4760,0,25600
2026-09-30,4761,0,61400
2026-09-30,4762,0,14000
2026-09-30,4763,3200,107600
2026-09-30,4765,14700,479100
2026-09-30,4766,0,124600
2026-09-30,4767,6500,244100
2026-09-30,4768,32000,26800
2026-09-30,4769,0,900
2026-09-30,476A,0,72600
2026-09-30,4771,500,99000
2026-09-30,4772,0,2432400
2026-09-30,4776,266100,720600
2026-09-30,4777,0,776500
2026-09-30,477A,0,666900
2026-09-30,4783,1700,63600
2026-09-30,4784,0,5432800
2026-09-30,478A,0,599100
2026-09-30,4792,4200,86600
2026-09-30,479A,500,585400
2026-09-30,4801,21600,7900
2026-09-30,4809,0,49000
2026-09-30,480A,0,398800
2026-09-30,4811,0,107800
2026-09-30,4812,246200,243800
2026-09-30,4813,566400,3056900
2026-09-30,4814,0,805500
2026-09-30,4816,16600,178600
2026-09-30,4819,43600,424100
2026-09-30,4820,29500,265700
2026-09-30,4825,62800,371800
2026-09-30,4826,23300,417300
2026-09-30,4828,20900,409500
2026-09-30,4829,118300,878100
2026-09-30,4832,0,60700
2026-09-30,4833,1000,7973000
2026-09-30,4838,0,478200
2026-09-30,4839,71100,487500
2026-09-30,483A,0,47900
2026-09-30,4840,0,349100
2026-09-30,4845,4700,363600
2026-09-30,4847,98200,331300
2026-09-30,4848,21600,174700
2026-09-30,4849,86100,83300
2026-09-30,485A,6100,7503500
2026-09-30,486A,0,6442
2026-09-30,487A,0,4415
2026-09-30,4880,235600,473600
2026-09-30,4881,0,3567900
2026-09-30,4882,0,1616700
2026-09-30,4883,0,10676000
2026-09-30,4884,0,1038300
2026-09-30,4885,1600,186800
2026-09-30,4886,700,92300
2026-09-30,4887,87200,394500
2026-09-30,4888,0,2064300
2026-09-30,4889,0,1356000
2026-09-30,488A,0,31750
2026-09-30,4890,0,656600
2026-09-30,4891,0,4029600
2026-09-30,4892,0,800500
2026-09-30,4893,358900,1078700
2026-09-30,4894,5400,550000
2026-09-30,4896,0,255800
2026-09-30,489A,0,38
2026-09-30,4901,32800,2297100
2026-09-30,4902,299000,1019400
2026-09-30,4911,341000,636700
2026-09-30,4912,26800,93900
2026-09-30,4914,52300,193400
2026-09-30,4918,0,174500
2026-09-30,4919,11900,54200
2026-09-30,491A,0,400
2026-09-30,4920,0,47000
2026-09-30,4922,276600,187600
2026-09-30,4923,58300,6300
2026-09-30,4925,0,17400
2026-09-30,4926,100,8200
2026-09-30,4927,519500,196500
2026-09-30,4928,20000,57900
2026-09-30,4929,2400,12600
2026-09-30,492A,0,130
2026-09-30,4931,15200,30000
2026-09-30,4932,0,184600
2026-09-30,4933,77200,122300
2026-09-30,4934,0,245900
2026-09-30,4935,100,4273500
2026-09-30,4936,106800,326500
2026-09-30,4937,0,168700
2026-09-30,493A,0,0
2026-09-30,494A,0,0
2026-09-30,4951,15900,18700
2026-09-30,4956,25000,18900
2026-09-30,4958,49200,18400
2026-09-30,495A,0,0
2026-09-30,4960,0,536000
2026-09-30,4966,0,22100
2026-09-30,4967,98600,106400
2026-09-30,4968,10700,359900
2026-09-30,496A,0,107220
2026-09-30,4970,800,348700
2026-09-30,4971,11300,556400
2026-09-30,4972,0,185100
2026-09-30,4973,0,159900
2026-09-30,4975,12600,154300
2026-09-30,4976,0,6900
2026-09-30,4977,1100,236700
2026-09-30,4978,0,4138100
2026-09-30,4979,2000,41400
2026-09-30,497A,0,297
2026-09-30,4980,49300,1835500
2026-09-30,4985,10200,37200
2026-09-30,498A,0,166
2026-09-30,4990,0,22200
2026-09-30,4992,12000,122100
2026-09-30,4994,2300,12500
2026-09-30,4996,166700,895400
2026-09-30,4997,43500,176000
2026-09-30,4998,26000,100800
2026-09-30,499A,0,1342
2026-09-30,500A,0,66700
2026-09-30,5010,0,1387600
2026-09-30,5011,28700,59200
2026-09-30,5013,23700,57700
2026-09-30,5015,0,49000
2026-09-30,5016,786800,23559700
2026-09-30,5018,7200,98500
2026-09-30,5019,210500,843800
2026-09-30,5020,179000,2096100
2026-09-30,5021,38400,137900
2026-09-30,5025,0,22300
2026-09-30,5026,0,162300
2026-09-30,5027,32300,1431000
2026-09-30,5028,0,369400
2026-09-30,5029,0,159300
2026-09-30,502A,0,210
2026-09-30,5031,0,1108500
2026-09-30,5032,61400,931700
2026-09-30,5033,75100,303400
2026-09-30,5034,0,152800
2026-09-30,5035,0,203200
2026-09-30,5036,22100,121800
2026-09-30,5038,0,149100
2026-09-30,504A,0,216800
2026-09-30,505A,0,111100
2026-09-30,5071,11600,246800
2026-09-30,5074,597500,3381100
2026-09-30,5076,582200,2865200
2026-09-30,5078,0,4700
2026-09-30,5079,0,86700
2026-09-30,509A,0,1473
2026-09-30,5101,35600,532600
2026-09-30,5105,25000,375600
2026-09-30,5108,487200,620000
2026-09-30,5110,22900,1473400
2026-09-30,5121,26900,74700
2026-09-30,5122,5300,4600
2026-09-30,5125,0,77900
2026-09-30,5126,0,14800
2026-09-30,5129,650200,802600
2026-09-30,512A,0,3419
2026-09-30,5131,778900,1760900
2026-09-30,5132,114000,510100
2026-09-30,5133,0,776200
2026-09-30,5134,0,32600
2026-09-30,5136,100,460800
2026-09-30,5137,747400,1675300
2026-09-30,5138,0,108500
2026-09-30,5139,100,73800
2026-09-30,513A,4973,668472
2026-09-30,5142,38400,463800
2026-09-30,515A,0,1580
2026-09-30,5161,0,170700
2026-09-30,5162,136600,200500
2026-09-30,516A,0,952
2026-09-30,517A,0,156
2026-09-30,5184,4000,71100
2026-09-30,5185,14500,124700
2026-09-30,5186,14800,329500
2026-09-30,5187,0,67700
2026-09-30,5189,0,44000
2026-09-30,518A,0,1019
2026-09-30,5192,50000,37300
2026-09-30,5194,0,310700
2026-09-30,5195,18700,17900
2026-09-30,5199,0,24100
2026-09-30,519A,0,94200
2026-09-30,5201,21300,899900
2026-09-30,5204,400,69500
2026-09-30,5208,57100,459700
2026-09-30,520A,0,1387100
2026-09-30,5210,32200,187300
2026-09-30,5214,28100,292000
2026-09-30,5216,0,1444500
2026-09-30,5218,28000,149400
2026-09-30,521A,2171,1583482
2026-09-30,5232,75700,552800
2026-09-30,5233,34800,495500
2026-09-30,5237,0,265300
2026-09-30,523A,129400,439400
2026-09-30,5240,179700,1178200
2026-09-30,5242,0,218500
2026-09-30,5243,400,958000
2026-09-30,5244,2300,2018700
2026-09-30,5246,253600,2474300
2026-09-30,5247,0,128200
2026-09-30,5248,0,2277200
2026-09-30,5250,0,59100
2026-09-30,5252,200,435300
2026-09-30,5253,1033100,3045100
2026-09-30,5254,100,89100
2026-09-30,5255,0,3895200
2026-09-30,5256,0,63000
2026-09-30,5257,0,56800
2026-09-30,5258,57300,2590600
2026-09-30,5261,2700,17300
2026-09-30,5262,677600,1102200
2026-09-30,5268,0,473900
2026-09-30,5269,24900,431600
2026-09-30,526A,0,1040
2026-09-30,5271,0,12200
2026-09-30,5273,3900,7800
2026-09-30,5279,0,32800
2026-09-30,5280,0,404700
2026-09-30,5282,0,1260500
2026-09-30,5283,0,90400
2026-09-30,5284,0,100300
2026-09-30,5285,1500,329300
2026-09-30,5287,0,166200
2026-09-30,5288,200,1048200
2026-09-30,5290,86600,165900
2026-09-30,5301,283700,644700
2026-09-30,5302,4400,40300
2026-09-30,5304,2400,209700
2026-09-30,530A,0,1002
2026-09-30,5310,43100,92600
2026-09-30,531A,0,2
2026-09-30,532A,0,430
2026-09-30,5331,72100,130600
2026-09-30,5332,61400,730500
2026-09-30,5333,26100,414000
2026-09-30,5334,109700,1281700
2026-09-30,5337,0,26400
2026-09-30,533A,0,359
2026-09-30,5341,0,749300
2026-09-30,5344,3400,59900
2026-09-30,534A,0,579
2026-09-30,5351,1000,189600
2026-09-30,5355,0,452900
2026-09-30,5356,800,65100
2026-09-30,5357,3900,98100
2026-09-30,535A,0,0
2026-09-30,5363,3500,680200
2026-09-30,5367,287200,593400
2026-09-30,5368,0,78400
2026-09-30,536A,0,0
2026-09-30,537A,0,511
2026-09-30,5380,0,32200
2026-09-30,5381,61600,614200
2026-09-30,5384,12900,170400
2026-09-30,5388,1200,52400
2026-09-30,538A,0,793
2026-09-30,5391,1300,238900
2026-09-30,5393,16100,126300
2026-09-30,539A,0,200
2026-09-30,5401,2244900,38895800
2026-09-30,5406,290800,1602400
2026-09-30,5408,43400,930800
2026-09-30,540A,0,118289
2026-09-30,5410,51200,290100
2026-09-30,5411,1223200,5054700
2026-09-30,541A,0,1150
2026-09-30,5423,66200,188800
2026-09-30,542A,0,67100
2026-09-30,543A,516300,23871400
2026-09-30,5440,2600,141700
2026-09-30,5444,11000,38100
2026-09-30,5445,5800,156500
2026-09-30,5446,0,43300
2026-09-30,5449,180000,1739600
2026-09-30,544A,218300,1194900
2026-09-30,5451,194600,119700
2026-09-30,5458,0,75100
2026-09-30,545A,2000,27800
2026-09-30,5461,67900,164800
2026-09-30,5463,33700,107900
2026-09-30,5464,9900,152700
2026-09-30,546A,12200,598200
2026-09-30,5471,61500,522400
2026-09-30,547A,122400,16624000
2026-09-30,5480,23000,129600
2026-09-30,5482,17100,126300
2026-09-30,5484,0,600
2026-09-30,548A,0,124900
2026-09-30,5491,2200,905600
2026-09-30,549A,0,271900
2026-09-30,550A,0,51600
2026-09-30,5527,0,168400
2026-09-30,552A,0,14416
2026-09-30,5532,0,378200
2026-09-30,5533,0,5800
2026-09-30,5535,0,2440100
2026-09-30,5537,300,251800
2026-09-30,5541,167200,775600
2026-09-30,5542,0,238200
2026-09-30,554A,0,92400
2026-09-30,5563,53000,1481000
2026-09-30,556A,0,211600
2026-09-30,5570,0,174300
2026-09-30,5571,0,273600
2026-09-30,5572,0,192300
2026-09-30,5574,9900,554300
2026-09-30,5575,0,54000
2026-09-30,5576,0,24100
2026-09-30,5578,0,246500
2026-09-30,5580,0,8800
2026-09-30,5582,0,105000
2026-09-30,5586,0,382100
2026-09-30,5587,0,280400
2026-09-30,5588,0,260400
2026-09-30,5589,600,5600
2026-09-30,558A,0,112800
2026-09-30,5590,118200,1349200
2026-09-30,5591,0,205500
2026-09-30,5592,0,495400
2026-09-30,5597,0,240800
2026-09-30,5599,0,114100
2026-09-30,559A,0,84500
2026-09-30,5602,50200,343000
2026-09-30,5603,1900,195000
2026-09-30,5609,0,195000
2026-09-30,5612,0,89300
2026-09-30,5616,0,55200
2026-09-30,5618,0,50500
2026-09-30,5619,0,28900
2026-09-30,5621,0,135200
2026-09-30,5631,46500,1053700
2026-09-30,5632,15500,208500
2026-09-30,563A,3928,3787237
2026-09-30,5644,0,15500
2026-09-30,564A,0,578
2026-09-30,5658,2400,265300
2026-09-30,5659,53200,120900
2026-09-30,566A,0,143
2026-09-30,568A,0,126460
2026-09-30,5695,0,12600
2026-09-30,5697,0,87600
2026-09-30,5698,100,591900
2026-09-30,5699,0,210700
2026-09-30,569A,0,19040
2026-09-30,5702,24800,573000
2026-09-30,5703,8600,426600
2026-09-30,5704,0,370000
2026-09-30,5706,1165900,12217800
2026-09-30,5707,399100,1449600
2026-09-30,570A,0,30
2026-09-30,5711,51200,2203400
2026-09-30,5713,226200,1594100
2026-09-30,5714,19700,322700
2026-09-30,5715,22600,360800
2026-09-30,571A,0,60
2026-09-30,5721,0,3133300
2026-09-30,5724,0,178600
2026-09-30,5726,807300,1394700
2026-09-30,5729,0,92100
2026-09-30,572A,0,80
2026-09-30,573A,0,36920
2026-09-30,5741,28000,596200
2026-09-30,5742,100,23300
2026-09-30,5753,0,102000
2026-09-30,5757,0,18800
2026-09-30,575A,1400,162000
2026-09-30,576A,0,119598
2026-09-30,577A,0,12420
2026-09-30,578A,0,97980
2026-09-30,579A,0,72103
2026-09-30,5801,1004500,17646900
2026-09-30,5802,581100,10899600
2026-09-30,5803,1770000,20610100
2026-09-30,5805,91400,1238600
2026-09-30,580A,0,88218
2026-09-30,5816,4500,459800
2026-09-30,5817,0,304400
2026-09-30,5819,0,58000
2026-09-30,581A,94800,3719700
2026-09-30,5820,0,375900
2026-09-30,5821,100,371700
2026-09-30,5830,24200,381500
2026-09-30,5831,64600,572900
2026-09-30,5832,17000,337600
2026-09-30,5834,3200,449400
2026-09-30,5838,38900,1798500
2026-09-30,5842,0,207900
2026-09-30,5843,0,223000
2026-09-30,5844,53300,232600
2026-09-30,5845,0,274200
2026-09-30,584A,0,367100
2026-09-30,5851,28100,116800
2026-09-30,5852,60500,576700
2026-09-30,5857,17800,683100
2026-09-30,5858,0,221300
2026-09-30,585A,0,761
2026-09-30,5867,0,19600
2026-09-30,5868,0,103000
2026-09-30,5869,300,36400
2026-09-30,586A,0,898180
2026-09-30,5870,0,314500
2026-09-30,5871,3000,71800
2026-09-30,5884,0,345400
2026-09-30,5885,23800,78100
2026-09-30,5888,0,41500
2026-09-30,5889,100,475600
2026-09-30,5891,0,83300
2026-09-30,5892,0,474400
2026-09-30,589A,0,204900
2026-09-30,5900,0,15200
2026-09-30,5901,54500,60800
2026-09-30,5902,3000,21300
2026-09-30,5905,0,87900
2026-09-30,5906,0,349400
2026-09-30,5909,5200,20500
2026-09-30,590A,44400,596300
2026-09-30,5911,71800,457800
2026-09-30,5915,2200,76900
2026-09-30,5918,0,23500
2026-09-30,5921,0,151600
2026-09-30,5922,0,5000
2026-09-30,5923,0,441200
2026-09-30,5928,1900,156000
2026-09-30,5929,49500,85100
2026-09-30,5930,100,40400
2026-09-30,5932,28900,552800
2026-09-30,5933,6300,45200
2026-09-30,5936,500,213700
2026-09-30,5938,1005400,1778400
2026-09-30,5939,0,19500
2026-09-30,593A,43100,5131500
2026-09-30,5940,0,314800
2026-09-30,5941,100,19700
2026-09-30,5942,0,339200
2026-09-30,5943,42600,43400
2026-09-30,5945,0,176000
2026-09-30,5946,14600,2416400
2026-09-30,5947,134700,92600
2026-09-30,5949,8500,176000
2026-09-30,5950,0,193800
2026-09-30,5951,54100,20500
2026-09-30,5952,0,533900
2026-09-30,5955,41100,2728400
2026-09-30,5956,1300,43500
2026-09-30,5957,8500,178100
2026-09-30,5958,100,104200
2026-09-30,5959,7800,156700
2026-09-30,5962,0,36300
2026-09-30,5965,0,127200
2026-09-30,5966,0,1800
2026-09-30,5967,0,804000
2026-09-30,5969,0,2600
2026-09-30,5970,3600,246900
2026-09-30,5971,0,900
2026-09-30,5973,0,238800
2026-09-30,5974,0,10000
2026-09-30,5975,5000,36600
2026-09-30,5976,25200,78300
2026-09-30,5981,5100,205900
2026-09-30,5982,0,4600
2026-09-30,5983,0,9000
2026-09-30,5984,0,59900
2026-09-30,5985,212400,1476800
2026-09-30,5986,0,586200
2026-09-30,5987,0,16300
2026-09-30,5988,189000,84000
2026-09-30,5989,6500,638300
2026-09-30,598A,0,256900
2026-09-30,5990,0,54200
2026-09-30,5991,7900,1705000
2026-09-30,5992,600,703800
2026-09-30,5994,0,158400
2026-09-30,5997,0,35100
2026-09-30,5998,6800,96800
2026-09-30,6005,37100,103800
2026-09-30,600A,0,864
2026-09-30,6013,39700,64600
2026-09-30,6016,0,238400
2026-09-30,6018,0,48500
2026-09-30,6022,0,49900
2026-09-30,6023,3300,481900
2026-09-30,6027,344800,519800
2026-09-30,6029,0,966000
2026-09-30,6030,0,127100
2026-09-30,6031,75500,1839500
2026-09-30,6033,4400,165800
2026-09-30,6034,700,119600
2026-09-30,6035,23600,630300
2026-09-30,6036,43700,304400
2026-09-30,6037,100,370800
2026-09-30,6038,1300,314400
2026-09-30,6039,0,579600
2026-09-30,603A,0,2392500
2026-09-30,6040,0,270600
2026-09-30,6042,0,18800
2026-09-30,6044,0,42900
2026-09-30,6045,18300,99400
2026-09-30,6046,206900,668100
2026-09-30,6047,166100,1078300
2026-09-30,6049,0,999100
2026-09-30,604A,2600,1242100
2026-09-30,6050,62800,32500
2026-09-30,6054,54200,1267100
2026-09-30,6055,32900,532000
2026-09-30,6058,93700,3676600
2026-09-30,6059,2700,142200
2026-09-30,605A,0,121840
2026-09-30,6061,0,42900
2026-09-30,6062,31400,225200
2026-09-30,6063,0,22400
2026-09-30,6069,4800,624500
2026-09-30,606A,0,14348
2026-09-30,6070,7100,109900
2026-09-30,6071,13000,525300
2026-09-30,6072,858700,5343000
2026-09-30,6073,30300,46300
2026-09-30,6074,0,269800
2026-09-30,6078,256300,85800
2026-09-30,607A,0,1869300
2026-09-30,6080,42100,153500
2026-09-30,6081,0,1620300
2026-09-30,6082,2400,39300
2026-09-30,6083,43600,114900
2026-09-30,6085,0,2756700
2026-09-30,6086,0,59500
2026-09-30,6087,500,5600
2026-09-30,6088,33200,1150800
2026-09-30,6089,10600,80600
2026-09-30,608A,0,18263
2026-09-30,6090,0,181500
2026-09-30,6091,18000,523800
2026-09-30,6092,20600,491000
2026-09-30,6093,111800,873300
2026-09-30,6094,0,1356500
2026-09-30,6098,393200,510800
2026-09-30,6099,59200,146800
2026-09-30,609A,0,42097
2026-09-30,6101,10200,517600
2026-09-30,6103,10400,142400
2026-09-30,6104,28300,45600
2026-09-30,610A,0,110892
2026-09-30,6113,20900,248400
2026-09-30,6118,45800,151500
2026-09-30,611A,0,4120
2026-09-30,6125,0,423600
2026-09-30,612A,0,10
2026-09-30,6134,5700,563400
2026-09-30,6135,0,319900
2026-09-30,6136,18400,117100
2026-09-30,6137,400,200200
2026-09-30,6138,0,82000
2026-09-30,613A,0,14
2026-09-30,6140,16200,1126900
2026-09-30,6141,36200,2015000
2026-09-30,6143,16700,681300
2026-09-30,6144,0,59700
2026-09-30,6145,9700,160000
2026-09-30,6146,112400,859800
2026-09-30,6147,0,0
2026-09-30,6149,0,83500
2026-09-30,6150,0,21100
2026-09-30,6151,1700,49400
2026-09-30,6155,0,162900
2026-09-30,6156,0,13600
2026-09-30,6157,8700,135100
2026-09-30,6158,19800,49400
2026-09-30,6159,0,4400
2026-09-30,6161,0,1040400
2026-09-30,6165,3800,920000
2026-09-30,6166,0,652000
2026-09-30,6167,33300,180200
2026-09-30,6171,600,260200
2026-09-30,6176,0,377500
2026-09-30,6177,0,1925200
2026-09-30,6178,130300,476300
2026-09-30,6180,0,36300
2026-09-30,6181,0,2402600
2026-09-30,6182,144700,578200
2026-09-30,6183,9000,126000
2026-09-30,6184,209100,489600
2026-09-30,6185,17300,201100
2026-09-30,6186,0,83700
2026-09-30,6189,9000,114300
2026-09-30,618A,100,798100
2026-09-30,6190,0,228200
2026-09-30,6191,130900,856900
2026-09-30,6193,0,48400
2026-09-30,6194,962400,433900
2026-09-30,6195,0,323500
2026-09-30,6196,43700,1269500
2026-09-30,6198,0,661900
2026-09-30,6199,19600,93000
2026-09-30,619A,0,2564900
2026-09-30,6200,53600,1021600
2026-09-30,6203,169100,1417600
2026-09-30,6208,91200,439800
2026-09-30,6209,11000,123400
2026-09-30,6217,0,323300
2026-09-30,6218,400,207300
2026-09-30,621A,0,575900
2026-09-30,6222,409700,322600
2026-09-30,6223,5400,184600
2026-09-30,6224,0,484500
2026-09-30,6226,68800,496900
2026-09-30,6227,705600,3044000
2026-09-30,6228,6500,304100
2026-09-30,6229,0,81400
2026-09-30,622A,0,176700
2026-09-30,6230,0,16700
2026-09-30,6231,100,100500
2026-09-30,6232,805700,2525600
2026-09-30,6233,0,76800
2026-09-30,6235,4200,490200
2026-09-30,6237,10300,81200
2026-09-30,6238,6000,436100
2026-09-30,6239,0,657300
2026-09-30,623A,2700,815100
2026-09-30,6240,200300,902300
2026-09-30,6245,24400,592100
2026-09-30,6246,1900,36300
2026-09-30,6247,20000,40500
2026-09-30,6248,0,16600
2026-09-30,6249,0,65700
2026-09-30,6250,4900,95900
2026-09-30,6254,328600,2033800
2026-09-30,6255,161700,1166600
2026-09-30,6257,5800,143900
2026-09-30,6258,76300,804000
2026-09-30,625A,2200,894800
2026-09-30,6262,1700,3240400
2026-09-30,6264,35800,1645200
2026-09-30,6265,0,44100
2026-09-30,6266,64100,336800
2026-09-30,6267,0,5500
2026-09-30,6268,28400,965800
2026-09-30,6269,35100,1547500
2026-09-30,626A,0,8305
2026-09-30,6272,4200,85600
2026-09-30,6273,6700,56400
2026-09-30,6276,0,475200
2026-09-30,6277,43400,195200
2026-09-30,6278,13400,157700
2026-09-30,6279,34300,54500
2026-09-30,627A,66800,1319200
2026-09-30,6282,29300,21100
2026-09-30,6284,1000,21200
2026-09-30,6286,0,25600
2026-09-30,6287,40900,65000
2026-09-30,6289,110500,100700
2026-09-30,6291,100,520900
2026-09-30,6292,0,136100
2026-09-30,6294,1300,134600
2026-09-30,6298,207100,1075800
2026-09-30,6301,231100,731800
2026-09-30,6302,31500,166300
2026-09-30,6305,12200,440300
2026-09-30,6306,7900,94900
2026-09-30,6307,0,185900
2026-09-30,6309,9100,140100
2026-09-30,630A,0,23
2026-09-30,6310,32800,168500
2026-09-30,6315,86600,5063000
2026-09-30,6316,0,37100
2026-09-30,6317,45800,229400
2026-09-30,6322,0,102600
2026-09-30,6323,104000,3434800
2026-09-30,6324,714200,889800
2026-09-30,6325,5700,35300
2026-09-30,6326,207000,696000
2026-09-30,6327,0,701100
2026-09-30,6328,12500,145400
2026-09-30,632A,0,3
2026-09-30,6330,1299800,4864300
2026-09-30,6331,9900,630500
2026-09-30,6332,8200,89400
2026-09-30,6333,8400,22700
2026-09-30,6334,0,121500
2026-09-30,6335,0,275400
2026-09-30,6336,0,545200
2026-09-30,6337,0,126100
2026-09-30,6338,0,240000
2026-09-30,6339,23900,88500
2026-09-30,633A,0,121753
2026-09-30,6340,14400,17900
2026-09-30,6342,0,7000
2026-09-30,6343,16900,1147200
2026-09-30,6345,24700,169600
2026-09-30,6346,0,4600
2026-09-30,6347,0,793900
2026-09-30,6349,66200,148300
2026-09-30,634A,9000,304600
2026-09-30,6351,7200,16600
2026-09-30,6356,352100,909400
2026-09-30,6357,1500,148600
2026-09-30,6358,2500,80100
2026-09-30,635A,0,10
2026-09-30,6360,0,12200
2026-09-30,6361,69500,1495200
2026-09-30,6363,14600,480300
2026-09-30,6364,23700,46600
2026-09-30,6365,0,10100
2026-09-30,6366,482900,10111000
2026-09-30,6367,20200,557300
2026-09-30,6368,145100,1127100
2026-09-30,6369,7200,138300
2026-09-30,636A,0,10
2026-09-30,6370,7800,146900
2026-09-30,6371,48700,85300
2026-09-30,6376,22900,2865300
2026-09-30,6378,14100,636500
2026-09-30,6379,242100,169300
2026-09-30,6380,0,432000
2026-09-30,6381,11500,94600
2026-09-30,6382,0,150100
2026-09-30,6383,44200,735400
2026-09-30,6384,0,85700
2026-09-30,6387,600,132800
2026-09-30,6390,19300,335600
2026-09-30,6391,0,44700
2026-09-30,6392,0,3000
2026-09-30,6393,100,29000
2026-09-30,6395,10800,278400
2026-09-30,6396,0,46400
2026-09-30,639A,0,386900
2026-09-30,6400,5000,454000
2026-09-30,6402,0,34600
2026-09-30,6405,0,448300
2026-09-30,6407,12800,175100
2026-09-30,6408,0,32300
2026-09-30,6412,74400,90500
2026-09-30,6413,21700,774300
2026-09-30,6417,33200,410300
2026-09-30,6418,17100,201100
2026-09-30,6419,16200,283500
2026-09-30,6420,2100,8200
2026-09-30,6424,0,63600
2026-09-30,6425,187700,1924000
2026-09-30,6428,900,329600
2026-09-30,6430,16900,97900
2026-09-30,6432,18700,528600
2026-09-30,6433,0,617000
2026-09-30,6436,16700,34700
2026-09-30,643A,0,3287
2026-09-30,6440,177500,996300
2026-09-30,6444,275300,908800
2026-09-30,6445,13700,83500
2026-09-30,6448,22500,109100
2026-09-30,644A,0,1086
2026-09-30,6454,39100,45200
2026-09-30,6455,2200,24800
2026-09-30,6457,8200,34100
2026-09-30,6458,1800,308100
2026-09-30,6459,40700,52300
2026-09-30,6460,107500,140700
2026-09-30,6463,3300,144600
2026-09-30,6464,71800,1228400
2026-09-30,6465,48000,233500
2026-09-30,6466,0,140600
2026-09-30,6467,0,295900
2026-09-30,6469,0,333000
2026-09-30,646A,0,5103700
2026-09-30,6470,24000,158500
2026-09-30,6471,51600,1492700
2026-09-30,6472,328700,1887100
2026-09-30,6473,41800,295500
2026-09-30,6474,14800,244100
2026-09-30,6479,49100,2691300
2026-09-30,6480,29900,1423500
2026-09-30,6481,64400,519500
2026-09-30,6482,18000,104600
2026-09-30,6484,0,9800
2026-09-30,6485,7500,23600
2026-09-30,6486,3500,107900
2026-09-30,6488,0,114900
2026-09-30,6490,9500,86200
2026-09-30,6492,100,79700
2026-09-30,6493,0,522100
2026-09-30,6494,0,3989000
2026-09-30,6495,0,269700
2026-09-30,6496,0,78400
2026-09-30,6497,0,44300
2026-09-30,6498,7500,740200
2026-09-30,6501,411400,3479300
2026-09-30,6503,101900,3554200
2026-09-30,6504,10200,433400
2026-09-30,6505,1400,130600
2026-09-30,6506,211100,6347300
2026-09-30,6507,18300,117100
2026-09-30,6508,17000,168100
2026-09-30,6513,100,277400
2026-09-30,6516,6500,130100
2026-09-30,6517,8000,29100
2026-09-30,6518,0,211200
2026-09-30,6521,0,666600
2026-09-30,6522,124800,1289700
2026-09-30,6523,331800,486300
2026-09-30,6524,19800,483900
2026-09-30,6525,559700,1984000
2026-09-30,6526,1033300,5573700
2026-09-30,6532,129400,362200
2026-09-30,6533,113700,160600
2026-09-30,6535,21800,890700
2026-09-30,6537,83300,357700
2026-09-30,6538,800,844500
2026-09-30,6539,7000,315700
2026-09-30,6540,400,129700
2026-09-30,6543,0,23000
2026-09-30,6544,82500,440300
2026-09-30,6545,4500,219700
2026-09-30,6546,300,6700
2026-09-30,6547,1900,283500
2026-09-30,6548,0,738700
2026-09-30,6549,0,102600
2026-09-30,6551,24000,264600
2026-09-30,6552,0,704300
2026-09-30,6554,0,271200
2026-09-30,6555,0,110900
2026-09-30,6557,0,187800
2026-09-30,6558,0,31100
2026-09-30,6560,1500,106700
2026-09-30,6561,0,352400
2026-09-30,6562,129100,636800
2026-09-30,6563,1900,112000
2026-09-30,6564,0,97400
2026-09-30,6566,200,32200
2026-09-30,6568,0,118100
2026-09-30,6570,65700,91100
2026-09-30,6571,5800,105300
2026-09-30,6572,156200,803500
2026-09-30,6573,0,5216100
2026-09-30,6574,0,12509200
2026-09-30,6577,0,109400
2026-09-30,6578,0,60900
2026-09-30,6579,0,313500
2026-09-30,6580,30900,210000
2026-09-30,6584,305900,1237100
2026-09-30,6586,33800,200000
2026-09-30,6588,26100,144000
2026-09-30,6590,51600,1163200
2026-09-30,6592,108400,213900
2026-09-30,6594,635900,5673400
2026-09-30,6597,0,324600
2026-09-30,6599,0,53700
2026-09-30,6612,0,82400
2026-09-30,6613,15100,3836400
2026-09-30,6614,16100,119400
2026-09-30,6615,21300,537100
2026-09-30,6616,100,226600
2026-09-30,6617,9000,163100
2026-09-30,6619,718600,6725800
2026-09-30,6620,179300,613000
2026-09-30,6622,36000,996100
2026-09-30,6625,388700,3763700
2026-09-30,6626,0,59300
2026-09-30,6627,0,1241400
2026-09-30,6629,264900,1181500
2026-09-30,6630,428800,161800
2026-09-30,6632,81700,1631700
2026-09-30,6633,0,99700
2026-09-30,6634,0,929400
2026-09-30,6635,32600,315200
2026-09-30,6637,0,194900
2026-09-30,6638,14200,42600
2026-09-30,6643,400,29900
2026-09-30,6644,73900,358000
2026-09-30,6645,31400,491600
2026-09-30,6647,0,32300
2026-09-30,6648,0,258200
2026-09-30,6651,3000,54900
2026-09-30,6652,8100,51500
2026-09-30,6653,3500,728200
2026-09-30,6654,7600,63100
2026-09-30,6656,106300,381800
2026-09-30,6658,0,609000
2026-09-30,6659,454300,7822200
2026-09-30,6662,0,2047700
2026-09-30,6663,0,253700
2026-09-30,6664,19800,336300
2026-09-30,6666,0,436400
2026-09-30,6668,0,415300
2026-09-30,6674,17500,612500
2026-09-30,6675,18700,154300
2026-09-30,6676,96000,47500
2026-09-30,6677,2000,267000
2026-09-30,6678,100,128000
2026-09-30,6694,0,155300
2026-09-30,6696,0,390100
2026-09-30,6699,1100,512200
2026-09-30,6701,224600,4955600
2026-09-30,6702,161800,2433200
2026-09-30,6703,50400,1094500
2026-09-30,6706,15400,222600
2026-09-30,6707,30800,68200
2026-09-30,6718,3700,61100
2026-09-30,6721,0,3198900
2026-09-30,6723,610600,2944600
2026-09-30,6724,136500,85200
2026-09-30,6727,125400,745200
2026-09-30,6728,49000,260900
2026-09-30,6730,42400,455700
2026-09-30,6731,0,355700
2026-09-30,6736,41800,16200
2026-09-30,6737,11200,58400
2026-09-30,6740,8539100,42105700
2026-09-30,6741,20600,172700
2026-09-30,6742,30500,222100
2026-09-30,6743,0,119000
2026-09-30,6744,11600,117100
2026-09-30,6745,17100,77100
2026-09-30,6748,200,231600
2026-09-30,6750,50100,86100
2026-09-30,6752,406900,1825000
2026-09-30,6753,3003100,3002000
2026-09-30,6754,104800,749700
2026-09-30,6757,0,93900
2026-09-30,6758,323000,6005700
2026-09-30,6762,296000,5021800
2026-09-30,6763,15300,17900
2026-09-30,6768,110500,1469100
2026-09-30,6769,0,366200
2026-09-30,6770,98400,114000
2026-09-30,6771,13200,200800
2026-09-30,6772,0,1748700
2026-09-30,6775,0,1034100
2026-09-30,6776,0,447300
2026-09-30,6777,100,244800
2026-09-30,6778,22900,385800
2026-09-30,6779,12700,1066600
2026-09-30,6785,7000,80300
2026-09-30,6786,0,1096000
2026-09-30,6787,26800,470100
2026-09-30,6788,9900,10800
2026-09-30,6794,44700,980800
2026-09-30,6797,0,132500
2026-09-30,6798,20300,49800
2026-09-30,6800,5900,262900
2026-09-30,6803,42000,1115100
2026-09-30,6804,6300,205500
2026-09-30,6806,4500,18500
2026-09-30,6807,49700,38900
2026-09-30,6809,7900,133800
2026-09-30,6810,36800,106000
2026-09-30,6814,13600,449600
2026-09-30,6817,7400,453800
2026-09-30,6819,0,113100
2026-09-30,6820,7700,21800
2026-09-30,6822,100,61500
2026-09-30,6823,2900,97500
2026-09-30,6824,0,27400
2026-09-30,6832,0,146700
2026-09-30,6834,348100,1473600
2026-09-30,6835,0,1553400
2026-09-30,6836,0,264200
2026-09-30,6837,0,315700
2026-09-30,6838,0,956500
2026-09-30,6840,0,1318500
2026-09-30,6841,99400,173900
2026-09-30,6844,13900,204200
2026-09-30,6845,92800,142500
2026-09-30,6848,2100,39600
2026-09-30,6849,97900,69500
2026-09-30,6850,20100,27600
2026-09-30,6853,7500,89100
2026-09-30,6855,40800,797500
2026-09-30,6856,8600,56000
2026-09-30,6857,1386700,2465800
2026-09-30,6858,0,253000
2026-09-30,6859,13300,50200
2026-09-30,6861,58400,128400
2026-09-30,6862,0,949400
2026-09-30,6863,0,410600
2026-09-30,6864,0,246600
2026-09-30,6866,3700,31500
2026-09-30,6867,0,270700
2026-09-30,6869,166600,856500
2026-09-30,6870,0,55400
2026-09-30,6871,64600,612700
2026-09-30,6874,100,53600
2026-09-30,6875,11800,53400
2026-09-30,6877,10600,35600
2026-09-30,6882,32600,496300
2026-09-30,6888,100,133600
2026-09-30,6890,57400,1879700
2026-09-30,6894,0,30000
2026-09-30,6897,0,1468900
2026-09-30,6898,0,51200
2026-09-30,6899,0,144100
2026-09-30,6902,172200,3529000
2026-09-30,6904,300,523700
2026-09-30,6905,48900,175800
2026-09-30,6907,0,830300
2026-09-30,6908,25400,296300
2026-09-30,6912,0,55100
2026-09-30,6914,2200,173900
2026-09-30,6915,1400,90600
2026-09-30,6918,0,136700
2026-09-30,6919,9700,89700
2026-09-30,6920,406900,1448300
2026-09-30,6923,10900,20800
2026-09-30,6925,15200,70500
2026-09-30,6926,39100,184400
2026-09-30,6927,0,350300
2026-09-30,6928,0,122900
2026-09-30,6929,3100,119800
2026-09-30,6932,1700,264300
2026-09-30,6941,24600,362000
2026-09-30,6942,0,6000
2026-09-30,6943,0,38400
2026-09-30,6946,0,417400
2026-09-30,6947,19000,31600
2026-09-30,6951,28800,78500
2026-09-30,6952,62300,276500
2026-09-30,6954,250000,5243200
2026-09-30,6955,0,871200
2026-09-30,6958,171400,1579300
2026-09-30,6960,3000,25600
2026-09-30,6961,9500,158000
2026-09-30,6962,609900,1598500
2026-09-30,6963,131500,887800
2026-09-30,6964,0,56700
2026-09-30,6965,83400,2882600
2026-09-30,6966,140800,7203500
2026-09-30,6969,0,357100
2026-09-30,6971,109200,531700
2026-09-30,6976,630800,4579200
2026-09-30,6977,0,140800
2026-09-30,6981,813800,7744300
2026-09-30,6982,0,184700
2026-09-30,6986,197400,1024500
2026-09-30,6988,81000,338500
2026-09-30,6989,5800,181900
2026-09-30,6993,7389600,22599300
2026-09-30,6994,74400,641200
2026-09-30,6995,45100,25800
2026-09-30,6996,24900,475600
2026-09-30,6997,45900,1216700
2026-09-30,6998,41300,214800
2026-09-30,6999,40500,628400
2026-09-30,7003,96900,3834700
2026-09-30,7004,683900,3567400
2026-09-30,7011,1371600,20092700
2026-09-30,7012,709700,19338100
2026-09-30,7013,329800,14101800
2026-09-30,7014,63800,1321800
2026-09-30,7018,500,274600
2026-09-30,7021,0,52500
2026-09-30,7022,36300,1376200
2026-09-30,7030,1200,232700
2026-09-30,7031,200,106500
2026-09-30,7033,38900,237000
2026-09-30,7034,0,491600
2026-09-30,7035,16500,383400
2026-09-30,7036,0,45500
2026-09-30,7037,0,56500
2026-09-30,7038,151800,294200
2026-09-30,7039,21500,153100
2026-09-30,7040,0,44700
2026-09-30,7041,0,82000
2026-09-30,7042,0,32400
2026-09-30,7043,0,250800
2026-09-30,7044,400,201700
2026-09-30,7046,0,72100
2026-09-30,7047,9100,2006100
2026-09-30,7048,219300,1385100
2026-09-30,7049,8300,51400
2026-09-30,7050,0,151200
2026-09-30,7057,0,79000
2026-09-30,7058,0,30100
2026-09-30,7059,6100,713500
2026-09-30,7060,1100,188400
2026-09-30,7061,35600,661900
2026-09-30,7062,0,256500
2026-09-30,7063,0,4298400
2026-09-30,7064,0,112100
2026-09-30,7065,1200,139700
2026-09-30,7066,0,289700
2026-09-30,7067,0,27600
2026-09-30,7068,6300,457700
2026-09-30,7069,0,328400
2026-09-30,7071,703700,1642800
2026-09-30,7072,0,164400
2026-09-30,7073,0,16100
2026-09-30,7074,0,263800
2026-09-30,7075,0,67000
2026-09-30,7077,0,44800
2026-09-30,7078,0,335700
2026-09-30,7079,0,81500
2026-09-30,7080,0,193800
2026-09-30,7081,0,497700
2026-09-30,7083,0,30200
2026-09-30,7084,0,95600
2026-09-30,7085,117400,225300
2026-09-30,7087,2600,35600
2026-09-30,7089,0,155500
2026-09-30,7090,0,10500
2026-09-30,7091,0,91300
2026-09-30,7093,0,269200
2026-09-30,7094,19800,1157100
2026-09-30,7095,0,590700
2026-09-30,7096,19300,234600
2026-09-30,7097,0,44400
2026-09-30,7102,6300,74500
2026-09-30,7110,300,160400
2026-09-30,7111,0,382700
2026-09-30,7112,0,328200
2026-09-30,7114,0,58400
2026-09-30,7115,0,107100
2026-09-30,7119,57200,57500
2026-09-30,7120,0,85600
2026-09-30,7122,0,44500
2026-09-30,7126,0,24400
2026-09-30,7127,0,16900
2026-09-30,7128,267900,91800
2026-09-30,7129,0,15500
2026-09-30,7130,3300,241400
2026-09-30,7131,0,62900
2026-09-30,7133,0,62600
2026-09-30,7134,1300,67800
2026-09-30,7135,12900,98200
2026-09-30,7138,0,2090400
2026-09-30,7140,0,54000
2026-09-30,7148,641200,1807900
2026-09-30,7150,72500,187100
2026-09-30,7157,48400,473500
2026-09-30,7161,83700,637800
2026-09-30,7162,0,853400
2026-09-30,7164,65600,211400
2026-09-30,7167,75200,616200
2026-09-30,7172,26200,1398100
2026-09-30,7173,117500,1287300
2026-09-30,7175,0,51700
2026-09-30,7177,0,692500
2026-09-30,7180,109200,813500
2026-09-30,7181,28000,1281100
2026-09-30,7182,283200,960400
2026-09-30,7183,0,2500
2026-09-30,7184,26700,88500
2026-09-30,7185,0,10500
2026-09-30,7186,64800,968200
2026-09-30,7187,5500,341800
2026-09-30,7189,11000,273800
2026-09-30,7191,11700,83000
2026-09-30,7192,9900,608100
2026-09-30,7196,0,141200
2026-09-30,7198,241700,563500
2026-09-30,7199,25700,516400
2026-09-30,7201,1165300,66796900
2026-09-30,7202,26100,944400
2026-09-30,7203,1933100,18355800
2026-09-30,7208,0,12200
2026-09-30,7211,3684600,8243700
2026-09-30,7212,2100,792800
2026-09-30,7213,8700,172400
2026-09-30,7214,0,337100
2026-09-30,7215,0,134200
2026-09-30,7217,0,66800
2026-09-30,7218,0,33500
2026-09-30,7219,0,17500
2026-09-30,7220,23000,764500
2026-09-30,7222,28700,334700
2026-09-30,7224,26100,683300
2026-09-30,7226,18300,521900
2026-09-30,7228,0,31400
2026-09-30,7231,23000,59200
2026-09-30,7235,0,228900
2026-09-30,7236,16100,784300
2026-09-30,7238,165900,7109800
2026-09-30,7239,2200,182500
2026-09-30,7240,115000,109000
2026-09-30,7241,31300,138000
2026-09-30,7242,60900,231700
2026-09-30,7244,18300,295100
2026-09-30,7245,27900,693900
2026-09-30,7246,2200,319600
2026-09-30,7247,0,340500
2026-09-30,7254,0,785800
2026-09-30,7255,0,0
2026-09-30,7256,48300,2933100
2026-09-30,7259,129500,959700
2026-09-30,7261,461200,5604800
2026-09-30,7264,0,40500
2026-09-30,7265,0,27200
2026-09-30,7266,19100,375100
2026-09-30,7267,1649600,3755800
2026-09-30,7269,103800,3435600
2026-09-30,7270,132800,1466200
2026-09-30,7271,0,547700
2026-09-30,7272,337700,1210500
2026-09-30,7273,0,3742100
2026-09-30,7276,88200,2178700
2026-09-30,7277,8300,294100
2026-09-30,7278,21600,181500
2026-09-30,7279,92500,136300
2026-09-30,7280,19600,401600
2026-09-30,7282,213400,1026300
2026-09-30,7283,1200,91600
2026-09-30,7284,0,668200
2026-09-30,7287,89400,288400
2026-09-30,7291,8100,554900
2026-09-30,7292,0,502100
2026-09-30,7294,20600,69700
2026-09-30,7296,12700,25000
2026-09-30,7297,0,15900
2026-09-30,7299,0,55200
2026-09-30,7305,2100,139300
2026-09-30,7309,62300,63300
2026-09-30,7313,92200,110800
2026-09-30,7314,0,20600
2026-09-30,7318,0,1068600
2026-09-30,7320,100,668100
2026-09-30,7322,12300,548000
2026-09-30,7325,0,162000
2026-09-30,7326,0,194600
2026-09-30,7327,27600,461100
2026-09-30,7337,54000,414500
2026-09-30,7343,0,31100
2026-09-30,7345,0,122200
2026-09-30,7347,29000,277300
2026-09-30,7350,10300,115800
2026-09-30,7351,0,191800
2026-09-30,7352,361200,1160800
2026-09-30,7353,0,256800
2026-09-30,7354,37900,1874100
2026-09-30,7356,19700,533400
2026-09-30,7357,0,22900
2026-09-30,7358,100,60900
2026-09-30,7359,0,583700
2026-09-30,7360,0,39100
2026-09-30,7361,0,133400
2026-09-30,7362,0,93700
2026-09-30,7363,0,32500
2026-09-30,7366,46400,59200
2026-09-30,7367,0,194600
2026-09-30,7368,100,13400
2026-09-30,7369,0,155100
2026-09-30,7370,100,120400
2026-09-30,7371,11100,797000
2026-09-30,7372,0,157500
2026-09-30,7373,73300,410400
2026-09-30,7374,0,187900
2026-09-30,7375,0,302900
2026-09-30,7376,0,798800
2026-09-30,7377,0,157000
2026-09-30,7378,22100,220600
2026-09-30,7380,35100,403000
2026-09-30,7381,44100,441700
2026-09-30,7383,461300,8088000
2026-09-30,7384,49000,134300
2026-09-30,7388,153100,132000
2026-09-30,7389,1290200,4474800
2026-09-30,7399,0,27900
2026-09-30,7409,0,431100
2026-09-30,7412,1391100,847100
2026-09-30,7413,0,30500
2026-09-30,7414,1800,285600
2026-09-30,7416,3500,9600
2026-09-30,7417,2500,22600
2026-09-30,7419,79000,6980500
2026-09-30,7421,584700,40900
2026-09-30,7422,300,48700
2026-09-30,7425,0,290800
2026-09-30,7427,0,192900
2026-09-30,7433,59900,302600
2026-09-30,7434,0,24300
2026-09-30,7435,0,92800
2026-09-30,7438,6100,26900
2026-09-30,7442,2400,53100
2026-09-30,7443,600,34400
2026-09-30,7444,0,116300
2026-09-30,7446,0,2900
2026-09-30,7447,12600,188300
2026-09-30,7453,530300,964500
2026-09-30,7456,3300,161800
2026-09-30,7458,95200,72500
2026-09-30,7459,8100,14900
2026-09-30,7460,2600,1013800
2026-09-30,7461,0,31400
2026-09-30,7462,0,4900
2026-09-30,7463,12300,553900
2026-09-30,7464,0,32600
2026-09-30,7466,7300,30400
2026-09-30,7472,0,2700
2026-09-30,7475,4500,17700
2026-09-30,7476,26500,9100
2026-09-30,7477,0,67600
2026-09-30,7480,13700,159000
2026-09-30,7481,0,11300
2026-09-30,7482,3400,42600
2026-09-30,7483,10100,27600
2026-09-30,7486,0,16300
2026-09-30,7487,41800,20700
2026-09-30,7490,0,700
2026-09-30,7494,14700,626900
2026-09-30,7500,0,4800
2026-09-30,7501,0,40100
2026-09-30,7502,0,5500
2026-09-30,7504,70300,32300
2026-09-30,7505,0,113800
2026-09-30,7506,3900,1400
2026-09-30,7508,4000,202100
2026-09-30,7509,0,42000
2026-09-30,7510,7500,22000
2026-09-30,7512,146300,89400
2026-09-30,7513,218200,76400
2026-09-30,7514,0,22500
2026-09-30,7515,0,1100
2026-09-30,7516,17900,79200
2026-09-30,7520,300,23100
2026-09-30,7521,0,114000
2026-09-30,7522,29700,292500
2026-09-30,7523,0,5700
2026-09-30,7524,14600,726800
2026-09-30,7525,200,22500
2026-09-30,7527,0,9530900
2026-09-30,7531,0,8300
2026-09-30,7532,883600,11074000
2026-09-30,7537,37000,86600
2026-09-30,7538,0,50900
2026-09-30,7539,25300,65900
2026-09-30,7544,0,232900
2026-09-30,7545,21700,81400
2026-09-30,7550,226200,150400
2026-09-30,7551,1400,419300
2026-09-30,7552,167200,244900
2026-09-30,7554,87000,60100
2026-09-30,7555,0,25600
2026-09-30,7561,1700,230700
2026-09-30,7562,0,1900
2026-09-30,7564,57700,792700
2026-09-30,7565,0,2500
2026-09-30,7567,0,179600
2026-09-30,7570,3800,45800
2026-09-30,7571,12800,753900
2026-09-30,7575,46800,208600
2026-09-30,7578,0,1515100
2026-09-30,7581,30500,788800
2026-09-30,7585,0,27000
2026-09-30,7590,30000,332500
2026-09-30,7593,12500,507800
2026-09-30,7595,8900,197300
2026-09-30,7596,15200,7700
2026-09-30,7599,213200,1371500
2026-09-30,7600,164900,2519800
2026-09-30,7601,0,231300
2026-09-30,7602,286600,514600
2026-09-30,7603,0,4856200
2026-09-30,7604,0,28200
2026-09-30,7606,14100,198800
2026-09-30,7607,6600,39400
2026-09-30,7608,17500,446700
2026-09-30,7609,18200,377300
2026-09-30,7610,42600,4218500
2026-09-30,7611,27600,107900
2026-09-30,7613,75700,239700
2026-09-30,7614,0,126500
2026-09-30,7615,0,1602400
2026-09-30,7616,1354000,89000
2026-09-30,7619,1200,247900
2026-09-30,7621,0,7700
2026-09-30,7624,1000,2033300
2026-09-30,7625,1600,371800
2026-09-30,7628,7900,32400
2026-09-30,7630,80200,983700
2026-09-30,7634,0,19100
2026-09-30,7636,0,50200
2026-09-30,7637,4700,55900
2026-09-30,7638,300,240700
2026-09-30,7640,34000,414100
2026-09-30,7643,0,5700
2026-09-30,7646,0,79600
2026-09-30,7649,72200,701500
2026-09-30,7670,0,79900
2026-09-30,7673,0,38200
2026-09-30,7674,0,39000
2026-09-30,7677,0,2700
2026-09-30,7678,78500,25600
2026-09-30,7679,7900,174000
2026-09-30,7681,0,100100
2026-09-30,7682,0,228200
2026-09-30,7683,100,223300
2026-09-30,7685,0,1190500
2026-09-30,7686,1200,290900
2026-09-30,7687,0,123400
2026-09-30,7689,0,106400
2026-09-30,7692,0,4267800
2026-09-30,7694,0,190100
2026-09-30,7695,0,123200
2026-09-30,7698,0,3100
2026-09-30,7699,0,21800
2026-09-30,7701,13600,204400
2026-09-30,7702,4500,181900
2026-09-30,7707,278300,1274300
2026-09-30,7709,0,0
2026-09-30,7711,0,420400
2026-09-30,7713,0,196700
2026-09-30,7715,8100,244400
2026-09-30,7716,33900,416300
2026-09-30,7717,18200,598500
2026-09-30,7719,0,517200
2026-09-30,7721,30700,309300
2026-09-30,7722,0,238200
2026-09-30,7723,1700,65800
2026-09-30,7725,42100,287100
2026-09-30,7726,19900,177600
2026-09-30,7727,71200,450700
2026-09-30,7729,22500,92700
2026-09-30,7730,32300,321100
2026-09-30,7731,217200,298900
2026-09-30,7733,202100,585800
2026-09-30,7734,7200,15700
2026-09-30,7735,154600,916500
2026-09-30,7740,64400,730100
2026-09-30,7741,18100,242800
2026-09-30,7743,6700,18300
2026-09-30,7744,9600,823800
2026-09-30,7745,4500,75200
2026-09-30,7746,535500,2071600
2026-09-30,7747,17700,406400
2026-09-30,7749,0,14100
2026-09-30,7751,160700,1246300
2026-09-30,7752,232800,197700
2026-09-30,7760,0,352800
2026-09-30,7762,47900,337800
2026-09-30,7769,6100,53100
2026-09-30,7771,0,752500
2026-09-30,7774,201800,474000
2026-09-30,7775,0,118200
2026-09-30,7776,0,2427500
2026-09-30,7777,0,12137000
2026-09-30,7779,812000,7809400
2026-09-30,7780,17000,161600
2026-09-30,7781,0,497300
2026-09-30,7782,800,42000
2026-09-30,7791,0,36400
2026-09-30,7792,0,112700
2026-09-30,7793,0,130600
2026-09-30,7794,0,1090200
2026-09-30,7795,7300,354700
2026-09-30,7800,0,305100
2026-09-30,7803,643300,1936400
2026-09-30,7804,0,66100
2026-09-30,7805,14300,25900
2026-09-30,7806,38000,255700
2026-09-30,7807,0,112700
2026-09-30,7808,0,347000
2026-09-30,7809,0,47700
2026-09-30,7810,120400,914600
2026-09-30,7811,21300,137400
2026-09-30,7812,300,105900
2026-09-30,7813,0,64900
2026-09-30,7814,6600,51400
2026-09-30,7815,0,125000
2026-09-30,7818,85500,100000
2026-09-30,7819,24600,127700
2026-09-30,7820,38600,169500
2026-09-30,7821,5100,36000
2026-09-30,7822,8700,257500
2026-09-30,7823,50200,31600
2026-09-30,7826,48600,656100
2026-09-30,7827,0,100300
2026-09-30,7831,0,1261100
2026-09-30,7832,76300,296500
2026-09-30,7833,500,70100
2026-09-30,7836,0,1564400
2026-09-30,7837,0,225200
2026-09-30,7839,11300,43700
2026-09-30,7840,23000,39200
2026-09-30,7841,0,662700
2026-09-30,7844,57600,619800
2026-09-30,7846,28500,32200
2026-09-30,7847,0,62300
2026-09-30,7849,0,98100
2026-09-30,7850,0,17400
2026-09-30,7851,0,0
2026-09-30,7856,100400,104900
2026-09-30,7857,0,5700
2026-09-30,7859,0,4034700
2026-09-30,7860,16800,105800
2026-09-30,7863,0,99500
2026-09-30,7864,32800,346000
2026-09-30,7865,0,64200
2026-09-30,7867,94600,249000
2026-09-30,7868,592300,12369500
2026-09-30,7871,0,92900
2026-09-30,7872,0,20100
2026-09-30,7874,13200,80600
2026-09-30,7875,0,136200
2026-09-30,7877,0,11000
2026-09-30,7878,0,53000
2026-09-30,7879,0,147800
2026-09-30,7883,0,120400
2026-09-30,7885,19700,46700
2026-09-30,7886,0,150400
2026-09-30,7887,0,105200
2026-09-30,7888,16700,423500
2026-09-30,7893,6200,30100
2026-09-30,7896,0,5900
2026-09-30,7897,61600,950700
2026-09-30,7898,200,231800
2026-09-30,7901,0,72900
2026-09-30,7902,0,65700
2026-09-30,7906,26900,677000
2026-09-30,7908,3100,651400
2026-09-30,7911,96200,842300
2026-09-30,7912,35000,212000
2026-09-30,7914,14400,118300
2026-09-30,7915,24200,284700
2026-09-30,7916,0,105800
2026-09-30,7917,3600,113900
2026-09-30,7918,0,958100
2026-09-30,7919,0,183800
2026-09-30,7921,8300,34800
2026-09-30,7927,3200,78200
2026-09-30,7928,0,49700
2026-09-30,7931,42600,13700
2026-09-30,7932,0,127100
2026-09-30,7936,376300,3597700
2026-09-30,7937,4300,30800
2026-09-30,7938,0,19700
2026-09-30,7939,0,14900
2026-09-30,7942,5600,59300
2026-09-30,7943,8500,15000
2026-09-30,7944,15100,49800
2026-09-30,7946,0,100
2026-09-30,7947,25000,118900
2026-09-30,7949,42500,73700
2026-09-30,7951,60300,305100
2026-09-30,7952,16700,33700
2026-09-30,7953,0,86800
2026-09-30,7955,2300,197500
2026-09-30,7956,81700,263100
2026-09-30,7957,0,97300
2026-09-30,7962,207200,33600
2026-09-30,7963,100,63000
2026-09-30,7965,1175700,89700
2026-09-30,7966,468100,1937500
2026-09-30,7970,20600,114500
2026-09-30,7971,6400,442200
2026-09-30,7972,17900,233000
2026-09-30,7974,727800,9099600
2026-09-30,7975,0,29700
2026-09-30,7976,52000,23600
2026-09-30,7979,8800,32200
2026-09-30,7980,0,248800
2026-09-30,7981,29900,73500
2026-09-30,7983,0,58900
2026-09-30,7984,32400,68800
2026-09-30,7985,0,0
2026-09-30,7986,0,70600
2026-09-30,7987,7500,106300
2026-09-30,7988,103400,175100
2026-09-30,7989,18100,24600
2026-09-30,7990,2300,54100
2026-09-30,7991,13500,350400
2026-09-30,7992,0,381400
2026-09-30,7994,43400,144400
2026-09-30,7995,21800,64100
2026-09-30,7997,0,52300
2026-09-30,8001,1360400,13328700
2026-09-30,8002,157700,3287900
2026-09-30,8005,10800,296700
2026-09-30,8006,0,8500
2026-09-30,8007,22700,436600
2026-09-30,8008,18500,83200
2026-09-30,8011,322900,221000
2026-09-30,8012,42100,281700
2026-09-30,8013,0,462600
2026-09-30,8014,600,22700
2026-09-30,8015,44400,547400
2026-09-30,8016,74400,755900
2026-09-30,8018,8000,217200
2026-09-30,8020,37100,314200
2026-09-30,8022,27700,34800
2026-09-30,8023,9300,237400
2026-09-30,8025,0,10200
2026-09-30,8029,9000,20600
2026-09-30,8030,100,59000
2026-09-30,8031,119200,5089500
2026-09-30,8032,4200,22600
2026-09-30,8035,846000,10587900
2026-09-30,8037,21000,20700
2026-09-30,8039,0,8300
2026-09-30,8040,0,23100
2026-09-30,8041,4900,32300
2026-09-30,8043,18400,130500
2026-09-30,8045,0,6600
2026-09-30,8046,100,250100
2026-09-30,8050,40100,111900
2026-09-30,8051,66400,65800
2026-09-30,8052,27600,13800
2026-09-30,8053,482400,5430000
2026-09-30,8056,25700,36300
2026-09-30,8057,39900,51000
2026-09-30,8058,900100,6360400
2026-09-30,8059,58600,18600
2026-09-30,8060,11500,39100
2026-09-30,8061,3100,136800
2026-09-30,8065,8500,242900
2026-09-30,8066,19500,8900
2026-09-30,8070,7500,198300
2026-09-30,8074,7100,14500
2026-09-30,8075,6700,61500
2026-09-30,8076,1100,82600
2026-09-30,8077,1500,369400
2026-09-30,8078,24800,243900
2026-09-30,8079,131300,32700
2026-09-30,8081,1300,21000
2026-09-30,8084,38200,168800
2026-09-30,8085,0,23800
2026-09-30,8086,22300,266500
2026-09-30,8088,25600,1697000
2026-09-30,8089,0,51000
2026-09-30,8091,800,181800
2026-09-30,8093,4100,89100
2026-09-30,8095,22200,377100
2026-09-30,8097,59100,73700
2026-09-30,8098,9600,36000
2026-09-30,8101,3900,35500
2026-09-30,8103,35400,484800
2026-09-30,8104,0,72300
2026-09-30,8105,0,7200600
2026-09-30,8107,0,1228900
2026-09-30,8111,67500,312300
2026-09-30,8113,133600,2186600
2026-09-30,8115,0,59800
2026-09-30,8117,35200,466800
2026-09-30,8118,5400,17200
2026-09-30,8119,0,25600
2026-09-30,8123,0,6100
2026-09-30,8125,100600,88300
2026-09-30,8127,29600,50100
2026-09-30,8129,35700,41700
2026-09-30,8130,32600,110300
2026-09-30,8131,20400,10800
2026-09-30,8132,4500,4100
2026-09-30,8133,44300,62000
2026-09-30,8135,0,266700
2026-09-30,8136,1448400,18309300
2026-09-30,8137,26200,56200
2026-09-30,8138,0,4600
2026-09-30,8139,0,1262800
2026-09-30,8141,0,9500
2026-09-30,8142,6200,71800
2026-09-30,8143,0,190900
2026-09-30,8144,0,163000
2026-09-30,8147,0,24500
2026-09-30,8150,6700,114800
2026-09-30,8151,45300,335300
2026-09-30,8152,0,59000
2026-09-30,8153,79700,29700
2026-09-30,8154,11600,80500
2026-09-30,8157,13400,87200
2026-09-30,8158,10200,54800
2026-09-30,8159,3000,23600
2026-09-30,8160,119100,38200
2026-09-30,8163,398300,49300
2026-09-30,8165,265200,1281400
2026-09-30,8166,0,710100
2026-09-30,8167,53200,23400
2026-09-30,8173,74300,28800
2026-09-30,8174,42500,65200
2026-09-30,8179,118100,135000
2026-09-30,8181,0,87100
2026-09-30,8185,137600,373600
2026-09-30,8194,82300,61300
2026-09-30,8198,100,31200
2026-09-30,8200,204300,39900
2026-09-30,8202,32700,2106300
2026-09-30,8203,2800,231500
2026-09-30,8207,1000,55400
2026-09-30,8214,31700,149600
2026-09-30,8217,88000,81200
2026-09-30,8218,19700,12800
2026-09-30,8219,59600,552300
2026-09-30,8225,0,5900
2026-09-30,8226,0,1090500
2026-09-30,8227,47300,265900
2026-09-30,8230,6400,98100
2026-09-30,8233,369500,934400
2026-09-30,8237,394200,135300
2026-09-30,8242,18600,60500
2026-09-30,8244,71200,36000
2026-09-30,8247,0,369300
2026-09-30,8252,14800,410500
2026-09-30,8253,7800,226700
2026-09-30,8254,0,159800
2026-09-30,8255,30100,15500
2026-09-30,8260,3900,426400
2026-09-30,8267,1390500,9414300
2026-09-30,8273,112900,191200
2026-09-30,8275,32100,41400
2026-09-30,8276,33800,23800
2026-09-30,8278,138900,13300
2026-09-30,8281,38600,135500
2026-09-30,8282,39400,89100
2026-09-30,8285,103600,1289500
2026-09-30,8291,8300,352200
2026-09-30,8303,152900,9619500
2026-09-30,8304,1565600,2181000
2026-09-30,8306,1607800,32610900
2026-09-30,8308,683000,2380500
2026-09-30,8309,88600,4020500
2026-09-30,8316,2878200,25134000
2026-09-30,8331,351700,455200
2026-09-30,8334,125600,204000
2026-09-30,8336,5300,260000
2026-09-30,8337,26000,397300
2026-09-30,8338,509000,2582900
2026-09-30,8341,33100,459000
2026-09-30,8343,136100,545300
2026-09-30,8344,39100,92300
2026-09-30,8345,27600,412900
2026-09-30,8346,252100,559400
2026-09-30,8349,1600,102900
2026-09-30,8354,49900,309700
2026-09-30,8358,130000,671900
2026-09-30,8359,140300,348000
2026-09-30,8360,145400,3598600
2026-09-30,8361,194300,744300
2026-09-30,8362,31800,74600
2026-09-30,8364,11200,428500
2026-09-30,8365,24000,106900
2026-09-30,8366,87000,312600
2026-09-30,8367,27900,641200
2026-09-30,8368,226100,363700
2026-09-30,8370,25300,268500
2026-09-30,8377,814900,1434600
2026-09-30,8381,73100,176600
2026-09-30,8383,4100,126800
2026-09-30,8386,26800,308100
2026-09-30,8387,70100,491900
2026-09-30,8388,207900,1444600
2026-09-30,8392,20800,719800
2026-09-30,8393,38400,905800
2026-09-30,8395,2500,455800
2026-09-30,8399,16000,250900
2026-09-30,8410,5590400,3685500
2026-09-30,8411,996900,6104300
2026-09-30,8416,14100,317300
2026-09-30,8418,30600,275200
2026-09-30,8421,51,261
2026-09-30,8424,6000,119500
2026-09-30,8425,16800,516900
2026-09-30,8439,14300,329300
2026-09-30,8473,71500,5995000
2026-09-30,8508,185500,6829800
2026-09-30,8511,54300,241600
2026-09-30,8518,0,1559300
2026-09-30,8522,7200,80100
2026-09-30,8524,118800,875100
2026-09-30,8537,6600,176700
2026-09-30,8541,26800,213700
2026-09-30,8542,1000,170100
2026-09-30,8544,35900,380000
2026-09-30,8550,113200,1484800
2026-09-30,8551,71800,989900
2026-09-30,8558,55100,217500
2026-09-30,8562,418000,854700
2026-09-30,8563,11300,761200
2026-09-30,8566,9200,19400
2026-09-30,8570,27200,1221600
2026-09-30,8572,35300,3330600
2026-09-30,8584,13700,241100
2026-09-30,8585,47000,1909100
2026-09-30,8591,69700,1859400
2026-09-30,8593,945500,3357900
2026-09-30,8595,87200,484600
2026-09-30,8596,1100,212500
2026-09-30,8600,5000,1678400
2026-09-30,8601,119300,2563000
2026-09-30,8604,428600,10087700
2026-09-30,8609,46800,576200
2026-09-30,8613,137900,353300
2026-09-30,8614,389700,1382600
2026-09-30,8616,43200,537800
2026-09-30,8617,4400,467100
2026-09-30,8622,41100,454600
2026-09-30,8624,22100,141200
2026-09-30,8628,206400,797000
2026-09-30,8630,64100,480000
2026-09-30,8697,404400,345000
2026-09-30,8698,1687400,4744300
2026-09-30,8699,2900,9047700
2026-09-30,8700,0,71200
2026-09-30,8704,16300,403200
2026-09-30,8705,123200,889600
2026-09-30,8706,38400,288400
2026-09-30,8707,33500,174200
2026-09-30,8708,60500,321700
2026-09-30,8713,11000,195800
2026-09-30,8714,187300,4943100
2026-09-30,8715,229200,427200
2026-09-30,8725,53800,1928100
2026-09-30,8729,7732100,66640700
2026-09-30,8737,0,607200
2026-09-30,8739,154900,94400
2026-09-30,8742,38000,265800
2026-09-30,8746,0,1342100
2026-09-30,8747,0,190200
2026-09-30,8750,213200,2103400
2026-09-30,8766,4530400,41509900
2026-09-30,8769,5500,481200
2026-09-30,8771,32500,596200
2026-09-30,8772,0,74900
2026-09-30,8783,0,2583300
2026-09-30,8789,381500,4015200
2026-09-30,8793,1600,31200
2026-09-30,8795,106300,235400
2026-09-30,8798,0,758100
2026-09-30,8801,1173900,3125500
2026-09-30,8802,486200,952400
2026-09-30,8803,25100,125200
2026-09-30,8804,64000,142800
2026-09-30,8818,405100,158700
2026-09-30,8830,356100,1574600
2026-09-30,8835,40300,266300
2026-09-30,8836,0,725700
2026-09-30,8841,209500,196200
2026-09-30,8844,2500,653000
2026-09-30,8848,130900,1973200
2026-09-30,8850,4000,25900
2026-09-30,8860,11300,166700
2026-09-30,8864,5600,228400
2026-09-30,8869,82400,391100
2026-09-30,8871,5100,146300
2026-09-30,8876,20900,47200
2026-09-30,8877,3800,88600
2026-09-30,8881,11900,841200
2026-09-30,8887,44000,1677700
2026-09-30,8891,0,105400
2026-09-30,8892,36600,250900
2026-09-30,8894,0,5300500
2026-09-30,8897,205600,1072900
2026-09-30,8898,0,61300
2026-09-30,8904,0,165300
2026-09-30,8908,700,118300
2026-09-30,8912,154800,342500
2026-09-30,8914,33600,986700
2026-09-30,8917,59000,651200
2026-09-30,8918,10000,65224800
2026-09-30,8919,29300,47700
2026-09-30,8920,8300,365600
2026-09-30,8923,29000,144700
2026-09-30,8927,111500,538200
2026-09-30,8928,19900,55400
2026-09-30,8929,0,138700
2026-09-30,8931,2900,293700
2026-09-30,8934,12400,682800
2026-09-30,8935,28300,86200
2026-09-30,8938,0,1468800
2026-09-30,8944,0,1082900
2026-09-30,8945,0,89900
2026-09-30,8946,0,1916300
2026-09-30,8951,487,2783
2026-09-30,8952,398,4591
2026-09-30,8953,73,15892
2026-09-30,8954,33,1621
2026-09-30,8955,39,1864
2026-09-30,8956,15,1467
2026-09-30,8957,163,481
2026-09-30,8958,454,5319
2026-09-30,8960,16,3487
2026-09-30,8961,431,1843
2026-09-30,8963,121,43234
2026-09-30,8964,25,5610
2026-09-30,8966,41,15480
2026-09-30,8967,25,1294
2026-09-30,8968,23,507
2026-09-30,8972,4,5373
2026-09-30,8975,155,2876
2026-09-30,8976,35,494
2026-09-30,8977,101,1058
2026-09-30,8979,44,756
2026-09-30,8984,37,6834
2026-09-30,8985,653,38577
2026-09-30,8986,411,3166
2026-09-30,8987,135,779
2026-09-30,8995,0,123000
2026-09-30,8996,3300,52500
2026-09-30,8999,12100,356600
2026-09-30,9001,23700,313400
2026-09-30,9003,33600,145900
2026-09-30,9005,75500,1147500
2026-09-30,9006,97900,191100
2026-09-30,9007,144500,355800
2026-09-30,9008,41600,1963900
2026-09-30,9009,111400,387600
2026-09-30,9010,119300,44100
2026-09-30,9012,0,1600
2026-09-30,9017,0,6300
2026-09-30,9020,83100,1042900
2026-09-30,9021,698900,1257900
2026-09-30,9022,370500,745300
2026-09-30,9023,972700,1166900
2026-09-30,9024,354800,220700
2026-09-30,9025,800,24600
2026-09-30,9028,200,46900
2026-09-30,9029,0,78200
2026-09-30,9031,16600,58700
2026-09-30,9033,0,52400
2026-09-30,9034,0,44600
2026-09-30,9036,0,170200
2026-09-30,9037,7000,143200
2026-09-30,9039,36600,9300
2026-09-30,9041,69900,801100
2026-09-30,9042,56800,180600
2026-09-30,9044,72900,47000
2026-09-30,9045,37600,313700
2026-09-30,9046,39800,19000
2026-09-30,9048,37300,351100
2026-09-30,9049,0,1300
2026-09-30,9051,0,1100
2026-09-30,9052,38600,43000
2026-09-30,9057,0,33600
2026-09-30,9059,200,68500
2026-09-30,9060,0,3500
2026-09-30,9063,0,72500
2026-09-30,9064,64300,159000
2026-09-30,9065,102100,264700
2026-09-30,9068,15900,44800
2026-09-30,9069,39100,58500
2026-09-30,9072,30600,263300
2026-09-30,9073,0,4600
2026-09-30,9074,300,42300
2026-09-30,9075,6800,22000
2026-09-30,9076,18600,88300
2026-09-30,9081,5600,3700
2026-09-30,9082,0,23800
2026-09-30,9083,0,3000
2026-09-30,9087,0,4700
2026-09-30,9090,247600,302700
2026-09-30,9101,619600,1312700
2026-09-30,9104,354600,1200200
2026-09-30,9107,804900,1776200
2026-09-30,9110,4100,41500
2026-09-30,9115,0,1989900
2026-09-30,9119,89700,130900
2026-09-30,9127,0,32200
2026-09-30,9130,129200,282900
2026-09-30,9142,51700,613800
2026-09-30,9143,131100,683900
2026-09-30,9145,700,2522500
2026-09-30,9147,29700,77600
2026-09-30,9158,89500,648300
2026-09-30,9159,0,316300
2026-09-30,9160,11300,583800
2026-09-30,9162,0,1158200
2026-09-30,9163,0,379300
2026-09-30,9165,0,83700
2026-09-30,9166,388100,5802900
2026-09-30,9168,0,1142300
2026-09-30,9171,0,559000
2026-09-30,9173,0,4800
2026-09-30,9193,0,95900
2026-09-30,9201,176400,1060000
2026-09-30,9202,182600,658700
2026-09-30,9204,0,3027100
2026-09-30,9206,0,35900
2026-09-30,9211,0,676900
2026-09-30,9212,0,953800
2026-09-30,9213,0,198200
2026-09-30,9214,0,12400
2026-09-30,9215,0,29900
2026-09-30,9216,28100,168500
2026-09-30,9218,26500,155500
2026-09-30,9219,3500,78000
2026-09-30,9220,0,66300
2026-09-30,9221,0,43800
2026-09-30,9223,1800,359100
2026-09-30,9225,0,7900
2026-09-30,9227,605800,1089000
2026-09-30,9229,0,2124100
2026-09-30,9233,14600,64500
2026-09-30,9235,0,594500
2026-09-30,9236,0,54500
2026-09-30,9237,0,206800
2026-09-30,9238,0,89500
2026-09-30,9240,0,157100
2026-09-30,9241,0,15500
2026-09-30,9242,0,34000
2026-09-30,9244,0,30300
2026-09-30,9245,0,88100
2026-09-30,9246,0,21300
2026-09-30,9247,14700,209400
2026-09-30,9248,1600,144500
2026-09-30,9249,0,11900
2026-09-30,9250,0,91500
2026-09-30,9251,0,110800
2026-09-30,9252,0,175100
2026-09-30,9253,0,44300
2026-09-30,9254,0,48400
2026-09-30,9256,0,263900
2026-09-30,9257,0,3932900
2026-09-30,9258,0,327400
2026-09-30,9259,0,282000
2026-09-30,9262,3100,198800
2026-09-30,9264,5800,111600
2026-09-30,9265,300,387800
2026-09-30,9267,11800,79900
2026-09-30,9268,12000,1926700
2026-09-30,9270,7800,415000
2026-09-30,9271,0,266200
2026-09-30,9272,0,571000
2026-09-30,9273,9800,175600
2026-09-30,9274,69100,109500
2026-09-30,9278,163300,74900
2026-09-30,9279,39600,412900
2026-09-30,9282,0,6580
2026-09-30,9284,7,13367
2026-09-30,9285,0,6175
2026-09-30,9286,79,32694
2026-09-30,9301,123700,180800
2026-09-30,9302,30800,53400
2026-09-30,9303,12600,21700
2026-09-30,9304,181400,150600
2026-09-30,9305,120500,63900
2026-09-30,9306,300,350300
2026-09-30,9307,13700,125500
2026-09-30,9308,47200,80800
2026-09-30,9310,7900,25700
2026-09-30,9311,0,6000
2026-09-30,9312,700,75700
2026-09-30,9313,0,62100
2026-09-30,9319,54400,884300
2026-09-30,9322,0,20300
2026-09-30,9324,8200,49800
2026-09-30,9325,0,181700
2026-09-30,9326,0,145900
2026-09-30,9327,0,1237700
2026-09-30,9330,0,19700
2026-09-30,9331,0,48800
2026-09-30,9332,64700,259500
2026-09-30,9336,19100,40500
2026-09-30,9337,0,418800
2026-09-30,9339,0,24000
2026-09-30,9340,0,370700
2026-09-30,9341,0,568500
2026-09-30,9342,0,78800
2026-09-30,9343,0,1684900
2026-09-30,9344,0,198100
2026-09-30,9345,0,103700
2026-09-30,9346,0,81500
2026-09-30,9347,19800,14900
2026-09-30,9348,8000,5067000
2026-09-30,9351,300,25900
2026-09-30,9353,0,17700
2026-09-30,9355,0,5700
2026-09-30,9360,0,46900
2026-09-30,9361,0,8900
2026-09-30,9362,0,1700
2026-09-30,9363,0,171500
2026-09-30,9364,6400,55500
2026-09-30,9365,0,13000
2026-09-30,9366,5900,93500
2026-09-30,9367,0,2300
2026-09-30,9368,2800,32400
2026-09-30,9369,4900,85900
2026-09-30,9376,1300,24700
2026-09-30,9380,4600,49000
2026-09-30,9381,0,31000
2026-09-30,9385,2300,84700
2026-09-30,9401,10800,84800
2026-09-30,9404,39000,85800
2026-09-30,9405,25700,78200
2026-09-30,9408,0,6500
2026-09-30,9409,10900,408100
2026-09-30,9412,570000,4326900
2026-09-30,9413,2800,80700
2026-09-30,9414,15100,691000
2026-09-30,9416,131900,2801200
2026-09-30,9417,103100,191500
2026-09-30,9418,98600,4765000
2026-09-30,9419,0,214900
2026-09-30,9421,0,16800
2026-09-30,9423,1900,301800
2026-09-30,9424,1176100,9640300
2026-09-30,9425,0,3443800
2026-09-30,9428,100,18100
2026-09-30,9432,16482800,82080500
2026-09-30,9433,819700,1022800
2026-09-30,9434,4269300,23669900
2026-09-30,9435,3100,416900
2026-09-30,9436,20300,188400
2026-09-30,9438,55100,80900
2026-09-30,9439,0,168500
2026-09-30,9441,300,24300
2026-09-30,9444,0,93000
2026-09-30,9445,100,41900
2026-09-30,9446,0,250500
2026-09-30,9449,28200,92100
2026-09-30,9450,12300,403100
2026-09-30,9466,1700,171500
2026-09-30,9467,400,309600
2026-09-30,9468,163600,56600
2026-09-30,9470,33100,147700
2026-09-30,9474,48500,296900
2026-09-30,9475,0,6600
2026-09-30,9476,0,45400
2026-09-30,9478,0,1742800
2026-09-30,9501,2045700,78485400
2026-09-30,9502,110800,657100
2026-09-30,9503,241800,991500
2026-09-30,9504,157600,2210800
2026-09-30,9505,80700,1147800
2026-09-30,9506,116200,3910400
2026-09-30,9507,112800,272400
2026-09-30,9508,65200,811200
2026-09-30,9509,2723400,4056900
2026-09-30,9511,46200,309900
2026-09-30,9513,42200,775600
2026-09-30,9514,0,740400
2026-09-30,9517,211000,781300
2026-09-30,9519,444700,2258000
2026-09-30,9531,34500,127200
2026-09-30,9532,67600,213800
2026-09-30,9533,73000,56400
2026-09-30,9534,25800,98400
2026-09-30,9535,51500,75700
2026-09-30,9536,34300,30200
2026-09-30,9537,0,2700
2026-09-30,9539,8600,555800
2026-09-30,9543,39700,53800
2026-09-30,9551,4300,84600
2026-09-30,9552,67900,737300
2026-09-30,9553,173200,1046900
2026-09-30,9554,0,166400
2026-09-30,9556,100,161500
2026-09-30,9557,0,441600
2026-09-30,9558,0,72400
2026-09-30,9560,57100,516900
2026-09-30,9561,0,319700
2026-09-30,9562,0,44900
2026-09-30,9563,0,306000
2026-09-30,9564,0,395500
2026-09-30,9565,0,83800
2026-09-30,9601,46000,34300
2026-09-30,9602,134800,924300
2026-09-30,9603,136300,1413300
2026-09-30,9605,16300,4800
2026-09-30,9610,0,948900
2026-09-30,9612,100,190500
2026-09-30,9616,109300,525000
2026-09-30,9619,3200,56000
2026-09-30,9621,17900,52000
2026-09-30,9622,14700,89900
2026-09-30,9625,0,256200
2026-09-30,9627,14300,75600
2026-09-30,9628,24000,295500
2026-09-30,9629,13000,33800
2026-09-30,9632,2000,91500
2026-09-30,9633,9900,258100
2026-09-30,9635,0,4200
2026-09-30,9636,0,5600
2026-09-30,9639,0,243700
2026-09-30,9640,0,62500
2026-09-30,9644,52000,77900
2026-09-30,9647,0,17700
2026-09-30,9651,900,76900
2026-09-30,9656,0,22000
2026-09-30,9658,1500,204100
2026-09-30,9661,0,22400
2026-09-30,9663,70200,52900
2026-09-30,9672,8300,93700
2026-09-30,9678,15100,65000
2026-09-30,9679,0,3800
2026-09-30,9682,59800,89000
2026-09-30,9684,144100,273800
2026-09-30,9685,0,87000
2026-09-30,9686,0,33500
2026-09-30,9687,12400,33200
2026-09-30,9691,0,1700
2026-09-30,9692,16200,108100
2026-09-30,9697,259600,601400
2026-09-30,9698,0,139100
2026-09-30,9699,24900,33400
2026-09-30,9701,0,2100
2026-09-30,9702,22000,270100
2026-09-30,9704,0,7071800
2026-09-30,9706,205700,69600
2026-09-30,9708,6200,191300
2026-09-30,9709,0,84600
2026-09-30,9713,0,55900
2026-09-30,9715,20700,14800
2026-09-30,9716,35300,253000
2026-09-30,9720,0,2200
2026-09-30,9722,212700,104700
2026-09-30,9723,0,18900
2026-09-30,9726,200,38900
2026-09-30,9729,1600,14800
2026-09-30,9731,0,24400
2026-09-30,9733,0,92400
2026-09-30,9735,13200,54900
2026-09-30,9739,0,107500
2026-09-30,9740,400,41600
2026-09-30,9742,23500,17200
2026-09-30,9743,44000,460600
2026-09-30,9744,42400,229900
2026-09-30,9746,2400,15500
2026-09-30,9753,0,324200
2026-09-30,9755,10200,103200
2026-09-30,9757,136200,242100
2026-09-30,9759,47300,95200
2026-09-30,9760,55200,484900
2026-09-30,9761,0,47900
2026-09-30,9763,2300,108300
2026-09-30,9765,3400,70100
2026-09-30,9766,92400,59600
2026-09-30,9767,0,24300
2026-09-30,9768,100,119100
2026-09-30,9769,300,68300
2026-09-30,9778,0,2300
2026-09-30,9780,0,39900
2026-09-30,9782,0,133300
2026-09-30,9788,8700,97100
2026-09-30,9790,3600,26400
2026-09-30,9791,0,276400
2026-09-30,9793,3300,49800
2026-09-30,9795,3400,26800
2026-09-30,9799,0,99700
2026-09-30,9812,0,156000
2026-09-30,9816,0,560200
2026-09-30,9818,0,4600
2026-09-30,9820,0,14600
2026-09-30,9823,0,515700
2026-09-30,9824,33300,29800
2026-09-30,9827,0,131100
2026-09-30,9828,18600,128900
2026-09-30,9830,6500,92200
2026-09-30,9831,362000,947700
2026-09-30,9832,54900,88700
2026-09-30,9835,600,11100
2026-09-30,9837,2600,82900
2026-09-30,9842,20900,178700
2026-09-30,9843,371300,1247600
2026-09-30,9845,0,57800
2026-09-30,9846,0,64100
2026-09-30,9849,0,400
2026-09-30,9850,160500,22100
2026-09-30,9853,0,34400
2026-09-30,9854,0,495100
2026-09-30,9856,200,204200
2026-09-30,9857,0,23700
2026-09-30,9861,209300,86500
2026-09-30,9867,0,7700
2026-09-30,9869,5200,1300
2026-09-30,9872,3100,62800
2026-09-30,9876,0,508700
2026-09-30,9878,0,107100
2026-09-30,9880,0,359100
2026-09-30,9882,32900,69200
2026-09-30,9885,0,218400
2026-09-30,9887,46600,59300
2026-09-30,9888,0,501800
2026-09-30,9889,37800,125200
2026-09-30,9890,0,165300
2026-09-30,9895,0,13400
2026-09-30,9896,2600,213100
2026-09-30,9900,516000,43500
2026-09-30,9902,9800,42600
2026-09-30,9903,200,29200
2026-09-30,9904,0,97200
2026-09-30,9906,0,25700
2026-09-30,9908,0,48300
2026-09-30,9913,24800,396600
2026-09-30,9928,6100,17200
2026-09-30,9929,0,6900
2026-09-30,9930,1000,692500
2026-09-30,9932,4600,69300
2026-09-30,9934,12800,72100
2026-09-30,9936,124300,69400
2026-09-30,9941,0,290900
2026-09-30,9946,152600,43000
2026-09-30,9948,17900,14900
2026-09-30,9950,0,3200
2026-09-30,9955,0,5400
2026-09-30,9956,12700,232000
2026-09-30,9959,2400,162500
2026-09-30,9960,4000,41500
2026-09-30,9962,24200,59900
2026-09-30,9969,2600,83100
2026-09-30,9972,1200,2771800
2026-09-30,9973,0,7113000
2026-09-30,9974,4000,19000
2026-09-30,9976,0,12200
2026-09-30,9978,0,2310400
2026-09-30,9979,113000,127900
2026-09-30,9980,0,1794900
2026-09-30,9982,0,41400
2026-09-30,9983,174000,465100
2026-09-30,9984,5555400,29157600
2026-09-30,9986,0,7000
2026-09-30,9987,37500,30700
2026-09-30,9989,4100,233600
2026-09-30,9990,48100,194300
2026-09-30,9991,800,93700
2026-09-30,9993,0,9400
2026-09-30,9994,3000,177800
2026-09-30,9996,500,2300
2026-09-30,9997,40400,306700
2026-10-01,1301,8800,157700
2026-10-01,1305,10070,44020
2026-10-01,1306,2410900,10500890
2026-10-01,1308,55850,60855
2026-10-01,1309,0,1541
2026-10-01,130A,0,273700
2026-10-01,1311,2572,20073
2026-10-01,1319,0,5000
2026-10-01,1320,9350,15415
2026-10-01,1321,105276,197926
2026-10-01,1322,0,24894
2026-10-01,1325,11250,155300
2026-10-01,1328,3861,156954
2026-10-01,1329,26286,281409
2026-10-01,1330,7356,8210
2026-10-01,1332,64700,674100
2026-10-01,1333,10100,232300
2026-10-01,133A,6268,123049
2026-10-01,1343,55050,1179360
2026-10-01,1345,2199,115499
2026-10-01,1346,2808,7652
2026-10-01,1348,617,37109
2026-10-01,1356,1173240,2540820
2026-10-01,1357,1339969,5854294
2026-10-01,1358,2993,10730
2026-10-01,135A,60800,281900
2026-10-01,1360,10043780,45976660
2026-10-01,1364,1,5547
2026-10-01,1365,36997,251836
2026-10-01,1366,22613,2589112
2026-10-01,1367,3365,118617
2026-10-01,1368,24781,75910
2026-10-01,1369,102,576
2026-10-01,1375,18100,61500
2026-10-01,1376,0,35100
2026-10-01,1377,23800,45300
2026-10-01,1379,10400,31600
2026-10-01,137A,0,102400
2026-10-01,1380,0,3300
2026-10-01,1381,0,54600
2026-10-01,1382,0,6800
2026-10-01,1383,0,10600
2026-10-01,1384,0,117900
2026-10-01,138A,0,67600
2026-10-01,1397,0,23
2026-10-01,1398,200,6960
2026-10-01,1399,0,1244
2026-10-01,1401,0,79800
2026-10-01,1407,12900,764100
2026-10-01,140A,0,294
2026-10-01,1414,205100,784700
2026-10-01,1417,12300,104800
2026-10-01,1418,24700,545100
2026-10-01,1419,658900,191600
2026-10-01,141A,453900,1044200
2026-10-01,1420,9800,110100
2026-10-01,1429,35900,504200
2026-10-01,142A,0,233200
2026-10-01,1430,900,348500
2026-10-01,1431,143200,74300
2026-10-01,1433,102200,253700
2026-10-01,1434,11700,374300
2026-10-01,1435,6000,4027300
2026-10-01,1436,0,279500
2026-10-01,1438,0,47000
2026-10-01,143A,0,106600
2026-10-01,1443,0,941700
2026-10-01,1444,0,25000
2026-10-01,1446,19700,43100
2026-10-01,1447,1000,1701300
2026-10-01,1450,0,67300
2026-10-01,1456,1374,32173
2026-10-01,1457,81,32398
2026-10-01,1458,15090,60608
2026-10-01,1459,447293,8200606
2026-10-01,145A,0,264900
2026-10-01,1466,0,2118
2026-10-01,1469,0,38120
2026-10-01,146A,0,525200
2026-10-01,1472,0,24552
2026-10-01,1473,2100,6200
2026-10-01,1474,0,11
2026-10-01,1475,27230,1654700
2026-10-01,1476,263,100057
2026-10-01,1477,0,556
2026-10-01,1478,170,13908
2026-10-01,1479,0,14
2026-10-01,147A,125100,615300
2026-10-01,1480,0,0
2026-10-01,1481,0,16
2026-10-01,1482,118,48134
2026-10-01,1483,0,0
2026-10-01,1484,0,300
2026-10-01,1485,0,0
2026-10-01,1486,32,3582
2026-10-01,1487,0,2405
2026-10-01,1488,70,32732
2026-10-01,1489,16919,416521
2026-10-01,148A,0,102800
2026-10-01,1490,0,3
2026-10-01,1491,0,84700
2026-10-01,1493,0,60
2026-10-01,1494,1,2051
2026-10-01,1495,0,928
2026-10-01,1496,50,2858
2026-10-01,1497,50,46439
2026-10-01,1498,0,244
2026-10-01,1499,0,14
2026-10-01,149A,0,125700
2026-10-01,150A,0,826300
2026-10-01,1514,650800,1623300
2026-10-01,1515,74700,885800
2026-10-01,1518,138400,457400
2026-10-01,151A,0,178700
2026-10-01,153A,19400,154200
2026-10-01,1540,15875,1099424
2026-10-01,1541,3106,202205
2026-10-01,1542,2953,414128
2026-10-01,1543,0,2390
2026-10-01,1545,2179860,23820510
2026-10-01,1546,236,3288
2026-10-01,1547,2226,122967
2026-10-01,1550,180,34126
2026-10-01,1551,0,1150
2026-10-01,1554,187,7756
2026-10-01,1555,115,1580
2026-10-01,1559,74,1195
2026-10-01,155A,5000,541400
2026-10-01,1560,0,1980
2026-10-01,1563,3094,26844
2026-10-01,1566,154,2347
2026-10-01,1568,403850,2755630
2026-10-01,1569,6520,677150
2026-10-01,156A,2200,554300
2026-10-01,1570,392721,1383583
2026-10-01,1571,22463,2375662
2026-10-01,1572,0,22800
2026-10-01,1573,140,4840
2026-10-01,1577,72,3543
2026-10-01,1578,588,4725
2026-10-01,1579,1425130,8580460
2026-10-01,157A,0,384700
2026-10-01,1580,5680,1522130
2026-10-01,1585,0,40
2026-10-01,1586,0,360
2026-10-01,1591,0,315
2026-10-01,1592,1,375
2026-10-01,1593,2,57
2026-10-01,1595,9,761533
2026-10-01,1596,0,5
2026-10-01,1597,402,248603
2026-10-01,1599,0,8
2026-10-01,159A,0,6620
2026-10-01,1605,190800,3571500
2026-10-01,160A,0,134500
2026-10-01,1615,76300,2994770
2026-10-01,1617,24,704
2026-10-01,1618,4,1628
2026-10-01,1619,57,910
2026-10-01,1620,94,473
2026-10-01,1621,21,874
2026-10-01,1622,48,1702
2026-10-01,1623,132,8774
2026-10-01,1624,6,296
2026-10-01,1625,138,969
2026-10-01,1626,36,634
2026-10-01,1627,6,3673
2026-10-01,1628,28,343
2026-10-01,1629,3670,954350
2026-10-01,162A,0,337
2026-10-01,1630,7,1517
2026-10-01,1631,190,6812
2026-10-01,1632,75,2531
2026-10-01,1633,248,451
2026-10-01,163A,0,7163
2026-10-01,1651,0,44703
2026-10-01,1652,0,20
2026-10-01,1653,0,60
2026-10-01,1654,0,0
2026-10-01,1655,115130,6255850
2026-10-01,1656,850,125650
2026-10-01,1657,0,7215
2026-10-01,1658,92,18952
2026-10-01,1659,95,8616
2026-10-01,1660,28,2504
2026-10-01,1662,37600,1008600
2026-10-01,1663,37800,463600
2026-10-01,166A,148100,2095400
2026-10-01,1671,376808,401446
2026-10-01,1677,0,290
2026-10-01,1678,40160,3516990
2026-10-01,1679,0,300
2026-10-01,167A,23000,134400
2026-10-01,1680,25,4010
2026-10-01,1681,185,26686
2026-10-01,168A,0,45500
2026-10-01,1698,100,11114
2026-10-01,1699,848350,569170
2026-10-01,170A,0,45
2026-10-01,1711,0,428200
2026-10-01,1716,6600,614500
2026-10-01,1717,0,123700
2026-10-01,1718,0,245600
2026-10-01,1719,61500,555600
2026-10-01,1720,25900,163100
2026-10-01,1721,39800,39500
2026-10-01,1723,72400,325400
2026-10-01,1724,0,173600
2026-10-01,1736,0,36100
2026-10-01,173A,0,40400
2026-10-01,1758,0,91700
2026-10-01,175A,0,156300
2026-10-01,1762,11700,31800
2026-10-01,1764,0,21300
2026-10-01,1766,8000,29100
2026-10-01,1768,1600,80700
2026-10-01,1770,0,110700
2026-10-01,177A,0,222000
2026-10-01,1780,45900,59100
2026-10-01,1783,0,3977400
2026-10-01,1786,57900,563000
2026-10-01,1787,0,6200
2026-10-01,1788,0,5300
2026-10-01,178A,1,21302
2026-10-01,1793,0,63100
2026-10-01,1795,0,500
2026-10-01,1798,0,575700
2026-10-01,1799,17700,87700
2026-10-01,179A,60,192080
2026-10-01,1801,31200,469600
2026-10-01,1802,90400,781700
2026-10-01,1803,53600,3153200
2026-10-01,1807,100,21400
2026-10-01,1808,51200,260400
2026-10-01,180A,0,106810
2026-10-01,1810,1900,239400
2026-10-01,1811,3600,132500
2026-10-01,1812,36500,1249800
2026-10-01,1813,24500,108300
2026-10-01,1814,2500,292800
2026-10-01,1815,75800,339200
2026-10-01,181A,0,0
2026-10-01,1820,5700,151000
2026-10-01,1822,148600,259200
2026-10-01,1826,15600,148100
2026-10-01,1827,27800,946100
2026-10-01,1828,0,69800
2026-10-01,182A,0,7700
2026-10-01,1833,21300,206200
2026-10-01,1835,5000,94600
2026-10-01,183A,0,1040
2026-10-01,1840,0,252300
2026-10-01,1844,0,574000
2026-10-01,1847,800,336600
2026-10-01,1848,34900,57900
2026-10-01,184A,0,157500
2026-10-01,1850,0,697500
2026-10-01,1852,85500,802500
2026-10-01,1853,0,604500
2026-10-01,1860,51800,136000
2026-10-01,1861,36000,922300
2026-10-01,1866,600,214000
2026-10-01,1867,3100,45600
2026-10-01,186A,3356700,6981800
2026-10-01,1870,17300,180700
2026-10-01,1871,6100,236400
2026-10-01,1873,10300,320600
2026-10-01,1878,70200,724100
2026-10-01,1879,22100,557400
2026-10-01,1882,74000,435200
2026-10-01,1885,26000,602900
2026-10-01,1887,42300,1117200
2026-10-01,1888,3600,61100
2026-10-01,188A,0,28998
2026-10-01,1893,44300,1745500
2026-10-01,1897,0,12900
2026-10-01,1898,17700,308600
2026-10-01,1899,9300,65300
2026-10-01,189A,0,188100
2026-10-01,1904,41700,272100
2026-10-01,1905,0,68500
2026-10-01,190A,0,4012100
2026-10-01,1911,136100,4500800
2026-10-01,1914,29200,148800
2026-10-01,1921,26800,2101000
2026-10-01,1925,91400,1128900
2026-10-01,1926,94900,431300
2026-10-01,1928,558000,839100
2026-10-01,1929,24600,180900
2026-10-01,192A,0,97500
2026-10-01,1930,2500,252200
2026-10-01,1934,5600,150800
2026-10-01,1938,0,148900
2026-10-01,1939,19400,124500
2026-10-01,1941,12100,25100
2026-10-01,1942,27500,460600
2026-10-01,1944,10500,287100
2026-10-01,1945,5800,338500
2026-10-01,1946,600,99000
2026-10-01,194A,0,163700
2026-10-01,1950,21700,73100
2026-10-01,1951,9300,130400
2026-10-01,1952,3000,178200
2026-10-01,1959,10000,80900
2026-10-01,195A,1600,268200
2026-10-01,1960,0,374200
2026-10-01,1961,48700,186000
2026-10-01,1963,56400,1370300
2026-10-01,1964,1300,68600
2026-10-01,1965,37600,213800
2026-10-01,1966,5300,100900
2026-10-01,1967,28300,90700
2026-10-01,1968,6700,151500
2026-10-01,1969,35600,282200
2026-10-01,196A,0,687900
2026-10-01,1972,1400,420100
2026-10-01,1975,1000,82100
2026-10-01,1976,36400,68900
2026-10-01,1979,4700,50500
2026-10-01,197A,343700,1597300
2026-10-01,1980,20300,502100
2026-10-01,1981,0,23600
2026-10-01,1982,15000,103300
2026-10-01,198A,0,1197400
2026-10-01,1992,0,500
2026-10-01,1994,0,130500
2026-10-01,1997,0,13800
2026-10-01,2001,17300,55500
2026-10-01,2002,62000,111400
2026-10-01,2003,9100,29000
2026-10-01,2004,5100,130500
2026-10-01,2009,0,90900
2026-10-01,200A,107375,2473566
2026-10-01,2011,0,1340
2026-10-01,2012,1400,113760
2026-10-01,2013,2720,450070
2026-10-01,2014,10,238490
2026-10-01,2015,0,231
2026-10-01,2016,0,33600
2026-10-01,2017,66,44082
2026-10-01,2018,0,26
2026-10-01,2019,0,6195
2026-10-01,201A,40820,344070
2026-10-01,2031,0,3029
2026-10-01,2032,0,1370
2026-10-01,2033,0,14028
2026-10-01,2034,0,32223
2026-10-01,2036,0,38698
2026-10-01,2037,0,17629
2026-10-01,2038,0,124547
2026-10-01,2039,0,3001016
2026-10-01,2040,0,2424
2026-10-01,2041,0,38581
2026-10-01,2042,0,1701
2026-10-01,2043,0,20
2026-10-01,2044,0,4433
2026-10-01,2045,0,1
2026-10-01,2046,0,12730
2026-10-01,2047,0,2016
2026-10-01,2048,0,40
2026-10-01,2050,0,70
2026-10-01,2053,5400,130400
2026-10-01,2055,300,1389500
2026-10-01,205A,0,177000
2026-10-01,2060,9600,345800
2026-10-01,2065,0,0
2026-10-01,2066,0,0
2026-10-01,2067,0,0
2026-10-01,2068,0,0
2026-10-01,2069,0,15
2026-10-01,206A,0,977700
2026-10-01,2070,0,0
2026-10-01,2071,0,41
2026-10-01,2072,0,35
2026-10-01,2073,0,2
2026-10-01,2080,4125,156501
2026-10-01,2081,15,2438
2026-10-01,2082,3,38
2026-10-01,2083,14,15912
2026-10-01,2084,26,11039
2026-10-01,2085,700,38760
2026-10-01,2086,0,0
2026-10-01,2087,0,0
2026-10-01,2088,0,346
2026-10-01,2089,0,116
2026-10-01,208A,0,98700
2026-10-01,2090,0,10
2026-10-01,2091,0,0
2026-10-01,2092,0,0
2026-10-01,2093,0,1720
2026-10-01,2094,0,2400
2026-10-01,2095,0,2900
2026-10-01,2096,0,4201
2026-10-01,2097,0,22025
2026-10-01,2098,0,28293
2026-10-01,2108,87000,1361800
2026-10-01,2109,19200,19300
2026-10-01,210A,11,326162
2026-10-01,2112,2000,464500
2026-10-01,2114,29300,21700
2026-10-01,2117,17300,23200
2026-10-01,211A,0,60600
2026-10-01,2120,355200,3034600
2026-10-01,2121,34300,190200
2026-10-01,2122,0,43100
2026-10-01,2124,34900,116700
2026-10-01,2127,1199300,3410100
2026-10-01,212A,118600,618000
2026-10-01,2130,90900,349900
2026-10-01,2134,0,10720400
2026-10-01,2136,0,69000
2026-10-01,2138,104200,1236700
2026-10-01,2139,1000,70300
2026-10-01,213A,70750,1354070
2026-10-01,2146,1062500,2255700
2026-10-01,2148,0,151700
2026-10-01,2152,0,23600
2026-10-01,2153,100,201200
2026-10-01,2154,27200,43100
2026-10-01,2156,0,161200
2026-10-01,2157,33400,886100
2026-10-01,2158,0,1794400
2026-10-01,215A,179700,4775900
2026-10-01,2160,727800,8390600
2026-10-01,2163,0,177700
2026-10-01,2164,0,134300
2026-10-01,2168,44500,413000
2026-10-01,2169,1400,15600
2026-10-01,2170,1093300,887500
2026-10-01,2173,10200,194600
2026-10-01,2175,57200,101300
2026-10-01,2179,300,243300
2026-10-01,2181,257700,2327800
2026-10-01,2183,0,372800
2026-10-01,2185,0,21800
2026-10-01,2186,0,82900
2026-10-01,218A,0,911500
2026-10-01,2193,664700,1393800
2026-10-01,2195,0,229200
2026-10-01,2198,24200,57300
2026-10-01,219A,504000,1740500
2026-10-01,2201,28600,152000
2026-10-01,2204,4700,8000
2026-10-01,2206,85700,52100
2026-10-01,2207,228800,519600
2026-10-01,2208,0,16400
2026-10-01,2209,1400,11000
2026-10-01,220A,0,171800
2026-10-01,2211,73500,63800
2026-10-01,2212,58100,82800
2026-10-01,2215,0,107900
2026-10-01,2216,38600,112000
2026-10-01,2217,114300,25700
2026-10-01,221A,15950,270700
2026-10-01,2220,33200,78400
2026-10-01,2221,0,13400
2026-10-01,2222,36300,80500
2026-10-01,2224,0,12500
2026-10-01,2226,12400,1900
2026-10-01,2229,30800,34000
2026-10-01,2235,0,4139
2026-10-01,2236,0,145567
2026-10-01,2237,445,129607
2026-10-01,2238,0,574
2026-10-01,2239,0,4265
2026-10-01,223A,58,29853
2026-10-01,2240,0,4153
2026-10-01,2241,6920,27840
2026-10-01,2242,30,1190
2026-10-01,2243,31349,815628
2026-10-01,2244,1900,715813
2026-10-01,2245,0,10
2026-10-01,2247,0,10196
2026-10-01,2248,0,1644
2026-10-01,2249,0,3371
2026-10-01,224A,158,55554
2026-10-01,2250,10,1150
2026-10-01,2251,370,22800
2026-10-01,2252,0,512
2026-10-01,2253,0,10148
2026-10-01,2254,0,12062
2026-10-01,2255,80,592630
2026-10-01,2256,0,61510
2026-10-01,2257,0,4030
2026-10-01,2258,0,219260
2026-10-01,2259,500,3150
2026-10-01,2264,85600,664100
2026-10-01,2266,75400,111500
2026-10-01,2267,64600,446900
2026-10-01,2268,0,19100
2026-10-01,2269,57000,74800
2026-10-01,2270,7000,109900
2026-10-01,2281,22500,540200
2026-10-01,2282,59600,424700
2026-10-01,2286,6200,219800
2026-10-01,2288,26000,46500
2026-10-01,228A,0,63500
2026-10-01,2291,5200,53200
2026-10-01,2292,4100,64600
2026-10-01,2293,0,3600
2026-10-01,2294,46300,61100
2026-10-01,2296,11000,59800
2026-10-01,2300,0,24900
2026-10-01,2301,77700,118100
2026-10-01,2303,0,94000
2026-10-01,2304,500,73700
2026-10-01,2305,40200,15000
2026-10-01,2307,600,75800
2026-10-01,2311,0,207800
2026-10-01,2315,1483400,8042100
2026-10-01,2317,223000,894800
2026-10-01,2321,0,1975800
2026-10-01,2323,0,1157900
2026-10-01,2325,17800,83700
2026-10-01,2326,10800,201300
2026-10-01,2327,24200,68300
2026-10-01,2329,0,460900
2026-10-01,2330,0,3597100
2026-10-01,2331,4500,101300
2026-10-01,2332,300,117000
2026-10-01,2334,0,12771400
2026-10-01,2335,18400,45600
2026-10-01,2337,48800,1497400
2026-10-01,2338,0,24600
2026-10-01,233A,550,17903
2026-10-01,2340,0,35300
2026-10-01,2341,0,354200
2026-10-01,2342,0,917400
2026-10-01,2345,0,1416600
2026-10-01,2349,0,35500
2026-10-01,234A,0,1236
2026-10-01,2351,0,186400
2026-10-01,2353,41500,1222700
2026-10-01,2354,0,1526300
2026-10-01,2359,1500,41400
2026-10-01,235A,1,20472
2026-10-01,236A,1730,10980
2026-10-01,2370,0,9160200
2026-10-01,2371,36400,85900
2026-10-01,2373,0,123400
2026-10-01,2375,0,568000
2026-10-01,2376,0,14200
2026-10-01,2378,166800,68400
2026-10-01,2379,108500,231800
2026-10-01,237A,120,1909410
2026-10-01,2384,17300,456400
2026-10-01,2385,0,1039700
2026-10-01,2388,0,1557000
2026-10-01,238A,3530,1865800
2026-10-01,2391,0,19900
2026-10-01,2393,100,56200
2026-10-01,2395,14300,727100
2026-10-01,2404,47100,46600
2026-10-01,2408,0,52900
2026-10-01,2410,5000,155000
2026-10-01,2411,3800,189900
2026-10-01,2413,834200,2922300
2026-10-01,2415,0,304400
2026-10-01,2418,4000,1178800
2026-10-01,241A,20300,188800
2026-10-01,2424,0,60300
2026-10-01,2425,0,24200
2026-10-01,2428,12800,468200
2026-10-01,2429,1600,160400
2026-10-01,2432,36600,1753000
2026-10-01,2433,80500,41300
2026-10-01,2435,0,290300
2026-10-01,2436,0,352200
2026-10-01,2437,0,2925200
2026-10-01,2438,143600,449000
2026-10-01,2440,571300,1511300
2026-10-01,2445,9200,527300
2026-10-01,2449,0,130000
2026-10-01,244A,0,164600
2026-10-01,2454,0,495200
2026-10-01,2459,0,446800
2026-10-01,245A,0,206400
2026-10-01,2461,113700,616800
2026-10-01,2462,96300,63200
2026-10-01,2464,2600,80800
2026-10-01,2469,0,76900
2026-10-01,246A,0,333800
2026-10-01,2471,67900,1102400
2026-10-01,2475,3500,87900
2026-10-01,2477,16400,27200
2026-10-01,2479,0,541800
2026-10-01,247A,708700,5574100
2026-10-01,2480,0,6500
2026-10-01,2481,0,12100
2026-10-01,2483,0,309500
2026-10-01,2484,1597700,3190400
2026-10-01,2485,10400,544900
2026-10-01,2488,0,172700
2026-10-01,2489,164400,757400
2026-10-01,248A,0,226800
2026-10-01,2491,289000,657600
2026-10-01,2492,677400,1375900
2026-10-01,2493,600,23100
2026-10-01,2497,9900,174300
2026-10-01,2498,0,64500
2026-10-01,2499,0,157800
2026-10-01,2501,344400,309800
2026-10-01,2502,74800,3414300
2026-10-01,2503,79200,471700
2026-10-01,250A,7900,48300
2026-10-01,2510,5040,6580
2026-10-01,2511,0,1970
2026-10-01,2512,200,4820
2026-10-01,2513,5,99456
2026-10-01,2514,100,889
2026-10-01,2515,253,14082
2026-10-01,2516,751500,1035820
2026-10-01,2517,110,2400
2026-10-01,2518,0,741
2026-10-01,2519,10,2260
2026-10-01,2520,260,18305
2026-10-01,2521,90,67186
2026-10-01,2522,248,15012
2026-10-01,2523,0,0
2026-10-01,2524,0,42
2026-10-01,2525,1,2
2026-10-01,2526,0,3
2026-10-01,2527,0,107
2026-10-01,2528,1361,31023
2026-10-01,2529,1,921
2026-10-01,2530,0,666
2026-10-01,2531,290900,52400
2026-10-01,2533,22700,525700
2026-10-01,253A,3400,255900
2026-10-01,254A,0,1257000
2026-10-01,2552,1,7736
2026-10-01,2553,0,105000
2026-10-01,2554,10,990
2026-10-01,2555,10,6370
2026-10-01,2556,1550,32300
2026-10-01,2557,10,15040
2026-10-01,2558,4732,825715
2026-10-01,2559,3449,1623520
2026-10-01,255A,2100,215400
2026-10-01,2560,0,0
2026-10-01,2561,3894,10823
2026-10-01,2562,3141,7889
2026-10-01,2563,58020,250160
2026-10-01,2564,3627,6651
2026-10-01,2565,19,1422
2026-10-01,2566,17,385
2026-10-01,2567,10,160
2026-10-01,2568,677,65302
2026-10-01,2569,1953,10188
2026-10-01,256A,9600,865200
2026-10-01,2573,0,28000
2026-10-01,2579,31900,190900
2026-10-01,257A,0,1270
2026-10-01,2585,29000,1210100
2026-10-01,2586,0,8841500
2026-10-01,2587,29200,99600
2026-10-01,2588,0,50800
2026-10-01,258A,0,702
2026-10-01,2590,61400,33800
2026-10-01,2593,84600,244300
2026-10-01,2594,182200,19600
2026-10-01,2597,0,42600
2026-10-01,2602,8400,55800
2026-10-01,2607,51300,41100
2026-10-01,2612,0,435100
2026-10-01,2613,8500,24700
2026-10-01,261A,0,155000
2026-10-01,2620,10,80090
2026-10-01,2621,4906,1346859
2026-10-01,2622,50,1394
2026-10-01,2623,0,1550
2026-10-01,2624,407,8096
2026-10-01,2625,10,557
2026-10-01,2626,24,925
2026-10-01,2627,1,14
2026-10-01,2628,0,120035
2026-10-01,2629,0,78873
2026-10-01,262A,0,398400
2026-10-01,2630,25,8143
2026-10-01,2631,5510,97725
2026-10-01,2632,344,6532
2026-10-01,2633,12670,437910
2026-10-01,2634,634,8487
2026-10-01,2636,9,34
2026-10-01,2637,7,5636
2026-10-01,2638,1907,71107
2026-10-01,2639,0,1186
2026-10-01,2640,617,22686
2026-10-01,2641,22,1519
2026-10-01,2642,0,2
2026-10-01,2644,58338,889896
2026-10-01,2645,0,6
2026-10-01,2646,222,21812
2026-10-01,2647,0,40
2026-10-01,2648,0,8094
2026-10-01,2649,0,0
2026-10-01,264A,0,772800
2026-10-01,2652,62200,907000
2026-10-01,2653,0,27000
2026-10-01,2654,0,20100
2026-10-01,2656,0,5438900
2026-10-01,2659,13700,21900
2026-10-01,265A,0,176100
2026-10-01,2664,22000,17200
2026-10-01,2666,0,1280400
2026-10-01,2667,316700,2056000
2026-10-01,2668,0,8400
2026-10-01,2669,8800,14900
2026-10-01,2670,11700,83500
2026-10-01,2673,0,683700
2026-10-01,2674,6600,93500
2026-10-01,2676,13600,28100
2026-10-01,2678,250000,615500
2026-10-01,2681,87600,360900
2026-10-01,2683,0,7600
2026-10-01,2685,18600,146100
2026-10-01,2687,100,57100
2026-10-01,2689,500,121300
2026-10-01,268A,4200,1529400
2026-10-01,2693,0,850300
2026-10-01,2694,7700,272000
2026-10-01,2695,919700,254800
2026-10-01,2698,0,16100
2026-10-01,269A,0,56600
2026-10-01,2700,0,61200
2026-10-01,2702,64300,420800
2026-10-01,2705,20400,29300
2026-10-01,2708,0,49800
2026-10-01,2721,0,1450600
2026-10-01,2722,2000,68300
2026-10-01,2726,71900,778100
2026-10-01,2730,33500,41300
2026-10-01,2733,28600,39800
2026-10-01,2734,6100,83400
2026-10-01,2735,3100,373700
2026-10-01,2736,0,19000
2026-10-01,2737,1100,114400
2026-10-01,273A,0,187
2026-10-01,2742,2000,34900
2026-10-01,2747,0,9200
2026-10-01,2749,459400,311900
2026-10-01,274A,0,125500
2026-10-01,2750,800,25300
2026-10-01,2751,8400,23300
2026-10-01,2752,522100,139900
2026-10-01,2753,0,55800
2026-10-01,2760,17000,195600
2026-10-01,2762,0,2133500
2026-10-01,2764,0,1090600
2026-10-01,2767,25000,367100
2026-10-01,2768,38700,2689800
2026-10-01,2769,0,71700
2026-10-01,276A,0,222900
2026-10-01,2776,0,2715300
2026-10-01,2778,0,1161100
2026-10-01,277A,0,591100
2026-10-01,2780,1500,479500
2026-10-01,2782,36800,64000
2026-10-01,2784,26100,11900
2026-10-01,2788,0,1258200
2026-10-01,2789,0,40000
2026-10-01,278A,100,2569400
2026-10-01,2790,0,52000
2026-10-01,2791,12900,103700
2026-10-01,2792,75800,129100
2026-10-01,2795,0,29300
2026-10-01,2796,600,22900
2026-10-01,2798,0,9400
2026-10-01,2801,95400,734400
2026-10-01,2802,86000,1238000
2026-10-01,2804,22900,11300
2026-10-01,2805,0,39700
2026-10-01,2806,0,20600
2026-10-01,2809,40800,78300
2026-10-01,280A,0,171300
2026-10-01,2810,39400,59000
2026-10-01,2811,62800,190700
2026-10-01,2813,0,140000
2026-10-01,2814,0,12600
2026-10-01,2815,24400,69300
2026-10-01,2816,5800,2500
2026-10-01,2818,2300,1000
2026-10-01,2819,5700,15200
2026-10-01,281A,0,856200
2026-10-01,2820,100,18500
2026-10-01,282A,15203,453912
2026-10-01,2831,0,4000
2026-10-01,2836,0,26
2026-10-01,2837,48,28118
2026-10-01,2838,0,10
2026-10-01,2839,0,0
2026-10-01,283A,0,1262
2026-10-01,2840,12529,524221
2026-10-01,2841,426,33510
2026-10-01,2842,1735,10380
2026-10-01,2843,0,210
2026-10-01,2844,8,2225
2026-10-01,2845,5089,22191
2026-10-01,2846,436,5064
2026-10-01,2847,0,537
2026-10-01,2848,0,210
2026-10-01,2849,18,886
2026-10-01,2851,0,3040
2026-10-01,2852,0,20
2026-10-01,2853,0,0
2026-10-01,2854,204,230874
2026-10-01,2855,0,4960
2026-10-01,2856,1010,7320
2026-10-01,2857,10,320
2026-10-01,2858,0,2955
2026-10-01,2859,0,22
2026-10-01,285A,2597400,41594900
2026-10-01,2860,16,2428
2026-10-01,2861,0,54
2026-10-01,2862,0,0
2026-10-01,2864,0,33
2026-10-01,2865,17571,1954905
2026-10-01,2866,30,83077
2026-10-01,2867,0,4325
2026-10-01,2868,0,309994
2026-10-01,2869,4499,708862
2026-10-01,286A,161300,1221600
2026-10-01,2870,16439,216889
2026-10-01,2871,107300,155100
2026-10-01,2872,0,10600
2026-10-01,2874,54000,165900
2026-10-01,2875,17700,65100
2026-10-01,2876,0,153500
2026-10-01,2877,0,4600
2026-10-01,287A,100,2142500
2026-10-01,2882,35500,20600
2026-10-01,2883,0,4800
2026-10-01,2884,151200,1422500
2026-10-01,288A,0,1578600
2026-10-01,2892,0,114700
2026-10-01,2894,0,18200
2026-10-01,2897,221100,410400
2026-10-01,2901,0,713300
2026-10-01,2903,0,8100
2026-10-01,2904,1500,10100
2026-10-01,2907,0,20700
2026-10-01,2908,105900,53100
2026-10-01,290A,0,2687800
2026-10-01,2910,222100,35900
2026-10-01,2911,0,1600
2026-10-01,2914,181300,2309600
2026-10-01,2915,1500,16000
2026-10-01,2916,0,15600
2026-10-01,2917,0,1900
2026-10-01,2918,13100,159100
2026-10-01,291A,0,114700
2026-10-01,2922,13100,4700
2026-10-01,2923,0,12000
2026-10-01,2924,100,253500
2026-10-01,2926,43300,494900
2026-10-01,2927,0,123800
2026-10-01,2929,76100,658700
2026-10-01,2930,1224700,2804800
2026-10-01,2931,2595300,3226800
2026-10-01,2932,0,76300
2026-10-01,2933,117200,37500
2026-10-01,2934,0,109400
2026-10-01,2935,5100,38700
2026-10-01,2936,723800,18436300
2026-10-01,2937,2100,18300
2026-10-01,2938,100600,154100
2026-10-01,294A,0,100
2026-10-01,295A,0,146
2026-10-01,2961,0,5500
2026-10-01,2962,1900,436200
2026-10-01,296A,33500,132600
2026-10-01,2970,0,1775600
2026-10-01,2971,20,4212
2026-10-01,2972,0,3858
2026-10-01,2975,29600,795000
2026-10-01,2978,0,302900
2026-10-01,2979,17,2467
2026-10-01,297A,0,309700
2026-10-01,2980,26600,1585400
2026-10-01,2981,0,76600
2026-10-01,2982,67300,2600900
2026-10-01,2983,0,399500
2026-10-01,2984,1400,234700
2026-10-01,2986,38600,2566100
2026-10-01,2989,0,8485
2026-10-01,298A,0,347100
2026-10-01,2991,0,639600
2026-10-01,2993,0,82900
2026-10-01,2997,0,12500
2026-10-01,2998,0,761100
2026-10-01,2999,0,533600
2026-10-01,299A,116100,2952100
2026-10-01,3001,11800,18700
2026-10-01,3002,22700,135400
2026-10-01,3003,123000,876500
2026-10-01,3004,0,116700
2026-10-01,300A,0,75400
2026-10-01,3010,0,707600
2026-10-01,3011,0,102800
2026-10-01,3020,0,116200
2026-10-01,3021,0,176000
2026-10-01,3023,5000,51600
2026-10-01,3024,0,10500
2026-10-01,3028,24200,30300
2026-10-01,302A,0,151200
2026-10-01,3030,0,143500
2026-10-01,3031,491200,334700
2026-10-01,3034,5700,82500
2026-10-01,3035,15400,69200
2026-10-01,3036,44400,324200
2026-10-01,3038,1229500,1274100
2026-10-01,303A,0,79800
2026-10-01,3040,1200,294700
2026-10-01,3041,22300,33000
2026-10-01,3042,219500,532800
2026-10-01,3045,0,9200
2026-10-01,3046,13100,288400
2026-10-01,3048,121200,126600
2026-10-01,304A,0,43100
2026-10-01,3050,69600,120600
2026-10-01,3053,599500,1331200
2026-10-01,3054,0,127300
2026-10-01,3058,1300,3300
2026-10-01,3059,2100,19700
2026-10-01,3063,120400,24400
2026-10-01,3064,88800,757000
2026-10-01,3065,0,8200
2026-10-01,3067,19300,73900
2026-10-01,3068,0,20900
2026-10-01,3069,12400,1194300
2026-10-01,3070,0,6238800
2026-10-01,3071,0,224900
2026-10-01,3075,0,30900
2026-10-01,3076,9500,104900
2026-10-01,3077,0,541000
2026-10-01,3080,0,34100
2026-10-01,3082,9000,45800
2026-10-01,3083,0,3171100
2026-10-01,3086,192700,205200
2026-10-01,3087,16700,42800
2026-10-01,3088,41200,205500
2026-10-01,3089,7300,108300
2026-10-01,3091,37100,42700
2026-10-01,3092,280300,643900
2026-10-01,3093,18100,546400
2026-10-01,3096,0,3600
2026-10-01,3097,43600,202000
2026-10-01,3099,634400,1418900
2026-10-01,3101,43500,637000
2026-10-01,3103,2878800,6953500
2026-10-01,3104,2500,120400
2026-10-01,3105,116800,259100
2026-10-01,3106,40300,94700
2026-10-01,3107,19500,48900
2026-10-01,3109,3400,168500
2026-10-01,3110,1453000,5483500
2026-10-01,3111,0,205300
2026-10-01,3113,0,2912300
2026-10-01,3116,68000,239600
2026-10-01,3121,65500,1128800
2026-10-01,3123,0,66700
2026-10-01,3131,0,98200
2026-10-01,3132,42300,337900
2026-10-01,3133,0,1517600
2026-10-01,3134,228600,330700
2026-10-01,3135,0,122000
2026-10-01,3137,204000,269500
2026-10-01,3138,0,37400
2026-10-01,3139,4000,61900
2026-10-01,313A,3200,206810
2026-10-01,3140,24100,16400
2026-10-01,3143,1100,237400
2026-10-01,3148,16300,33000
2026-10-01,314A,138950,9040410
2026-10-01,3150,5800,115700
2026-10-01,3151,3200,49300
2026-10-01,3153,11600,54400
2026-10-01,3154,59600,46100
2026-10-01,3156,30000,92700
2026-10-01,3157,0,95500
2026-10-01,3159,101900,243100
2026-10-01,315A,2674,99150
2026-10-01,3160,28500,54800
2026-10-01,3161,0,338200
2026-10-01,3166,1300,60900
2026-10-01,3167,58500,23700
2026-10-01,3168,119900,385800
2026-10-01,3169,200,49000
2026-10-01,316A,22079,886566
2026-10-01,3172,1600,24600
2026-10-01,3173,0,81400
2026-10-01,3174,0,134400
2026-10-01,3175,0,63900
2026-10-01,3176,66500,519400
2026-10-01,3177,0,60300
2026-10-01,3178,99500,23100
2026-10-01,3179,7800,248000
2026-10-01,3180,26600,307800
2026-10-01,3181,0,295900
2026-10-01,3182,48600,227500
2026-10-01,3183,4200,19000
2026-10-01,3184,0,136900
2026-10-01,3185,0,1217400
2026-10-01,3186,176400,726100
2026-10-01,3187,144800,629600
2026-10-01,3189,0,1488400
2026-10-01,318A,0,3927680
2026-10-01,3190,0,5800
2026-10-01,3191,140200,43900
2026-10-01,3192,0,1190100
2026-10-01,3193,83000,251500
2026-10-01,3195,126800,629700
2026-10-01,3196,121300,135300
2026-10-01,3197,284700,294900
2026-10-01,3199,13900,18900
2026-10-01,319A,0,325300
2026-10-01,3201,32800,24800
2026-10-01,3202,0,649800
2026-10-01,3204,0,236100
2026-10-01,3205,21500,460400
2026-10-01,3221,12500,22400
2026-10-01,3222,54600,182400
2026-10-01,3223,0,154800
2026-10-01,3224,0,23700
2026-10-01,3226,29,674
2026-10-01,3231,82200,4711300
2026-10-01,3232,100400,143200
2026-10-01,3234,119,2364
2026-10-01,3236,0,2697800
2026-10-01,3237,0,5922400
2026-10-01,3238,0,480600
2026-10-01,323A,0,225700
2026-10-01,3241,300,56700
2026-10-01,3242,71800,201300
2026-10-01,3245,83600,1451700
2026-10-01,3246,0,128700
2026-10-01,3248,0,104100
2026-10-01,3249,52,14706
2026-10-01,324A,0,219000
2026-10-01,3252,26300,329900
2026-10-01,325A,332200,1135700
2026-10-01,3261,0,104500
2026-10-01,3266,0,1238900
2026-10-01,3267,0,334400
2026-10-01,3269,175,3046
2026-10-01,3276,3100,6200
2026-10-01,3277,1800,178600
2026-10-01,3279,5,1013
2026-10-01,3280,800,316800
2026-10-01,3281,409,3067
2026-10-01,3282,177,3234
2026-10-01,3283,149,2132
2026-10-01,3284,76500,1381900
2026-10-01,3286,0,21500
2026-10-01,3287,3,1509
2026-10-01,3288,36700,242700
2026-10-01,3289,94900,1006000
2026-10-01,328A,0,40
2026-10-01,3290,3,5229
2026-10-01,3291,34300,174700
2026-10-01,3292,29,7147
2026-10-01,3293,0,173700
2026-10-01,3295,70,1503
2026-10-01,3296,17,2375
2026-10-01,3297,0,24000
2026-10-01,3299,187100,469000
2026-10-01,3300,0,584000
2026-10-01,3302,6500,55800
2026-10-01,3306,0,1010200
2026-10-01,3309,58,16530
2026-10-01,330A,0,270100
2026-10-01,3315,400400,6204600
2026-10-01,3317,0,34100
2026-10-01,331A,0,172300
2026-10-01,3320,1800,60200
2026-10-01,3321,20500,255600
2026-10-01,3323,0,5303900
2026-10-01,3326,0,44200
2026-10-01,3329,18000,21000
2026-10-01,332A,39900,365700
2026-10-01,3333,35100,96100
2026-10-01,3349,27300,234400
2026-10-01,334A,0,134500
2026-10-01,3350,1192000,38062100
2026-10-01,3352,0,22500
2026-10-01,3353,0,32300
2026-10-01,3355,0,155500
2026-10-01,3358,0,1568600
2026-10-01,3359,24600,468500
2026-10-01,335A,81100,330300
2026-10-01,3360,7900,19700
2026-10-01,3361,11900,17300
2026-10-01,336A,1400,2553300
2026-10-01,3370,0,201700
2026-10-01,3371,8800,24600
2026-10-01,3372,0,26900
2026-10-01,3374,8500,126800
2026-10-01,3375,0,25900
2026-10-01,3377,0,310700
2026-10-01,3382,800700,4317400
2026-10-01,3386,1100,55600
2026-10-01,3387,2180000,311400
2026-10-01,3388,5000,111600
2026-10-01,338A,14400,375400
2026-10-01,3391,35300,295700
2026-10-01,3392,0,169900
2026-10-01,3393,11900,98800
2026-10-01,3395,24900,59800
2026-10-01,3396,0,25700
2026-10-01,3397,124900,109900
2026-10-01,3399,37800,212300
2026-10-01,339A,0,289100
2026-10-01,3401,57500,222200
2026-10-01,3402,428700,1637900
2026-10-01,3405,87800,261100
2026-10-01,3407,145700,1196000
2026-10-01,3409,0,1754100
2026-10-01,340A,0,374300
2026-10-01,3415,100800,2175300
2026-10-01,3416,0,79100
2026-10-01,3417,0,785700
2026-10-01,3418,0,56100
2026-10-01,341A,0,356600
2026-10-01,3420,0,71300
2026-10-01,3421,5100,35800
2026-10-01,3422,6000,361500
2026-10-01,3423,3500,212500
2026-10-01,3426,0,19600
2026-10-01,3431,79500,216800
2026-10-01,3433,14600,600800
2026-10-01,3434,0,47700
2026-10-01,3435,0,18000
2026-10-01,3436,921600,3354900
2026-10-01,3437,0,4200
2026-10-01,3439,0,30400
2026-10-01,343A,0,61200
2026-10-01,3440,0,176900
2026-10-01,3441,0,372400
2026-10-01,3443,13400,1242300
2026-10-01,3444,252200,711800
2026-10-01,3445,8400,388500
2026-10-01,3446,58800,147100
2026-10-01,3447,0,108400
2026-10-01,3449,13400,293100
2026-10-01,3451,0,1157
2026-10-01,3452,7800,494100
2026-10-01,3454,600,131200
2026-10-01,3455,193,15589
2026-10-01,3457,235600,908600
2026-10-01,3459,84,4646
2026-10-01,345A,0,427
2026-10-01,3461,0,28600
2026-10-01,3462,119,2604
2026-10-01,3463,4,4169
2026-10-01,3465,34100,347000
2026-10-01,3466,98,976
2026-10-01,3467,0,56800
2026-10-01,3468,185,6970
2026-10-01,3469,0,236300
2026-10-01,346A,2745,40620
2026-10-01,3470,0,3987
2026-10-01,3471,13,5383
2026-10-01,3472,5,9312
2026-10-01,3474,0,86200
2026-10-01,3475,386800,526200
2026-10-01,3476,111,9707
2026-10-01,3477,0,39400
2026-10-01,3479,136600,262500
2026-10-01,3481,86,3150
2026-10-01,3482,14700,565700
2026-10-01,3484,4300,63800
2026-10-01,3486,4200,323600
2026-10-01,3487,18,1655
2026-10-01,3488,1,4668
2026-10-01,3489,3800,476500
2026-10-01,348A,20,129140
2026-10-01,3490,0,17800
2026-10-01,3491,13500,1463400
2026-10-01,3492,46,25879
2026-10-01,3494,0,64100
2026-10-01,3495,0,108700
2026-10-01,3496,0,348400
2026-10-01,3498,178400,1149200
2026-10-01,349A,0,1550
2026-10-01,3501,800,47200
2026-10-01,350A,405100,2912400
2026-10-01,3512,0,2000400
2026-10-01,3513,0,442100
2026-10-01,3521,0,374000
2026-10-01,3524,0,93200
2026-10-01,3529,113200,550700
2026-10-01,352A,0,916800
2026-10-01,3536,0,470600
2026-10-01,3537,0,16900
2026-10-01,3538,700,864900
2026-10-01,3539,31400,224800
2026-10-01,3542,25800,115500
2026-10-01,3543,15500,108000
2026-10-01,3544,900,12100
2026-10-01,3547,81900,202700
2026-10-01,3548,203400,281000
2026-10-01,3549,5500,48200
2026-10-01,354A,0,6545
2026-10-01,3550,0,243800
2026-10-01,3551,0,118400
2026-10-01,3553,34400,279400
2026-10-01,3556,300,854900
2026-10-01,3557,0,51500
2026-10-01,3558,0,2283200
2026-10-01,3559,31000,232600
2026-10-01,3560,800,18100
2026-10-01,3561,204200,118800
2026-10-01,3562,0,195700
2026-10-01,3563,249300,1352600
2026-10-01,3565,32600,1317500
2026-10-01,3566,0,219100
2026-10-01,3569,800,109200
2026-10-01,356A,0,3401
2026-10-01,3571,1300,34400
2026-10-01,3577,0,5200
2026-10-01,3580,10600,121500
2026-10-01,3583,0,37000
2026-10-01,3591,48900,113200
2026-10-01,3597,0,9200
2026-10-01,3598,0,246600
2026-10-01,3600,0,2600
2026-10-01,3607,0,269100
2026-10-01,3608,24700,435800
2026-10-01,360A,0,0
2026-10-01,3611,400,609700
2026-10-01,3612,21100,170000
2026-10-01,3622,0,158700
2026-10-01,3623,0,302300
2026-10-01,3624,0,3268900
2026-10-01,3625,0,362600
2026-10-01,3626,17700,170600
2026-10-01,3627,18900,553000
2026-10-01,3628,0,409800
2026-10-01,3632,66400,3614200
2026-10-01,3633,0,114100
2026-10-01,3634,0,147300
2026-10-01,3635,40600,847900
2026-10-01,3636,1200,13000
2026-10-01,3639,17200,472700
2026-10-01,363A,0,889
2026-10-01,3640,300,61800
2026-10-01,3641,0,127800
2026-10-01,3645,3100,371300
2026-10-01,3646,0,48400
2026-10-01,3647,0,633800
2026-10-01,3648,3700,39600
2026-10-01,3649,35900,360300
2026-10-01,364A,0,7706
2026-10-01,3652,0,280600
2026-10-01,3653,120800,676400
2026-10-01,3656,5364800,18039600
2026-10-01,3657,24800,1241300
2026-10-01,3659,35400,602600
2026-10-01,365A,0,137300
2026-10-01,3660,637600,3441500
2026-10-01,3661,46900,1022900
2026-10-01,3662,467300,181400
2026-10-01,3663,97800,884600
2026-10-01,3664,1480200,9515800
2026-10-01,3665,315000,985700
2026-10-01,3667,658000,4915500
2026-10-01,3668,137300,674100
2026-10-01,366A,0,343500
2026-10-01,3671,0,1260800
2026-10-01,3672,0,4039200
2026-10-01,3673,36400,2196200
2026-10-01,3674,3200,183000
2026-10-01,3675,6200,1698200
2026-10-01,3676,0,13700
2026-10-01,3678,400,129700
2026-10-01,3679,48400,1057200
2026-10-01,367A,0,126400
2026-10-01,3680,1600,800300
2026-10-01,3682,2100,100900
2026-10-01,3683,300,138600
2026-10-01,3686,0,2855100
2026-10-01,3687,874100,1976900
2026-10-01,368A,0,439000
2026-10-01,3690,19400,42500
2026-10-01,3691,0,404200
2026-10-01,3692,158600,427700
2026-10-01,3694,364300,955600
2026-10-01,3695,0,95800
2026-10-01,3696,65300,581500
2026-10-01,3697,2793400,9133500
2026-10-01,3698,7700,177600
2026-10-01,369A,100,210200
2026-10-01,3708,28300,34100
2026-10-01,3710,15400,34300
2026-10-01,3712,13100,180000
2026-10-01,3719,0,3063800
2026-10-01,3723,0,221200
2026-10-01,3726,0,295800
2026-10-01,3727,0,1264600
2026-10-01,372A,0,77400
2026-10-01,3733,600,19300
2026-10-01,373A,0,268900
2026-10-01,3741,194600,322500
2026-10-01,3744,5200,286100
2026-10-01,3747,164000,655600
2026-10-01,3750,0,1524200
2026-10-01,3753,0,894700
2026-10-01,3758,5600,609700
2026-10-01,3760,100,476900
2026-10-01,3762,27800,239900
2026-10-01,3763,13400,107800
2026-10-01,3765,12700,230900
2026-10-01,3766,0,43100
2026-10-01,3768,300,44100
2026-10-01,3769,15800,127100
2026-10-01,376A,0,0
2026-10-01,3771,6300,165500
2026-10-01,3772,0,23700
2026-10-01,3773,12300,306900
2026-10-01,3774,46100,75500
2026-10-01,3776,5000,2131300
2026-10-01,3777,0,23009900
2026-10-01,3778,651700,1184200
2026-10-01,3779,0,748400
2026-10-01,3788,25400,137600
2026-10-01,378A,0,918800
2026-10-01,3791,194300,291300
2026-10-01,3793,138600,1463500
2026-10-01,3796,23400,130800
2026-10-01,3798,0,1272400
2026-10-01,3799,3400,49300
2026-10-01,379A,0,165
2026-10-01,3800,0,5000
2026-10-01,3802,0,16100
2026-10-01,3803,0,187600
2026-10-01,3804,0,123400
2026-10-01,3807,321700,1461500
2026-10-01,380A,0,62279
2026-10-01,3810,0,13233200
2026-10-01,3815,0,27900
2026-10-01,3816,0,69100
2026-10-01,3817,1100,61300
2026-10-01,381A,0,4000
2026-10-01,3823,0,13333400
2026-10-01,3825,0,4159100
2026-10-01,3826,700,223000
2026-10-01,382A,0,2001
2026-10-01,3834,9900,74500
2026-10-01,3835,138900,752700
2026-10-01,3836,53200,251600
2026-10-01,3837,14700,226400
2026-10-01,3839,2600,4600
2026-10-01,383A,0,1526
2026-10-01,3840,0,1385400
2026-10-01,3841,0,77800
2026-10-01,3842,0,71500
2026-10-01,3843,29500,608100
2026-10-01,3844,56800,467900
2026-10-01,3845,0,1936000
2026-10-01,3848,3500,21500
2026-10-01,3850,0,49800
2026-10-01,3851,48000,524500
2026-10-01,3853,434200,1694000
2026-10-01,3854,0,214500
2026-10-01,3858,0,754700
2026-10-01,3861,204000,1475800
2026-10-01,3863,90000,326700
2026-10-01,3864,94200,1548300
2026-10-01,3865,27600,80800
2026-10-01,386A,0,73100
2026-10-01,3877,1300,146200
2026-10-01,3878,20200,263700
2026-10-01,387A,0,57300
2026-10-01,3880,93700,122900
2026-10-01,3891,10800,157500
2026-10-01,3892,1300,13200
2026-10-01,3895,0,266100
2026-10-01,3896,0,130500
2026-10-01,3900,235000,2410900
2026-10-01,3901,3800,355100
2026-10-01,3903,1097400,3982200
2026-10-01,3904,0,302400
2026-10-01,3905,1850100,9867800
2026-10-01,3907,0,317400
2026-10-01,3908,0,103400
2026-10-01,3909,0,368400
2026-10-01,3910,0,192300
2026-10-01,3911,0,4136300
2026-10-01,3912,3000,62600
2026-10-01,3913,0,291600
2026-10-01,3914,0,192800
2026-10-01,3915,51400,548800
2026-10-01,3916,6500,158600
2026-10-01,3917,16800,256500
2026-10-01,3918,0,155700
2026-10-01,3920,11200,71900
2026-10-01,3921,2300,33000
2026-10-01,3922,20800,189600
2026-10-01,3923,190300,1424300
2026-10-01,3925,0,402300
2026-10-01,3926,0,317400
2026-10-01,3927,0,841000
2026-10-01,3928,29800,875200
2026-10-01,3929,0,804200
2026-10-01,392A,0,1353930
2026-10-01,3930,0,156800
2026-10-01,3931,0,16200
2026-10-01,3932,55300,388000
2026-10-01,3933,800,100000
2026-10-01,3934,0,43100
2026-10-01,3935,0,396800
2026-10-01,3936,0,4100900
2026-10-01,3937,2800,503600
2026-10-01,3939,23400,492800
2026-10-01,3940,23100,832200
2026-10-01,3941,15100,798600
2026-10-01,3943,0,19200
2026-10-01,3944,0,12000
2026-10-01,3945,0,46200
2026-10-01,3946,7200,85500
2026-10-01,3947,0,29100
2026-10-01,3948,0,10700
2026-10-01,394A,0,110
2026-10-01,3950,51100,15000
2026-10-01,3951,0,65900
2026-10-01,3953,0,41500
2026-10-01,3954,0,359500
2026-10-01,3955,1800,77000
2026-10-01,3958,0,118500
2026-10-01,395A,0,208330
2026-10-01,3962,67100,1186700
2026-10-01,3963,60400,506000
2026-10-01,3964,160600,416800
2026-10-01,3965,0,197300
2026-10-01,3967,1200,189700
2026-10-01,3968,12600,738500
2026-10-01,3969,0,81400
2026-10-01,396A,0,20
2026-10-01,3970,0,109800
2026-10-01,3974,0,32200
2026-10-01,3976,0,244200
2026-10-01,3979,0,181100
2026-10-01,3981,0,487900
2026-10-01,3983,7500,87300
2026-10-01,3984,50400,305600
2026-10-01,3985,0,185600
2026-10-01,3986,0,93800
2026-10-01,3987,16700,60100
2026-10-01,3988,0,91700
2026-10-01,3989,0,308700
2026-10-01,3991,0,65100
2026-10-01,3992,196300,456500
2026-10-01,3993,233600,1555100
2026-10-01,3994,729600,128300
2026-10-01,3996,207000,552800
2026-10-01,3997,351100,1832700
2026-10-01,3998,7900,244700
2026-10-01,399A,0,71725
2026-10-01,4004,58000,768100
2026-10-01,4005,325700,10382800
2026-10-01,4008,10600,282800
2026-10-01,4011,100,215000
2026-10-01,4012,0,100100
2026-10-01,4013,6600,298000
2026-10-01,4014,0,428800
2026-10-01,4015,0,430900
2026-10-01,4016,0,95200
2026-10-01,4017,0,456300
2026-10-01,4019,900,471600
2026-10-01,401A,0,4123
2026-10-01,4020,0,93300
2026-10-01,4021,40500,53400
2026-10-01,4022,175600,2984500
2026-10-01,4023,219700,502800
2026-10-01,4025,2700,17900
2026-10-01,4026,24600,352800
2026-10-01,4027,25200,2179200
2026-10-01,4028,2700,520400
2026-10-01,402A,16200,7374200
2026-10-01,4031,4100,158500
2026-10-01,4040,0,66800
2026-10-01,4041,10900,75000
2026-10-01,4042,114900,1069500
2026-10-01,4043,18200,1442600
2026-10-01,4044,11300,51900
2026-10-01,4045,83900,202800
2026-10-01,4046,26200,132900
2026-10-01,4047,39600,1077400
2026-10-01,404A,0,47630
2026-10-01,4051,800,201000
2026-10-01,4052,1400,629500
2026-10-01,4053,434500,974300
2026-10-01,4054,9000,138000
2026-10-01,4055,176000,408500
2026-10-01,4056,0,1224800
2026-10-01,4057,0,108200
2026-10-01,4058,6600,104900
2026-10-01,4059,0,85100
2026-10-01,4060,6400,588900
2026-10-01,4061,37000,503500
2026-10-01,4062,1518900,3151000
2026-10-01,4063,205200,3768200
2026-10-01,4064,8100,117500
2026-10-01,4068,0,17000
2026-10-01,4069,0,195200
2026-10-01,4071,98100,257900
2026-10-01,4072,2000,133300
2026-10-01,4073,500,230200
2026-10-01,4074,51600,54400
2026-10-01,4075,0,308000
2026-10-01,4076,0,85400
2026-10-01,4078,16300,497900
2026-10-01,407A,0,235200
2026-10-01,4082,471100,964300
2026-10-01,4088,446300,686000
2026-10-01,408A,0,2340640
2026-10-01,4091,31000,167300
2026-10-01,4092,50700,226100
2026-10-01,4093,0,213000
2026-10-01,4094,0,645300
2026-10-01,4095,51500,961000
2026-10-01,4097,377600,36900
2026-10-01,4098,0,129200
2026-10-01,4099,50600,477800
2026-10-01,409A,219700,760200
2026-10-01,4100,64100,113900
2026-10-01,4102,0,4400
2026-10-01,4107,0,1274000
2026-10-01,4109,28400,184500
2026-10-01,410A,0,164900
2026-10-01,4112,9000,2581600
2026-10-01,4113,0,607100
2026-10-01,4114,52300,466600
2026-10-01,4116,900,221300
2026-10-01,4118,5900,206700
2026-10-01,4119,0,60600
2026-10-01,4120,0,34300
2026-10-01,4124,0,1900
2026-10-01,4125,0,88100
2026-10-01,412A,0,144351
2026-10-01,413A,0,39618
2026-10-01,414A,2400,473300
2026-10-01,4151,17700,479200
2026-10-01,415A,0,34500
2026-10-01,4165,784000,2455800
2026-10-01,4166,0,127800
2026-10-01,4167,50200,334300
2026-10-01,4168,88500,1008000
2026-10-01,4169,606600,3923700
2026-10-01,416A,7800,180200
2026-10-01,4170,477100,1875500
2026-10-01,4172,0,20200
2026-10-01,4174,0,214800
2026-10-01,4175,0,144600
2026-10-01,4176,52900,1434300
2026-10-01,4177,0,44100
2026-10-01,4178,400,187600
2026-10-01,4179,0,760100
2026-10-01,417A,14400,80700
2026-10-01,4180,36700,2013100
2026-10-01,4182,3700,721600
2026-10-01,4183,45600,687900
2026-10-01,4186,45600,532500
2026-10-01,4187,11400,468100
2026-10-01,4188,96200,1489000
2026-10-01,4189,26100,328700
2026-10-01,4192,520900,904700
2026-10-01,4193,0,28900
2026-10-01,4194,17500,81300
2026-10-01,4196,0,133200
2026-10-01,4197,0,21600
2026-10-01,4198,0,128900
2026-10-01,4199,0,225300
2026-10-01,4202,87400,707500
2026-10-01,4203,30600,273800
2026-10-01,4204,256200,1224600
2026-10-01,4205,70000,395700
2026-10-01,4206,21600,43400
2026-10-01,4208,49700,847700
2026-10-01,4212,12400,29600
2026-10-01,4216,14300,269100
2026-10-01,4218,21700,5400
2026-10-01,421A,0,290900
2026-10-01,4220,17400,63400
2026-10-01,4221,190600,129800
2026-10-01,4222,0,2381300
2026-10-01,4224,0,137900
2026-10-01,4228,40000,543600
2026-10-01,4229,14800,749000
2026-10-01,4231,800,99900
2026-10-01,4234,0,176400
2026-10-01,4235,0,439400
2026-10-01,4237,148800,361900
2026-10-01,4238,0,324400
2026-10-01,423A,0,277000
2026-10-01,4240,0,304500
2026-10-01,4241,0,240800
2026-10-01,4242,600,37500
2026-10-01,4243,0,59200
2026-10-01,4245,4200,161800
2026-10-01,4246,39400,867700
2026-10-01,4247,0,5200
2026-10-01,4248,400,192000
2026-10-01,4249,1900,39500
2026-10-01,424A,0,567420
2026-10-01,4251,45900,319100
2026-10-01,4255,0,184900
2026-10-01,4256,0,63000
2026-10-01,4258,73900,53700
2026-10-01,4259,7000,6194800
2026-10-01,425A,0,1493510
2026-10-01,4260,0,230000
2026-10-01,4261,0,52200
2026-10-01,4262,1400,36300
2026-10-01,4263,268200,1548600
2026-10-01,4264,0,132400
2026-10-01,4265,0,630700
2026-10-01,426A,0,3836
2026-10-01,4270,0,118900
2026-10-01,4272,24000,137900
2026-10-01,4274,0,212000
2026-10-01,4275,71500,506300
2026-10-01,4284,0,254200
2026-10-01,4286,12600,45200
2026-10-01,4287,0,137100
2026-10-01,4288,208900,348100
2026-10-01,428A,0,321200
2026-10-01,4290,309400,339900
2026-10-01,4293,40400,1488000
2026-10-01,4299,0,23800
2026-10-01,429A,24800,1169000
2026-10-01,4301,4400,372700
2026-10-01,4307,32600,695100
2026-10-01,4308,0,506400
2026-10-01,4310,5800,168700
2026-10-01,4317,0,516300
2026-10-01,4318,35300,83400
2026-10-01,431A,0,305900
2026-10-01,4320,0,189800
2026-10-01,4323,17000,59400
2026-10-01,4324,584100,213800
2026-10-01,4326,27500,20500
2026-10-01,4331,73700,1204900
2026-10-01,4334,0,123900
2026-10-01,4335,0,32900
2026-10-01,4337,42000,110500
2026-10-01,4341,0,34700
2026-10-01,4343,19000,115100
2026-10-01,4344,1827200,6888600
2026-10-01,4345,61800,150100
2026-10-01,4346,3700,914100
2026-10-01,4347,0,281600
2026-10-01,4350,0,164500
2026-10-01,4351,0,65200
2026-10-01,4356,0,43500
2026-10-01,435A,19587,283061
2026-10-01,4360,0,129100
2026-10-01,4361,0,83200
2026-10-01,4362,1000,18900
2026-10-01,4365,0,8700
2026-10-01,4366,0,820300
2026-10-01,4368,20200,1144900
2026-10-01,4369,20300,1200200
2026-10-01,436A,0,150200
2026-10-01,4370,0,300200
2026-10-01,4371,17200,89000
2026-10-01,4372,0,90000
2026-10-01,4373,117900,252000
2026-10-01,4374,0,137400
2026-10-01,4375,327900,934800
2026-10-01,4376,0,1202500
2026-10-01,4377,23200,370500
2026-10-01,4378,0,129300
2026-10-01,4379,0,576100
2026-10-01,4380,0,195000
2026-10-01,4381,0,228600
2026-10-01,4382,356000,459400
2026-10-01,4385,126500,1539900
2026-10-01,4386,1000,93900
2026-10-01,4387,0,106400
2026-10-01,4388,4900,321000
2026-10-01,4389,0,77500
2026-10-01,438A,0,582300
2026-10-01,4390,19800,587900
2026-10-01,4391,0,155700
2026-10-01,4392,619000,3555500
2026-10-01,4393,53600,303600
2026-10-01,4394,0,128100
2026-10-01,4395,0,676600
2026-10-01,4396,5000,150600
2026-10-01,4397,4600,424700
2026-10-01,4398,0,78600
2026-10-01,4401,15300,177400
2026-10-01,4403,8300,437800
2026-10-01,4404,0,994700
2026-10-01,4406,49100,1719600
2026-10-01,4409,0,62300
2026-10-01,4410,1600,145500
2026-10-01,4412,0,370600
2026-10-01,4413,0,27500
2026-10-01,4414,0,138500
2026-10-01,4415,0,267100
2026-10-01,4416,0,182800
2026-10-01,4417,0,82900
2026-10-01,4418,166100,731000
2026-10-01,4419,0,2747400
2026-10-01,441A,11100,242600
2026-10-01,4420,4200,1253500
2026-10-01,4421,0,26800
2026-10-01,4422,0,430200
2026-10-01,4424,72600,319600
2026-10-01,4425,252400,646200
2026-10-01,4427,0,463800
2026-10-01,4428,0,145500
2026-10-01,4429,700,78800
2026-10-01,442A,0,93200
2026-10-01,4430,0,111300
2026-10-01,4431,67900,192800
2026-10-01,4432,12600,213900
2026-10-01,4433,11800,106700
2026-10-01,4434,17000,132800
2026-10-01,4436,47000,851900
2026-10-01,4437,0,340000
2026-10-01,4438,3300,281600
2026-10-01,4439,200,121400
2026-10-01,443A,0,10
2026-10-01,4440,31400,245200
2026-10-01,4441,0,25300
2026-10-01,4442,21000,472700
2026-10-01,4443,140600,605200
2026-10-01,4444,0,18900
2026-10-01,4445,0,9700
2026-10-01,4446,303200,1001800
2026-10-01,4447,12100,60800
2026-10-01,4448,69600,638800
2026-10-01,4450,0,65000
2026-10-01,4452,140900,322000
2026-10-01,4461,18400,625600
2026-10-01,4462,66700,60100
2026-10-01,4463,0,114400
2026-10-01,4464,0,1500
2026-10-01,4465,6000,35400
2026-10-01,446A,40700,1171900
2026-10-01,4471,63700,130900
2026-10-01,4475,302200,975800
2026-10-01,4476,0,289000
2026-10-01,4477,23600,22941300
2026-10-01,4478,244000,298700
2026-10-01,4479,0,560100
2026-10-01,447A,0,455530
2026-10-01,4480,133500,404400
2026-10-01,4481,31400,167900
2026-10-01,4482,4400,78700
2026-10-01,4483,73400,169500
2026-10-01,4484,0,326200
2026-10-01,4486,800,118600
2026-10-01,4487,0,330700
2026-10-01,4488,0,161300
2026-10-01,448A,0,107100
2026-10-01,4490,0,360300
2026-10-01,4491,0,9200
2026-10-01,4492,0,600700
2026-10-01,4493,128000,382000
2026-10-01,4495,1000,89600
2026-10-01,4496,0,30600
2026-10-01,4498,8000,354300
2026-10-01,4499,182200,614500
2026-10-01,449A,0,94910
2026-10-01,4502,639300,595800
2026-10-01,4503,448500,744800
2026-10-01,4506,248800,5588300
2026-10-01,4507,105300,636800
2026-10-01,450A,0,1010
2026-10-01,4512,123400,543500
2026-10-01,4516,51600,185900
2026-10-01,4519,41100,2054800
2026-10-01,451A,0,5220
2026-10-01,4521,15100,130800
2026-10-01,4523,76900,905100
2026-10-01,4524,0,6900
2026-10-01,4526,17000,24700
2026-10-01,4527,23300,199600
2026-10-01,4528,37400,393700
2026-10-01,452A,0,2533130
2026-10-01,4531,6700,556000
2026-10-01,4534,1800,39900
2026-10-01,4536,17400,138100
2026-10-01,4538,3500,34400
2026-10-01,4539,0,183000
2026-10-01,453A,0,357130
2026-10-01,4540,34500,276900
2026-10-01,4543,122200,626100
2026-10-01,4544,16800,39800
2026-10-01,4547,22700,28300
2026-10-01,4548,367400,2535000
2026-10-01,4549,28000,299600
2026-10-01,4552,764500,2105700
2026-10-01,4553,33100,166700
2026-10-01,4554,11900,281500
2026-10-01,4558,0,463400
2026-10-01,4559,25900,148700
2026-10-01,4563,0,18171400
2026-10-01,4564,2738200,15993600
2026-10-01,4565,89800,8251800
2026-10-01,4568,98700,4252400
2026-10-01,4569,42700,187800
2026-10-01,456A,522000,1118800
2026-10-01,4570,0,550700
2026-10-01,4571,0,6499700
2026-10-01,4572,0,2310500
2026-10-01,4574,574500,672300
2026-10-01,4575,0,1065000
2026-10-01,4576,0,4519000
2026-10-01,4577,5100,41200
2026-10-01,4578,9900,100000
2026-10-01,4579,400,1748400
2026-10-01,4582,0,5009900
2026-10-01,4583,0,6442900
2026-10-01,4584,0,3043000
2026-10-01,4586,0,8472500
2026-10-01,4587,95200,2440600
2026-10-01,4588,1000,3288800
2026-10-01,4591,0,8400100
2026-10-01,4592,0,4754500
2026-10-01,4593,2169900,9422400
2026-10-01,4594,0,13524900
2026-10-01,4595,0,600000
2026-10-01,4596,0,4208700
2026-10-01,4597,4719500,17837300
2026-10-01,4598,0,3556900
2026-10-01,4599,0,4274200
2026-10-01,459A,0,343
2026-10-01,460A,0,192200
2026-10-01,4611,11700,97700
2026-10-01,4612,55200,224400
2026-10-01,4613,110600,119200
2026-10-01,4615,0,841500
2026-10-01,4616,0,59100
2026-10-01,4617,11700,214000
2026-10-01,4619,1600,206900
2026-10-01,461A,0,664
2026-10-01,4620,19600,4059200
2026-10-01,4623,0,75400
2026-10-01,4624,0,91100
2026-10-01,4625,0,61200
2026-10-01,4626,45000,85500
2026-10-01,4627,0,63400
2026-10-01,4628,0,23600
2026-10-01,4629,0,77100
2026-10-01,462A,0,1212100
2026-10-01,4631,8400,557300
2026-10-01,4633,23400,72000
2026-10-01,4634,7700,30300
2026-10-01,4635,0,84500
2026-10-01,463A,9100,262800
2026-10-01,4641,4900,90900
2026-10-01,4642,0,34400
2026-10-01,4644,3000,758700
2026-10-01,4645,0,9900
2026-10-01,464A,97500,3652500
2026-10-01,4650,0,113100
2026-10-01,4651,113500,2690100
2026-10-01,4657,0,254700
2026-10-01,4658,16400,53500
2026-10-01,465A,0,10028
2026-10-01,4661,2480300,2529800
2026-10-01,4662,0,104300
2026-10-01,4664,0,323100
2026-10-01,4665,30900,22800
2026-10-01,4666,225600,1151500
2026-10-01,4667,0,1098600
2026-10-01,4668,98300,33300
2026-10-01,466A,0,187983
2026-10-01,4671,2600,22100
2026-10-01,4673,0,62600
2026-10-01,4674,8800,44900
2026-10-01,4676,103600,250300
2026-10-01,4678,2600,33700
2026-10-01,4679,2000,79700
2026-10-01,467A,0,300
2026-10-01,4680,242800,1568900
2026-10-01,4681,44100,97100
2026-10-01,4684,32700,180800
2026-10-01,4685,0,86600
2026-10-01,4686,26600,247500
2026-10-01,4687,11300,96500
2026-10-01,4689,762800,6361900
2026-10-01,468A,0,0
2026-10-01,4691,0,646500
2026-10-01,4694,9100,7000
2026-10-01,469A,0,101700
2026-10-01,4704,56100,420200
2026-10-01,4705,0,15900
2026-10-01,4707,0,98900
2026-10-01,4709,4700,185200
2026-10-01,4712,0,180300
2026-10-01,4714,109200,1503900
2026-10-01,4716,10800,187300
2026-10-01,4718,22100,26900
2026-10-01,4719,2000,44700
2026-10-01,471A,0,636900
2026-10-01,4720,0,27000
2026-10-01,4722,3800,44500
2026-10-01,4725,3500,189700
2026-10-01,4728,0,129900
2026-10-01,472A,0,2085500
2026-10-01,4732,72300,160200
2026-10-01,4733,6600,18000
2026-10-01,4735,0,82100
2026-10-01,4736,0,181200
2026-10-01,473A,0,2318
2026-10-01,4743,6300,186800
2026-10-01,4746,152500,243100
2026-10-01,4750,1200,51400
2026-10-01,4751,93300,5602900
2026-10-01,4752,0,28100
2026-10-01,4754,0,5700
2026-10-01,4755,1382500,37159300
2026-10-01,475A,0,167200
2026-10-01,4760,0,25500
2026-10-01,4761,0,59200
2026-10-01,4762,0,15400
2026-10-01,4763,3700,100700
2026-10-01,4765,23200,487800
2026-10-01,4766,0,127300
2026-10-01,4767,6500,249400
2026-10-01,4768,35400,26000
2026-10-01,4769,0,800
2026-10-01,476A,100,73200
2026-10-01,4771,400,99500
2026-10-01,4772,0,2431900
2026-10-01,4776,265100,709800
2026-10-01,4777,0,781000
2026-10-01,477A,0,669500
2026-10-01,4783,1900,62600
2026-10-01,4784,100,5495600
2026-10-01,478A,2800,603700
2026-10-01,4792,4000,86700
2026-10-01,479A,0,581900
2026-10-01,4801,18500,7700
2026-10-01,4809,0,49400
2026-10-01,480A,0,399000
2026-10-01,4811,0,111800
2026-10-01,4812,246600,221900
2026-10-01,4813,543000,3016200
2026-10-01,4814,0,852900
2026-10-01,4816,22000,182500
2026-10-01,4819,40700,425100
2026-10-01,4820,29400,264200
2026-10-01,4825,63200,376800
2026-10-01,4826,26600,409400
2026-10-01,4828,21000,404600
2026-10-01,4829,115700,873800
2026-10-01,4832,0,60800
2026-10-01,4833,0,8110300
2026-10-01,4838,0,477900
2026-10-01,4839,70200,526800
2026-10-01,483A,0,48300
2026-10-01,4840,200,345000
2026-10-01,4845,4800,368400
2026-10-01,4847,97600,339600
2026-10-01,4848,20700,173200
2026-10-01,4849,93500,77800
2026-10-01,485A,6200,7345200
2026-10-01,486A,0,6597
2026-10-01,487A,0,4115
2026-10-01,4880,237200,471800
2026-10-01,4881,0,3520500
2026-10-01,4882,0,1597700
2026-10-01,4883,0,10644800
2026-10-01,4884,0,1033700
2026-10-01,4885,1500,192400
2026-10-01,4886,700,91700
2026-10-01,4887,87600,384200
2026-10-01,4888,0,2133400
2026-10-01,4889,0,1361800
2026-10-01,488A,0,32800
2026-10-01,4890,0,651200
2026-10-01,4891,0,4087000
2026-10-01,4892,0,804100
2026-10-01,4893,358900,1080300
2026-10-01,4894,300,583000
2026-10-01,4896,0,254400
2026-10-01,489A,0,38
2026-10-01,4901,32500,2260600
2026-10-01,4902,261100,1018700
2026-10-01,4911,328700,651100
2026-10-01,4912,25200,93200
2026-10-01,4914,52100,202300
2026-10-01,4918,0,174000
2026-10-01,4919,12500,53400
2026-10-01,491A,0,0
2026-10-01,4920,0,45900
2026-10-01,4922,275000,192200
2026-10-01,4923,60100,6600
2026-10-01,4925,0,17600
2026-10-01,4926,100,8200
2026-10-01,4927,520800,194100
2026-10-01,4928,19400,57700
2026-10-01,4929,2400,12600
2026-10-01,492A,0,130
2026-10-01,4931,13200,29500
2026-10-01,4932,0,187700
2026-10-01,4933,78100,145400
2026-10-01,4934,0,246300
2026-10-01,4935,151100,4434300
2026-10-01,4936,108100,328600
2026-10-01,4937,0,166400
2026-10-01,493A,0,0
2026-10-01,494A,0,0
2026-10-01,4951,18500,18800
2026-10-01,4956,24300,18200
2026-10-01,4958,49500,18400
2026-10-01,495A,0,0
2026-10-01,4960,0,565000
2026-10-01,4966,0,22200
2026-10-01,4967,101300,101500
2026-10-01,4968,17200,343300
2026-10-01,496A,0,107330
2026-10-01,4970,400,349200
2026-10-01,4971,12400,560100
2026-10-01,4972,0,187800
2026-10-01,4973,0,161100
2026-10-01,4975,12700,155200
2026-10-01,4976,0,6800
2026-10-01,4977,1100,236900
2026-10-01,4978,0,4141000
2026-10-01,4979,2300,41300
2026-10-01,497A,0,297
2026-10-01,4980,54600,1806600
2026-10-01,4985,10500,37800
2026-10-01,498A,0,167
2026-10-01,4990,0,22600
2026-10-01,4992,9200,120900
2026-10-01,4994,2300,14400
2026-10-01,4996,169700,881900
2026-10-01,4997,38900,173100
2026-10-01,4998,26200,99100
2026-10-01,499A,0,1342
2026-10-01,500A,0,66800
2026-10-01,5010,0,1393200
2026-10-01,5011,31400,58500
2026-10-01,5013,26300,57700
2026-10-01,5015,0,49000
2026-10-01,5016,746100,23784400
2026-10-01,5018,7400,96500
2026-10-01,5019,219100,871900
2026-10-01,5020,139500,2173700
2026-10-01,5021,40600,137900
2026-10-01,5025,0,22200
2026-10-01,5026,0,166600
2026-10-01,5027,32800,1416300
2026-10-01,5028,0,369500
2026-10-01,5029,0,160900
2026-10-01,502A,0,210
2026-10-01,5031,0,1124000
2026-10-01,5032,60700,894100
2026-10-01,5033,75300,301100
2026-10-01,5034,0,157900
2026-10-01,5035,0,203500
2026-10-01,5036,18000,119700
2026-10-01,5038,200,152200
2026-10-01,504A,0,205100
2026-10-01,505A,0,113500
2026-10-01,5071,10900,244200
2026-10-01,5074,598600,3397500
2026-10-01,5076,92700,2891100
2026-10-01,5078,0,4700
2026-10-01,5079,0,84000
2026-10-01,509A,0,1413
2026-10-01,5101,35200,524700
2026-10-01,5105,29500,362500
2026-10-01,5108,497900,634800
2026-10-01,5110,28800,1481500
2026-10-01,5121,27600,75100
2026-10-01,5122,5500,1500
2026-10-01,5125,0,78100
2026-10-01,5126,0,13800
2026-10-01,5129,656300,797900
2026-10-01,512A,0,3401
2026-10-01,5131,744600,1813100
2026-10-01,5132,113200,506900
2026-10-01,5133,0,787900
2026-10-01,5134,0,32400
2026-10-01,5136,0,447200
2026-10-01,5137,740200,1641700
2026-10-01,5138,0,108400
2026-10-01,5139,100,73300
2026-10-01,513A,4672,699239
2026-10-01,5142,40000,464200
2026-10-01,515A,0,1580
2026-10-01,5161,0,171700
2026-10-01,5162,134800,198800
2026-10-01,516A,0,952
2026-10-01,517A,0,156
2026-10-01,5184,4800,70600
2026-10-01,5185,14000,125300
2026-10-01,5186,15200,329600
2026-10-01,5187,0,67400
2026-10-01,5189,0,44000
2026-10-01,518A,0,1159
2026-10-01,5192,48700,37200
2026-10-01,5194,0,311500
2026-10-01,5195,17400,18500
2026-10-01,5199,0,24100
2026-10-01,519A,0,104000
2026-10-01,5201,18300,901600
2026-10-01,5204,300,68900
2026-10-01,5208,59100,455400
2026-10-01,520A,0,1396700
2026-10-01,5210,32100,185500
2026-10-01,5214,25200,282300
2026-10-01,5216,0,1446700
2026-10-01,5218,28900,149300
2026-10-01,521A,2181,1575912
2026-10-01,5232,76600,552600
2026-10-01,5233,35300,495300
2026-10-01,5237,0,217000
2026-10-01,523A,125600,425900
2026-10-01,5240,172100,1178300
2026-10-01,5242,0,218500
2026-10-01,5243,9400,872900
2026-10-01,5244,2100,2012900
2026-10-01,5246,253600,2495900
2026-10-01,5247,0,128100
2026-10-01,5248,0,2270200
2026-10-01,5250,0,59200
2026-10-01,5252,200,437900
2026-10-01,5253,1032100,2969900
2026-10-01,5254,100,89400
2026-10-01,5255,0,3875000
2026-10-01,5256,0,63400
2026-10-01,5257,0,56900
2026-10-01,5258,56200,2602600
2026-10-01,5261,2700,17300
2026-10-01,5262,677300,1125900
2026-10-01,5268,0,474600
2026-10-01,5269,26400,429300
2026-10-01,526A,0,1040
2026-10-01,5271,0,12200
2026-10-01,5273,5200,7600
2026-10-01,5279,0,32900
2026-10-01,5280,0,405500
2026-10-01,5282,0,1267500
2026-10-01,5283,0,90300
2026-10-01,5284,0,100200
2026-10-01,5285,2600,327500
2026-10-01,5287,0,165100
2026-10-01,5288,200,1081100
2026-10-01,5290,87700,167300
2026-10-01,5301,269200,577200
2026-10-01,5302,3900,41400
2026-10-01,5304,1700,210000
2026-10-01,530A,0,1002
2026-10-01,5310,40700,89900
2026-10-01,531A,0,3
2026-10-01,532A,0,431
2026-10-01,5331,44200,141000
2026-10-01,5332,62100,730200
2026-10-01,5333,32300,407000
2026-10-01,5334,159300,1291300
2026-10-01,5337,0,26400
2026-10-01,533A,0,359
2026-10-01,5341,0,756800
2026-10-01,5344,6400,57500
2026-10-01,534A,0,579
2026-10-01,5351,1000,201100
2026-10-01,5355,0,453600
2026-10-01,5356,800,65100
2026-10-01,5357,3900,103900
2026-10-01,535A,0,0
2026-10-01,5363,3500,677900
2026-10-01,5367,287500,570300
2026-10-01,5368,0,78900
2026-10-01,536A,0,0
2026-10-01,537A,0,511
2026-10-01,5380,0,33800
2026-10-01,5381,63200,606000
2026-10-01,5384,11800,169800
2026-10-01,5388,1300,51600
2026-10-01,538A,0,775
2026-10-01,5391,1300,237900
2026-10-01,5393,19500,124600
2026-10-01,539A,0,200
2026-10-01,5401,2298500,39566200
2026-10-01,5406,285000,1742900
2026-10-01,5408,45500,926700
2026-10-01,540A,0,123014
2026-10-01,5410,51900,285000
2026-10-01,5411,1241900,5062200
2026-10-01,541A,0,1160
2026-10-01,5423,66900,210700
2026-10-01,542A,0,67200
2026-10-01,543A,523300,23202600
2026-10-01,5440,4000,142300
2026-10-01,5444,11100,40400
2026-10-01,5445,5800,196700
2026-10-01,5446,0,36600
2026-10-01,5449,178800,1739500
2026-10-01,544A,220400,1213500
2026-10-01,5451,199800,120800
2026-10-01,5458,0,74500
2026-10-01,545A,2000,40700
2026-10-01,5461,77200,163400
2026-10-01,5463,33400,108300
2026-10-01,5464,10300,154800
2026-10-01,546A,8100,623000
2026-10-01,5471,59800,518300
2026-10-01,547A,45300,16980900
2026-10-01,5480,22400,129200
2026-10-01,5482,17000,132700
2026-10-01,5484,0,600
2026-10-01,548A,0,124000
2026-10-01,5491,2200,906200
2026-10-01,549A,0,270500
2026-10-01,550A,0,51100
2026-10-01,5527,0,169400
2026-10-01,552A,0,14721
2026-10-01,5532,0,378000
2026-10-01,5533,0,5800
2026-10-01,5535,0,2503700
2026-10-01,5537,200,247300
2026-10-01,5541,173300,783800
2026-10-01,5542,0,227500
2026-10-01,554A,0,92800
2026-10-01,5563,47500,1506000
2026-10-01,556A,0,213900
2026-10-01,5570,0,174300
2026-10-01,5571,0,273700
2026-10-01,5572,0,192200
2026-10-01,5574,9900,556700
2026-10-01,5575,0,54800
2026-10-01,5576,0,24000
2026-10-01,5578,0,244400
2026-10-01,5580,0,8800
2026-10-01,5582,0,106800
2026-10-01,5586,0,384200
2026-10-01,5587,0,281900
2026-10-01,5588,0,253900
2026-10-01,5589,600,5700
2026-10-01,558A,0,111700
2026-10-01,5590,107600,1351700
2026-10-01,5591,0,197800
2026-10-01,5592,0,504000
2026-10-01,5597,0,240800
2026-10-01,5599,0,115000
2026-10-01,559A,0,85000
2026-10-01,5602,57200,341800
2026-10-01,5603,1900,194500
2026-10-01,5609,0,195300
2026-10-01,5612,0,89600
2026-10-01,5616,0,54900
2026-10-01,5618,0,50400
2026-10-01,5619,0,28900
2026-10-01,5621,0,135000
2026-10-01,5631,46700,1064100
2026-10-01,5632,14000,209900
2026-10-01,563A,8212,3579998
2026-10-01,5644,0,15800
2026-10-01,564A,0,578
2026-10-01,5658,2400,267000
2026-10-01,5659,50600,120700
2026-10-01,566A,0,143
2026-10-01,568A,0,132460
2026-10-01,5695,0,12800
2026-10-01,5697,0,90600
2026-10-01,5698,100,606200
2026-10-01,5699,0,211500
2026-10-01,569A,0,24370
2026-10-01,5702,25400,579900
2026-10-01,5703,6500,426700
2026-10-01,5704,0,369800
2026-10-01,5706,1236400,11386100
2026-10-01,5707,401600,1497300
2026-10-01,570A,0,30
2026-10-01,5711,40300,2305800
2026-10-01,5713,176600,1634600
2026-10-01,5714,8300,332500
2026-10-01,5715,21800,363700
2026-10-01,571A,0,60
2026-10-01,5721,0,3021000
2026-10-01,5724,0,178800
2026-10-01,5726,807300,1374200
2026-10-01,5729,0,88800
2026-10-01,572A,0,80
2026-10-01,573A,0,42950
2026-10-01,5741,25600,613800
2026-10-01,5742,100,23000
2026-10-01,5753,0,101300
2026-10-01,5757,0,18900
2026-10-01,575A,1400,170800
2026-10-01,576A,0,110319
2026-10-01,577A,0,12160
2026-10-01,578A,0,103930
2026-10-01,579A,0,74193
2026-10-01,5801,1413700,16241700
2026-10-01,5802,511400,10866000
2026-10-01,5803,1716700,20772700
2026-10-01,5805,95400,1222000
2026-10-01,580A,0,91478
2026-10-01,5816,4400,462300
2026-10-01,5817,0,301400
2026-10-01,5819,0,57500
2026-10-01,581A,74000,3640000
2026-10-01,5820,0,376800
2026-10-01,5821,100,370100
2026-10-01,5830,15500,414100
2026-10-01,5831,66700,598400
2026-10-01,5832,14800,349500
2026-10-01,5834,2400,471100
2026-10-01,5838,37300,1803600
2026-10-01,5842,0,207300
2026-10-01,5843,0,222300
2026-10-01,5844,54500,246800
2026-10-01,5845,0,269800
2026-10-01,584A,0,360200
2026-10-01,5851,27600,121300
2026-10-01,5852,56900,656600
2026-10-01,5857,21600,655400
2026-10-01,5858,0,221100
2026-10-01,585A,0,761
2026-10-01,5867,0,18900
2026-10-01,5868,0,99800
2026-10-01,5869,200,36200
2026-10-01,586A,0,846680
2026-10-01,5870,0,315700
2026-10-01,5871,3100,151300
2026-10-01,5884,0,345000
2026-10-01,5885,21700,76900
2026-10-01,5888,0,41500
2026-10-01,5889,100,478700
2026-10-01,5891,0,82900
2026-10-01,5892,0,471600
2026-10-01,589A,0,204700
2026-10-01,5900,0,14800
2026-10-01,5901,56600,61600
2026-10-01,5902,2900,20100
2026-10-01,5905,0,88000
2026-10-01,5906,0,349300
2026-10-01,5909,5200,20500
2026-10-01,590A,41600,603500
2026-10-01,5911,75700,456400
2026-10-01,5915,2100,77300
2026-10-01,5918,0,23800
2026-10-01,5921,0,151400
2026-10-01,5922,0,4900
2026-10-01,5923,0,440100
2026-10-01,5928,1900,154000
2026-10-01,5929,45900,86200
2026-10-01,5930,100,45300
2026-10-01,5932,26400,500000
2026-10-01,5933,6700,44700
2026-10-01,5936,500,214500
2026-10-01,5938,490700,1785200
2026-10-01,5939,0,19500
2026-10-01,593A,1300,5152600
2026-10-01,5940,0,313900
2026-10-01,5941,0,19900
2026-10-01,5942,0,421900
2026-10-01,5943,44900,46800
2026-10-01,5945,0,176000
2026-10-01,5946,15200,2375300
2026-10-01,5947,134700,91900
2026-10-01,5949,8500,172100
2026-10-01,5950,0,193400
2026-10-01,5951,53200,20500
2026-10-01,5952,0,544900
2026-10-01,5955,42200,2742300
2026-10-01,5956,1400,43300
2026-10-01,5957,7600,179700
2026-10-01,5958,100,104400
2026-10-01,5959,7300,156300
2026-10-01,5962,0,36000
2026-10-01,5965,0,89400
2026-10-01,5966,0,1800
2026-10-01,5967,0,803400
2026-10-01,5969,0,2600
2026-10-01,5970,3700,252500
2026-10-01,5971,0,900
2026-10-01,5973,0,238800
2026-10-01,5974,0,10000
2026-10-01,5975,5600,36900
2026-10-01,5976,26200,77800
2026-10-01,5981,6600,201700
2026-10-01,5982,0,4600
2026-10-01,5983,0,9000
2026-10-01,5984,0,60800
2026-10-01,5985,257300,1459400
2026-10-01,5986,0,598000
2026-10-01,5987,0,16300
2026-10-01,5988,188000,83100
2026-10-01,5989,6100,666300
2026-10-01,598A,0,258200
2026-10-01,5990,0,54200
2026-10-01,5991,8600,1704800
2026-10-01,5992,600,713700
2026-10-01,5994,0,159000
2026-10-01,5997,0,30200
2026-10-01,5998,7100,97000
2026-10-01,6005,36200,120900
2026-10-01,600A,0,1123
2026-10-01,6013,40100,62300
2026-10-01,6016,0,231500
2026-10-01,6018,0,48500
2026-10-01,6022,0,49800
2026-10-01,6023,8100,471700
2026-10-01,6027,343300,522700
2026-10-01,6029,0,963200
2026-10-01,6030,0,126800
2026-10-01,6031,75400,1824700
2026-10-01,6033,4400,165100
2026-10-01,6034,700,115400
2026-10-01,6035,19500,630300
2026-10-01,6036,45400,306200
2026-10-01,6037,100,372400
2026-10-01,6038,1200,314400
2026-10-01,6039,0,574800
2026-10-01,603A,0,2348500
2026-10-01,6040,0,256000
2026-10-01,6042,0,18800
2026-10-01,6044,0,42800
2026-10-01,6045,16800,101600
2026-10-01,6046,204500,670500
2026-10-01,6047,160800,1086600
2026-10-01,6049,0,999000
2026-10-01,604A,2900,1201900
2026-10-01,6050,61700,34400
2026-10-01,6054,52900,1259400
2026-10-01,6055,40000,511600
2026-10-01,6058,87000,3713900
2026-10-01,6059,2800,142700
2026-10-01,605A,0,123020
2026-10-01,6061,0,42900
2026-10-01,6062,31500,227200
2026-10-01,6063,0,22400
2026-10-01,6069,4400,625100
2026-10-01,606A,0,14279
2026-10-01,6070,6400,109600
2026-10-01,6071,12800,554700
2026-10-01,6072,857800,5393600
2026-10-01,6073,30100,43400
2026-10-01,6074,0,269900
2026-10-01,6078,256600,82400
2026-10-01,607A,0,2013700
2026-10-01,6080,43900,148400
2026-10-01,6081,0,1594000
2026-10-01,6082,2400,40700
2026-10-01,6083,26300,225900
2026-10-01,6085,0,2742700
2026-10-01,6086,0,59400
2026-10-01,6087,500,5900
2026-10-01,6088,31200,1176400
2026-10-01,6089,11400,78500
2026-10-01,608A,0,18153
2026-10-01,6090,0,181800
2026-10-01,6091,17300,523600
2026-10-01,6092,16700,491400
2026-10-01,6093,114700,877400
2026-10-01,6094,0,1252100
2026-10-01,6098,376200,506900
2026-10-01,6099,58100,150900
2026-10-01,609A,0,51800
2026-10-01,6101,14000,512200
2026-10-01,6103,10900,140700
2026-10-01,6104,29100,43900
2026-10-01,610A,0,105375
2026-10-01,6113,25000,228800
2026-10-01,6118,57200,152400
2026-10-01,611A,0,4120
2026-10-01,6125,0,418900
2026-10-01,612A,0,10
2026-10-01,6134,11500,582500
2026-10-01,6135,0,300400
2026-10-01,6136,18600,105600
2026-10-01,6137,500,201000
2026-10-01,6138,0,83000
2026-10-01,613A,0,14
2026-10-01,6140,14800,1115700
2026-10-01,6141,32300,2010400
2026-10-01,6143,18500,643000
2026-10-01,6144,0,60200
2026-10-01,6145,11300,173200
2026-10-01,6146,136900,786000
2026-10-01,6149,0,85200
2026-10-01,6150,0,21000
2026-10-01,6151,1800,51300
2026-10-01,6155,0,162800
2026-10-01,6156,0,13100
2026-10-01,6157,9100,139900
2026-10-01,6158,19800,50600
2026-10-01,6159,0,4400
2026-10-01,6161,0,1040500
2026-10-01,6165,3200,921100
2026-10-01,6166,0,661200
2026-10-01,6167,32400,178500
2026-10-01,6171,600,250700
2026-10-01,6176,0,372700
2026-10-01,6177,0,1929100
2026-10-01,6178,128500,496700
2026-10-01,6180,0,35900
2026-10-01,6181,0,2411300
2026-10-01,6182,142400,576000
2026-10-01,6183,9000,129800
2026-10-01,6184,199200,481600
2026-10-01,6185,17300,200000
2026-10-01,6186,0,83600
2026-10-01,6189,6900,112800
2026-10-01,618A,200,791300
2026-10-01,6190,0,231100
2026-10-01,6191,147500,838800
2026-10-01,6193,0,49100
2026-10-01,6194,996700,435000
2026-10-01,6195,0,327400
2026-10-01,6196,44000,1247100
2026-10-01,6198,0,671900
2026-10-01,6199,19600,91000
2026-10-01,619A,0,2429100
2026-10-01,6200,50300,1047100
2026-10-01,6203,167400,1422700
2026-10-01,6208,91000,437700
2026-10-01,6209,11800,112700
2026-10-01,6217,0,324600
2026-10-01,6218,500,206800
2026-10-01,621A,300,716600
2026-10-01,6222,410100,428700
2026-10-01,6223,5700,183200
2026-10-01,6224,0,485300
2026-10-01,6226,64900,496200
2026-10-01,6227,720700,2954200
2026-10-01,6228,200,315100
2026-10-01,6229,0,80600
2026-10-01,622A,0,197300
2026-10-01,6230,0,16900
2026-10-01,6231,100,103200
2026-10-01,6232,807200,2513100
2026-10-01,6233,0,76800
2026-10-01,6235,4200,488400
2026-10-01,6237,10200,80100
2026-10-01,6238,5300,436800
2026-10-01,6239,0,656000
2026-10-01,623A,0,863800
2026-10-01,6240,187300,885800
2026-10-01,6245,24100,592400
2026-10-01,6246,2000,36700
2026-10-01,6247,20600,37800
2026-10-01,6248,0,16500
2026-10-01,6249,0,65800
2026-10-01,6250,5400,93100
2026-10-01,6254,329100,2054900
2026-10-01,6255,194700,1162900
2026-10-01,6257,7300,145900
2026-10-01,6258,75500,805900
2026-10-01,625A,2100,1012100
2026-10-01,6262,1700,3244800
2026-10-01,6264,38300,1637400
2026-10-01,6265,0,43900
2026-10-01,6266,75600,328000
2026-10-01,6267,0,5600
2026-10-01,6268,28100,949100
2026-10-01,6269,41700,1634900
2026-10-01,626A,0,8045
2026-10-01,6272,4300,85800
2026-10-01,6273,7500,53700
2026-10-01,6276,0,474700
2026-10-01,6277,44500,193700
2026-10-01,6278,16000,156600
2026-10-01,6279,35100,55500
2026-10-01,627A,27100,1281200
2026-10-01,6282,27500,17700
2026-10-01,6284,1000,20800
2026-10-01,6286,0,25000
2026-10-01,6287,37100,63300
2026-10-01,6289,122500,95700
2026-10-01,6291,100,522100
2026-10-01,6292,0,136200
2026-10-01,6294,1700,132800
2026-10-01,6298,210000,1063500
2026-10-01,6301,217900,738200
2026-10-01,6302,35400,174000
2026-10-01,6305,16000,437300
2026-10-01,6306,12300,93500
2026-10-01,6307,0,182500
2026-10-01,6309,18300,152700
2026-10-01,630A,0,23
2026-10-01,6310,32300,167900
2026-10-01,6315,139800,4888900
2026-10-01,6316,0,37900
2026-10-01,6317,44500,218100
2026-10-01,6322,0,102500
2026-10-01,6323,113600,3435800
2026-10-01,6324,727900,853500
2026-10-01,6325,4500,35100
2026-10-01,6326,219200,760900
2026-10-01,6327,0,704900
2026-10-01,6328,17400,142300
2026-10-01,632A,0,3
2026-10-01,6330,1303700,4703000
2026-10-01,6331,12500,748300
2026-10-01,6332,9300,126500
2026-10-01,6333,8400,21000
2026-10-01,6334,0,121600
2026-10-01,6335,0,274800
2026-10-01,6336,0,533000
2026-10-01,6337,0,127100
2026-10-01,6338,0,242700
2026-10-01,6339,21400,89600
2026-10-01,633A,600,129332
2026-10-01,6340,14000,18300
2026-10-01,6342,0,6600
2026-10-01,6343,15400,1144100
2026-10-01,6345,26600,204600
2026-10-01,6346,0,4600
2026-10-01,6347,0,794100
2026-10-01,6349,66400,147000
2026-10-01,634A,2100,402600
2026-10-01,6351,9200,17300
2026-10-01,6356,351900,912900
2026-10-01,6357,1300,150900
2026-10-01,6358,2400,101200
2026-10-01,635A,0,10
2026-10-01,6360,0,12200
2026-10-01,6361,63000,1510800
2026-10-01,6363,14700,476600
2026-10-01,6364,24000,46300
2026-10-01,6365,0,10300
2026-10-01,6366,490800,10214400
2026-10-01,6367,19000,557700
2026-10-01,6368,148000,1107800
2026-10-01,6369,7700,150700
2026-10-01,636A,0,10
2026-10-01,6370,7900,138900
2026-10-01,6371,48600,84800
2026-10-01,6376,23100,2845900
2026-10-01,6378,14200,630200
2026-10-01,6379,246900,171600
2026-10-01,6380,0,431400
2026-10-01,6381,11600,94300
2026-10-01,6382,0,154100
2026-10-01,6383,41700,723600
2026-10-01,6384,0,88300
2026-10-01,6387,500,128700
2026-10-01,6390,16800,338300
2026-10-01,6391,0,44700
2026-10-01,6392,0,3100
2026-10-01,6393,100,29100
2026-10-01,6395,10700,286900
2026-10-01,6396,0,46400
2026-10-01,639A,0,1114830
2026-10-01,6400,500,457300
2026-10-01,6402,0,34800
2026-10-01,6405,0,453500
2026-10-01,6407,7700,175800
2026-10-01,6408,0,32100
2026-10-01,640A,0,427200
2026-10-01,6412,73200,95700
2026-10-01,6413,22500,773600
2026-10-01,6417,35400,406800
2026-10-01,6418,18600,199200
2026-10-01,6419,17500,283600
2026-10-01,641A,7000,196400
2026-10-01,6420,2200,8800
2026-10-01,6424,0,63600
2026-10-01,6425,189400,1918400
2026-10-01,6428,900,333400
2026-10-01,642A,59200,862900
2026-10-01,6430,19900,97200
2026-10-01,6432,18700,529000
2026-10-01,6433,0,605200
2026-10-01,6436,16400,34900
2026-10-01,643A,0,4213
2026-10-01,6440,174000,997300
2026-10-01,6444,269400,906100
2026-10-01,6445,13300,83100
2026-10-01,6448,26700,95300
2026-10-01,644A,0,1087
2026-10-01,6454,37000,45300
2026-10-01,6455,6800,25400
2026-10-01,6457,8300,25900
2026-10-01,6458,2100,287700
2026-10-01,6459,39900,53100
2026-10-01,6460,108300,143300
2026-10-01,6463,3600,140100
2026-10-01,6464,71300,1247400
2026-10-01,6465,47000,237800
2026-10-01,6466,0,139500
2026-10-01,6467,0,294500
2026-10-01,6469,0,331300
2026-10-01,646A,0,7574600
2026-10-01,6470,25800,161300
2026-10-01,6471,49200,1471600
2026-10-01,6472,338100,1907100
2026-10-01,6473,40700,289800
2026-10-01,6474,14700,251900
2026-10-01,6479,41200,2707600
2026-10-01,6480,26700,1363200
2026-10-01,6481,63800,524600
2026-10-01,6482,20000,102700
2026-10-01,6484,0,9600
2026-10-01,6485,8800,23400
2026-10-01,6488,0,114500
2026-10-01,6490,9600,81600
2026-10-01,6492,100,81800
2026-10-01,6493,0,528700
2026-10-01,6494,0,3958300
2026-10-01,6495,0,271200
2026-10-01,6496,0,78500
2026-10-01,6497,0,46500
2026-10-01,6498,8200,734600
2026-10-01,6501,399900,3485200
2026-10-01,6503,109600,3480200
2026-10-01,6504,16600,416200
2026-10-01,6505,1300,135900
2026-10-01,6506,223300,6146100
2026-10-01,6507,18700,114500
2026-10-01,6508,18500,166400
2026-10-01,6513,100,279200
2026-10-01,6516,6500,129400
2026-10-01,6517,7900,30300
2026-10-01,6518,0,213400
2026-10-01,6521,100,665700
2026-10-01,6522,125100,1283000
2026-10-01,6523,123300,824200
2026-10-01,6524,22500,518400
2026-10-01,6525,619600,1794600
2026-10-01,6526,1058300,5548400
2026-10-01,6532,129400,364700
2026-10-01,6533,113400,148400
2026-10-01,6535,21900,895500
2026-10-01,6537,87800,333500
2026-10-01,6538,800,845000
2026-10-01,6539,6900,315500
2026-10-01,6540,400,131600
2026-10-01,6543,0,22300
2026-10-01,6544,82300,439600
2026-10-01,6545,4800,223300
2026-10-01,6546,300,6500
2026-10-01,6547,2400,283400
2026-10-01,6548,0,732800
2026-10-01,6549,0,99800
2026-10-01,6551,23600,267600
2026-10-01,6552,0,704600
2026-10-01,6554,0,269500
2026-10-01,6555,0,111700
2026-10-01,6557,0,196800
2026-10-01,6558,0,31000
2026-10-01,6560,1600,103400
2026-10-01,6561,0,351200
2026-10-01,6562,125500,634700
2026-10-01,6563,3000,112000
2026-10-01,6564,0,105300
2026-10-01,6566,200,32300
2026-10-01,6568,0,118300
2026-10-01,6570,66900,89900
2026-10-01,6571,5800,105600
2026-10-01,6572,152200,802300
2026-10-01,6573,0,5178100
2026-10-01,6574,0,8315600
2026-10-01,6577,0,107600
2026-10-01,6578,0,60000
2026-10-01,6579,0,314300
2026-10-01,6580,30900,209700
2026-10-01,6584,302800,1258500
2026-10-01,6586,31100,200700
2026-10-01,6588,26200,142300
2026-10-01,6590,69300,1160400
2026-10-01,6592,108800,217600
2026-10-01,6594,681100,6928300
2026-10-01,6597,0,327500
2026-10-01,6599,0,52800
2026-10-01,6612,0,84400
2026-10-01,6613,15400,3615900
2026-10-01,6614,14800,117500
2026-10-01,6615,19600,541100
2026-10-01,6616,100,222800
2026-10-01,6617,8800,163700
2026-10-01,6619,717500,6807100
2026-10-01,6620,178400,607700
2026-10-01,6622,36800,1013400
2026-10-01,6625,353600,3825300
2026-10-01,6626,0,59500
2026-10-01,6627,300,1073700
2026-10-01,6629,265200,1189300
2026-10-01,6630,424900,158200
2026-10-01,6632,70300,1633600
2026-10-01,6633,0,101100
2026-10-01,6634,0,914000
2026-10-01,6635,32200,314500
2026-10-01,6637,0,194600
2026-10-01,6638,13100,41000
2026-10-01,6643,300,27900
2026-10-01,6644,71200,365400
2026-10-01,6645,30500,495700
2026-10-01,6647,0,32400
2026-10-01,6648,0,250500
2026-10-01,6651,21200,54800
2026-10-01,6652,7900,51700
2026-10-01,6653,2900,732600
2026-10-01,6654,7600,65300
2026-10-01,6656,96800,380500
2026-10-01,6658,0,608500
2026-10-01,6659,497000,7836100
2026-10-01,6662,0,2046200
2026-10-01,6663,0,254300
2026-10-01,6664,20200,336100
2026-10-01,6666,0,445300
2026-10-01,6668,300,419800
2026-10-01,6674,15100,634100
2026-10-01,6675,17700,154300
2026-10-01,6676,99300,46000
2026-10-01,6677,2000,270600
2026-10-01,6678,100,129300
2026-10-01,6694,0,154400
2026-10-01,6696,0,390500
2026-10-01,6699,1100,504000
2026-10-01,6701,225100,4882900
2026-10-01,6702,163100,2391000
2026-10-01,6703,44000,1093300
2026-10-01,6706,16400,223900
2026-10-01,6707,29700,66700
2026-10-01,6718,3700,66300
2026-10-01,6721,0,3243500
2026-10-01,6723,669300,2781400
2026-10-01,6724,137400,83200
2026-10-01,6727,124600,742600
2026-10-01,6728,50400,216500
2026-10-01,6730,46900,456400
2026-10-01,6731,0,349800
2026-10-01,6736,40900,16200
2026-10-01,6737,10800,54900
2026-10-01,6740,8536300,44731000
2026-10-01,6741,20900,173400
2026-10-01,6742,30400,222400
2026-10-01,6743,0,118700
2026-10-01,6744,11600,116500
2026-10-01,6745,17900,74200
2026-10-01,6748,100,231600
2026-10-01,6750,49900,85100
2026-10-01,6752,468700,1815800
2026-10-01,6753,2946000,3033700
2026-10-01,6754,102300,747800
2026-10-01,6757,0,81200
2026-10-01,6758,303700,5957300
2026-10-01,6762,412700,4815800
2026-10-01,6763,17300,17500
2026-10-01,6768,126600,1435900
2026-10-01,6769,0,363800
2026-10-01,6770,92600,98600
2026-10-01,6771,13300,200100
2026-10-01,6772,0,1748600
2026-10-01,6775,0,1064000
2026-10-01,6776,0,453500
2026-10-01,6777,100,244400
2026-10-01,6778,23000,385700
2026-10-01,6779,17900,1090900
2026-10-01,6785,8800,76200
2026-10-01,6786,0,1096300
2026-10-01,6787,31800,462100
2026-10-01,6788,10100,10000
2026-10-01,6794,45500,972100
2026-10-01,6797,0,134700
2026-10-01,6798,20300,50700
2026-10-01,6800,5500,262500
2026-10-01,6803,53600,1096500
2026-10-01,6804,4300,221900
2026-10-01,6806,3700,17100
2026-10-01,6807,53400,35800
2026-10-01,6809,7400,156500
2026-10-01,6810,37300,101900
2026-10-01,6814,18500,441200
2026-10-01,6817,8600,445700
2026-10-01,6819,0,113700
2026-10-01,6820,8700,21900
2026-10-01,6822,0,61400
2026-10-01,6823,3000,103900
2026-10-01,6824,0,27700
2026-10-01,6832,0,148200
2026-10-01,6834,353800,1408400
2026-10-01,6835,0,1544200
2026-10-01,6836,0,258300
2026-10-01,6837,0,312300
2026-10-01,6838,0,928300
2026-10-01,6840,0,1284500
2026-10-01,6841,96200,169300
2026-10-01,6844,12400,205300
2026-10-01,6845,95900,144100
2026-10-01,6848,1500,39900
2026-10-01,6849,99100,68400
2026-10-01,6850,21000,27200
2026-10-01,6853,9300,82400
2026-10-01,6855,54200,819200
2026-10-01,6856,8000,53400
2026-10-01,6857,1919800,1818500
2026-10-01,6858,0,246100
2026-10-01,6859,13900,49700
2026-10-01,6861,59300,128100
2026-10-01,6862,0,948800
2026-10-01,6863,0,395300
2026-10-01,6864,0,247500
2026-10-01,6866,4100,28100
2026-10-01,6867,0,270900
2026-10-01,6869,163900,834200
2026-10-01,6870,0,55300
2026-10-01,6871,101500,573800
2026-10-01,6874,200,53200
2026-10-01,6875,12400,55100
2026-10-01,6877,9500,36400
2026-10-01,6882,30900,493000
2026-10-01,6888,100,134000
2026-10-01,6890,62600,1856500
2026-10-01,6894,0,29900
2026-10-01,6897,0,1447100
2026-10-01,6898,0,51100
2026-10-01,6899,0,143800
2026-10-01,6902,178400,3767300
2026-10-01,6904,0,544600
2026-10-01,6905,46300,170800
2026-10-01,6907,0,829900
2026-10-01,6908,36200,286200
2026-10-01,6912,0,54600
2026-10-01,6914,2100,173300
2026-10-01,6915,1300,92800
2026-10-01,6918,0,122900
2026-10-01,6919,9700,91100
2026-10-01,6920,716300,1211800
2026-10-01,6923,10800,21000
2026-10-01,6925,16900,71000
2026-10-01,6926,39300,184200
2026-10-01,6927,0,349700
2026-10-01,6928,0,119100
2026-10-01,6929,3500,101800
2026-10-01,6932,1600,265100
2026-10-01,6941,33300,346400
2026-10-01,6942,0,5900
2026-10-01,6943,0,39000
2026-10-01,6946,0,420700
2026-10-01,6947,16800,31200
2026-10-01,6951,27900,74200
2026-10-01,6952,59200,272200
2026-10-01,6954,239300,5061400
2026-10-01,6955,0,870100
2026-10-01,6958,175000,1573300
2026-10-01,6960,3700,25200
2026-10-01,6961,11900,152400
2026-10-01,6962,608600,1566500
2026-10-01,6963,156400,848700
2026-10-01,6964,0,57300
2026-10-01,6965,90200,2856700
2026-10-01,6966,198300,7137700
2026-10-01,6969,0,379700
2026-10-01,6971,112500,506200
2026-10-01,6976,1435600,3837600
2026-10-01,6977,0,126800
2026-10-01,6981,1230300,6040500
2026-10-01,6982,0,185100
2026-10-01,6986,204700,1029400
2026-10-01,6988,77600,331500
2026-10-01,6989,5800,182000
2026-10-01,6993,6786600,22583800
2026-10-01,6994,84200,630300
2026-10-01,6995,44200,30500
2026-10-01,6996,26300,454400
2026-10-01,6997,45600,1179400
2026-10-01,6998,40400,209500
2026-10-01,6999,39600,650200
2026-10-01,7003,111100,3791600
2026-10-01,7004,673900,3530000
2026-10-01,7011,1061500,20445800
2026-10-01,7012,695100,19552600
2026-10-01,7013,339900,14113000
2026-10-01,7014,54700,1375200
2026-10-01,7018,500,270800
2026-10-01,7021,0,52700
2026-10-01,7022,37600,1399400
2026-10-01,7030,1500,449300
2026-10-01,7031,0,106500
2026-10-01,7033,39100,239500
2026-10-01,7034,0,486700
2026-10-01,7035,16200,353000
2026-10-01,7036,0,46000
2026-10-01,7037,0,56200
2026-10-01,7038,151800,292500
2026-10-01,7039,21000,113200
2026-10-01,7040,0,44600
2026-10-01,7041,0,80600
2026-10-01,7042,0,32300
2026-10-01,7043,0,251100
2026-10-01,7044,0,264200
2026-10-01,7046,0,77300
2026-10-01,7047,6500,2004300
2026-10-01,7048,217000,1385900
2026-10-01,7049,8800,53100
2026-10-01,7050,0,150900
2026-10-01,7057,0,170900
2026-10-01,7058,0,30100
2026-10-01,7059,6200,736900
2026-10-01,7060,1100,200300
2026-10-01,7061,36100,658200
2026-10-01,7062,0,256500
2026-10-01,7063,0,4468500
2026-10-01,7064,0,110400
2026-10-01,7065,1300,137500
2026-10-01,7066,0,287800
2026-10-01,7067,0,27700
2026-10-01,7068,6000,441800
2026-10-01,7069,0,329700
2026-10-01,7071,699200,1644500
2026-10-01,7072,0,164400
2026-10-01,7073,0,16000
2026-10-01,7074,0,260500
2026-10-01,7075,0,63100
2026-10-01,7077,0,44800
2026-10-01,7078,0,333800
2026-10-01,7079,0,82500
2026-10-01,7080,0,196000
2026-10-01,7081,0,498000
2026-10-01,7083,0,29900
2026-10-01,7084,0,96300
2026-10-01,7085,120400,203000
2026-10-01,7087,2600,35300
2026-10-01,7089,0,155300
2026-10-01,7090,0,10700
2026-10-01,7091,0,95000
2026-10-01,7093,0,270300
2026-10-01,7094,18800,1155100
2026-10-01,7095,0,587400
2026-10-01,7096,17600,241700
2026-10-01,7097,0,42200
2026-10-01,7102,6600,73100
2026-10-01,7110,300,159900
2026-10-01,7111,0,386000
2026-10-01,7112,0,326600
2026-10-01,7114,0,58700
2026-10-01,7115,0,106200
2026-10-01,7119,50900,61000
2026-10-01,7120,0,85900
2026-10-01,7122,0,44600
2026-10-01,7126,0,24500
2026-10-01,7127,0,16400
2026-10-01,7128,271100,91800
2026-10-01,7129,0,16300
2026-10-01,7130,3400,250000
2026-10-01,7131,0,61500
2026-10-01,7133,0,81200
2026-10-01,7134,1200,67800
2026-10-01,7135,12800,97500
2026-10-01,7138,0,2138300
2026-10-01,7140,0,54000
2026-10-01,7148,628500,1846600
2026-10-01,7150,72400,187800
2026-10-01,7157,57700,452300
2026-10-01,7161,89100,658500
2026-10-01,7162,0,853300
2026-10-01,7164,67200,211400
2026-10-01,7167,64800,656800
2026-10-01,7172,25600,1399900
2026-10-01,7173,119000,1418100
2026-10-01,7175,0,52100
2026-10-01,7177,0,690900
2026-10-01,7180,90100,862900
2026-10-01,7181,31300,1395100
2026-10-01,7182,241600,1070700
2026-10-01,7183,0,2500
2026-10-01,7184,22800,92200
2026-10-01,7185,0,13000
2026-10-01,7186,67500,959100
2026-10-01,7187,5500,346100
2026-10-01,7189,10700,310500
2026-10-01,7191,12100,84100
2026-10-01,7192,10300,621200
2026-10-01,7196,0,134000
2026-10-01,7198,240000,598600
2026-10-01,7199,27300,518400
2026-10-01,7201,1141400,67248500
2026-10-01,7202,41400,1046700
2026-10-01,7203,1899600,18079600
2026-10-01,7208,0,12200
2026-10-01,7211,3647200,8619200
2026-10-01,7212,2800,789000
2026-10-01,7213,6400,172300
2026-10-01,7214,0,336700
2026-10-01,7215,0,135300
2026-10-01,7217,0,66900
2026-10-01,7218,0,34100
2026-10-01,7219,0,17900
2026-10-01,7220,22800,759000
2026-10-01,7222,28300,350400
2026-10-01,7224,28600,691200
2026-10-01,7226,17600,541800
2026-10-01,7228,0,31400
2026-10-01,7231,24600,54500
2026-10-01,7235,0,228900
2026-10-01,7236,16500,780000
2026-10-01,7238,170400,7091800
2026-10-01,7239,4100,182100
2026-10-01,7241,26200,139800
2026-10-01,7242,67100,227700
2026-10-01,7244,20300,296400
2026-10-01,7245,58500,666200
2026-10-01,7246,2900,348100
2026-10-01,7247,0,337400
2026-10-01,7254,0,790400
2026-10-01,7256,48300,2951000
2026-10-01,7259,137800,964300
2026-10-01,7261,517900,5665000
2026-10-01,7264,0,40500
2026-10-01,7265,0,27100
2026-10-01,7266,18900,376200
2026-10-01,7267,1739400,3624100
2026-10-01,7269,102700,3381600
2026-10-01,7270,153800,1510500
2026-10-01,7271,0,558500
2026-10-01,7272,430800,1203600
2026-10-01,7273,0,3752100
2026-10-01,7276,89200,2163900
2026-10-01,7277,8600,294100
2026-10-01,7278,20400,191100
2026-10-01,7279,92300,140100
2026-10-01,7280,15400,397400
2026-10-01,7282,329800,908400
2026-10-01,7283,1000,92900
2026-10-01,7284,0,668800
2026-10-01,7287,89200,303600
2026-10-01,7291,8100,555300
2026-10-01,7292,0,502100
2026-10-01,7294,20900,82800
2026-10-01,7296,13000,23900
2026-10-01,7297,0,16000
2026-10-01,7299,0,55800
2026-10-01,7305,2000,144300
2026-10-01,7309,62200,61700
2026-10-01,7313,96900,162800
2026-10-01,7314,0,20200
2026-10-01,7318,0,1057700
2026-10-01,7320,100,663200
2026-10-01,7322,13700,598200
2026-10-01,7325,0,162100
2026-10-01,7326,0,206100
2026-10-01,7327,24800,544400
2026-10-01,7337,36000,426800
2026-10-01,7343,0,31300
2026-10-01,7345,0,120500
2026-10-01,7347,29100,278300
2026-10-01,7350,10500,122900
2026-10-01,7351,0,192000
2026-10-01,7352,361200,1164600
2026-10-01,7353,0,216300
2026-10-01,7354,36100,1875200
2026-10-01,7356,19600,533600
2026-10-01,7357,0,23000
2026-10-01,7358,100,59900
2026-10-01,7359,0,585800
2026-10-01,7360,0,38900
2026-10-01,7361,0,132600
2026-10-01,7362,0,94000
2026-10-01,7363,0,34100
2026-10-01,7366,46200,59900
2026-10-01,7367,0,195100
2026-10-01,7368,100,12900
2026-10-01,7369,0,145200
2026-10-01,7370,100,121000
2026-10-01,7371,11100,797700
2026-10-01,7372,0,170500
2026-10-01,7373,72800,407000
2026-10-01,7374,0,188900
2026-10-01,7375,0,302800
2026-10-01,7376,0,798200
2026-10-01,7377,0,157300
2026-10-01,7378,22400,218900
2026-10-01,7380,35100,404500
2026-10-01,7381,48600,452600
2026-10-01,7383,471900,8093000
2026-10-01,7384,47100,137500
2026-10-01,7388,153000,131300
2026-10-01,7389,91800,4493900
2026-10-01,7399,0,29500
2026-10-01,7409,0,431800
2026-10-01,7412,1450600,986800
2026-10-01,7413,0,30200
2026-10-01,7414,1600,285400
2026-10-01,7416,3500,9900
2026-10-01,7417,2400,21900
2026-10-01,7419,75900,6965200
2026-10-01,7421,584400,45800
2026-10-01,7422,400,34800
2026-10-01,7425,0,201700
2026-10-01,7427,0,193000
2026-10-01,7433,60300,280900
2026-10-01,7434,0,24200
2026-10-01,7435,0,92500
2026-10-01,7438,4900,26900
2026-10-01,7442,2600,55100
2026-10-01,7443,600,36800
2026-10-01,7444,0,116300
2026-10-01,7446,0,2900
2026-10-01,7447,18000,200900
2026-10-01,7453,526500,913700
2026-10-01,7456,3600,161400
2026-10-01,7458,85000,74000
2026-10-01,7459,10700,13100
2026-10-01,7460,3200,1013200
2026-10-01,7461,0,31300
2026-10-01,7462,0,4800
2026-10-01,7463,11400,553600
2026-10-01,7464,0,35200
2026-10-01,7466,7500,30000
2026-10-01,7472,0,2700
2026-10-01,7475,4500,14700
2026-10-01,7476,31800,9300
2026-10-01,7477,0,68200
2026-10-01,7480,14400,158800
2026-10-01,7481,0,11400
2026-10-01,7482,2600,43800
2026-10-01,7483,9800,31800
2026-10-01,7486,0,16200
2026-10-01,7487,41800,18300
2026-10-01,7490,0,700
2026-10-01,7494,13400,626800
2026-10-01,7500,0,5000
2026-10-01,7501,0,40700
2026-10-01,7502,0,5500
2026-10-01,7504,68400,30300
2026-10-01,7505,100,114300
2026-10-01,7506,3900,1400
2026-10-01,7508,2000,198900
2026-10-01,7509,0,41900
2026-10-01,7510,6900,22600
2026-10-01,7512,146300,89000
2026-10-01,7513,216600,75200
2026-10-01,7514,0,23100
2026-10-01,7515,0,1100
2026-10-01,7516,17200,84600
2026-10-01,7520,300,23000
2026-10-01,7521,0,114000
2026-10-01,7522,27800,305300
2026-10-01,7523,0,5800
2026-10-01,7524,14900,725500
2026-10-01,7525,100,22600
2026-10-01,7527,4000,9802600
2026-10-01,7531,0,8200
2026-10-01,7532,841700,11412800
2026-10-01,7537,38000,86200
2026-10-01,7538,0,52000
2026-10-01,7539,19600,66700
2026-10-01,7544,0,231500
2026-10-01,7545,34900,115300
2026-10-01,7550,224400,152900
2026-10-01,7551,1500,420200
2026-10-01,7552,139900,213000
2026-10-01,7554,87000,59500
2026-10-01,7555,0,25600
2026-10-01,7561,1800,229900
2026-10-01,7562,0,2700
2026-10-01,7564,64000,803800
2026-10-01,7565,0,2500
2026-10-01,7567,0,180400
2026-10-01,7570,3300,42400
2026-10-01,7571,12800,743100
2026-10-01,7575,47700,207400
2026-10-01,7578,0,1500500
2026-10-01,7581,34100,779400
2026-10-01,7585,0,27000
2026-10-01,7590,30000,330600
2026-10-01,7593,11400,541200
2026-10-01,7595,8800,195900
2026-10-01,7596,12000,8100
2026-10-01,7599,225800,1497400
2026-10-01,7600,164400,2497600
2026-10-01,7601,0,227900
2026-10-01,7602,293100,523300
2026-10-01,7603,0,4853300
2026-10-01,7604,0,27300
2026-10-01,7606,14100,204800
2026-10-01,7607,6700,39900
2026-10-01,7608,19900,473300
2026-10-01,7609,16400,377700
2026-10-01,7610,40800,4198400
2026-10-01,7611,27600,109800
2026-10-01,7613,75900,238900
2026-10-01,7614,0,123800
2026-10-01,7615,0,1598800
2026-10-01,7616,1330900,77300
2026-10-01,7619,1500,248600
2026-10-01,7621,0,8100
2026-10-01,7624,1000,2052300
2026-10-01,7625,1600,370600
2026-10-01,7628,7200,32200
2026-10-01,7630,80000,967700
2026-10-01,7634,0,19100
2026-10-01,7636,0,50500
2026-10-01,7637,5000,55700
2026-10-01,7638,200,242200
2026-10-01,7640,39600,414600
2026-10-01,7643,0,5800
2026-10-01,7646,0,79400
2026-10-01,7649,62700,690700
2026-10-01,7670,0,79500
2026-10-01,7673,0,38200
2026-10-01,7674,0,39300
2026-10-01,7677,0,2700
2026-10-01,7678,78500,26500
2026-10-01,7679,6800,178600
2026-10-01,7681,0,100100
2026-10-01,7682,0,227800
2026-10-01,7683,100,221000
2026-10-01,7685,0,1191300
2026-10-01,7686,2100,297000
2026-10-01,7687,0,123400
2026-10-01,7689,0,116400
2026-10-01,7692,0,4212800
2026-10-01,7694,0,189300
2026-10-01,7695,0,121900
2026-10-01,7698,0,2900
2026-10-01,7699,0,21700
2026-10-01,7701,9300,209500
2026-10-01,7702,4400,182500
2026-10-01,7707,258000,1833600
2026-10-01,7711,100,416400
2026-10-01,7713,0,196100
2026-10-01,7715,8400,243400
2026-10-01,7716,32000,419400
2026-10-01,7717,25800,624400
2026-10-01,7719,0,513600
2026-10-01,7721,32900,303900
2026-10-01,7722,0,238700
2026-10-01,7723,1300,64500
2026-10-01,7725,40400,267300
2026-10-01,7726,19700,159100
2026-10-01,7727,71800,462100
2026-10-01,7729,28900,86200
2026-10-01,7730,31700,328600
2026-10-01,7731,225300,291100
2026-10-01,7733,199800,587400
2026-10-01,7734,7400,14700
2026-10-01,7735,189800,868000
2026-10-01,7740,78700,700200
2026-10-01,7741,21000,227500
2026-10-01,7743,6700,16900
2026-10-01,7744,9300,826400
2026-10-01,7745,4800,71600
2026-10-01,7746,535900,2002000
2026-10-01,7747,20600,404700
2026-10-01,7749,0,13300
2026-10-01,7751,211000,1179600
2026-10-01,7752,204400,176200
2026-10-01,7760,0,367800
2026-10-01,7762,61900,321100
2026-10-01,7769,6000,53600
2026-10-01,7771,0,734600
2026-10-01,7774,189500,487100
2026-10-01,7775,0,130400
2026-10-01,7776,0,2434100
2026-10-01,7777,300,12221800
2026-10-01,7779,793900,7920800
2026-10-01,7780,21900,179300
2026-10-01,7781,0,498100
2026-10-01,7782,700,44200
2026-10-01,7791,0,36400
2026-10-01,7792,0,115500
2026-10-01,7793,0,130400
2026-10-01,7794,0,1088800
2026-10-01,7795,7500,357400
2026-10-01,7800,0,305800
2026-10-01,7803,621200,1887100
2026-10-01,7804,0,65000
2026-10-01,7805,13200,25800
2026-10-01,7806,60800,223900
2026-10-01,7807,0,112800
2026-10-01,7808,0,347100
2026-10-01,7809,0,47700
2026-10-01,7810,115400,910500
2026-10-01,7811,21200,137700
2026-10-01,7812,300,105400
2026-10-01,7813,0,64900
2026-10-01,7814,27500,34600
2026-10-01,7815,0,124300
2026-10-01,7818,92100,93000
2026-10-01,7819,23400,134100
2026-10-01,7820,38900,172400
2026-10-01,7821,5200,35900
2026-10-01,7822,5200,258600
2026-10-01,7823,44400,26100
2026-10-01,7826,52300,632800
2026-10-01,7827,0,98200
2026-10-01,7831,0,1259400
2026-10-01,7832,78500,306400
2026-10-01,7833,800,70200
2026-10-01,7836,0,1557200
2026-10-01,7837,0,215200
2026-10-01,7839,11600,43000
2026-10-01,7840,23700,36100
2026-10-01,7841,0,658500
2026-10-01,7844,57300,610300
2026-10-01,7846,28200,37100
2026-10-01,7847,0,60100
2026-10-01,7849,0,102300
2026-10-01,7850,0,17800
2026-10-01,7856,100100,104200
2026-10-01,7857,0,5500
2026-10-01,7859,0,4021700
2026-10-01,7860,14900,105600
2026-10-01,7863,0,99500
2026-10-01,7864,33900,346100
2026-10-01,7865,0,64200
2026-10-01,7867,86500,243500
2026-10-01,7868,570400,12205600
2026-10-01,7871,0,92900
2026-10-01,7872,0,15300
2026-10-01,7874,19100,80500
2026-10-01,7875,0,135400
2026-10-01,7877,0,11100
2026-10-01,7878,0,52100
2026-10-01,7879,0,151200
2026-10-01,7883,100,136000
2026-10-01,7885,19700,49100
2026-10-01,7886,0,148400
2026-10-01,7887,0,104300
2026-10-01,7888,17200,432600
2026-10-01,7893,6400,30000
2026-10-01,7896,0,5900
2026-10-01,7897,46200,910900
2026-10-01,7898,300,231300
2026-10-01,7901,6400,53900
2026-10-01,7902,0,66100
2026-10-01,7906,21100,705000
2026-10-01,7908,3100,645700
2026-10-01,7911,116200,805800
2026-10-01,7912,34700,209400
2026-10-01,7914,12300,117600
2026-10-01,7915,25600,323700
2026-10-01,7916,0,105800
2026-10-01,7917,700,115800
2026-10-01,7918,0,954300
2026-10-01,7919,0,186500
2026-10-01,7921,8900,35300
2026-10-01,7927,3000,78400
2026-10-01,7928,0,49000
2026-10-01,7931,42200,13600
2026-10-01,7932,0,131000
2026-10-01,7936,370000,3554100
2026-10-01,7937,4400,30600
2026-10-01,7938,0,19800
2026-10-01,7939,0,15000
2026-10-01,7942,5800,59500
2026-10-01,7943,9200,16400
2026-10-01,7944,15200,51400
2026-10-01,7947,26700,118800
2026-10-01,7949,44900,78200
2026-10-01,7951,61300,305300
2026-10-01,7952,17000,33600
2026-10-01,7953,0,88600
2026-10-01,7955,1400,196200
2026-10-01,7956,78600,262800
2026-10-01,7957,0,101600
2026-10-01,7962,207000,34200
2026-10-01,7963,100,62900
2026-10-01,7965,1176000,96500
2026-10-01,7966,468100,1940700
2026-10-01,7970,24700,120700
2026-10-01,7971,7700,559900
2026-10-01,7972,17000,235000
2026-10-01,7974,703700,9145500
2026-10-01,7975,0,30100
2026-10-01,7976,50700,26700
2026-10-01,7979,9500,32400
2026-10-01,7980,0,249900
2026-10-01,7981,32700,78300
2026-10-01,7983,0,59000
2026-10-01,7984,28300,65000
2026-10-01,7986,0,44400
2026-10-01,7987,6600,104600
2026-10-01,7988,106900,176600
2026-10-01,7989,17100,24400
2026-10-01,7990,2100,54500
2026-10-01,7991,13200,351000
2026-10-01,7992,0,382700
2026-10-01,7994,43800,145600
2026-10-01,7995,21800,64900
2026-10-01,7997,0,47100
2026-10-01,8001,1330300,13337000
2026-10-01,8002,153700,3287900
2026-10-01,8005,9500,292800
2026-10-01,8006,0,8800
2026-10-01,8007,26800,431900
2026-10-01,8008,19100,82700
2026-10-01,8011,319000,230500
2026-10-01,8012,42000,288000
2026-10-01,8013,0,462800
2026-10-01,8014,500,22900
2026-10-01,8015,45700,547100
2026-10-01,8016,72500,833700
2026-10-01,8018,8000,217100
2026-10-01,8020,42600,295100
2026-10-01,8022,12800,34100
2026-10-01,8023,9400,237500
2026-10-01,8025,0,9100
2026-10-01,8029,9600,20700
2026-10-01,8030,200,59300
2026-10-01,8031,118500,5066400
2026-10-01,8032,7700,21400
2026-10-01,8035,1013100,9978900
2026-10-01,8037,18500,21400
2026-10-01,8039,0,8900
2026-10-01,8040,0,23500
2026-10-01,8041,4900,33500
2026-10-01,8043,14100,134200
2026-10-01,8045,0,6400
2026-10-01,8046,100,252100
2026-10-01,8050,43700,101000
2026-10-01,8051,86800,63100
2026-10-01,8052,29200,12700
2026-10-01,8053,480900,5506800
2026-10-01,8056,25800,37200
2026-10-01,8057,39400,50400
2026-10-01,8058,821400,6504700
2026-10-01,8059,42700,18700
2026-10-01,8060,15700,38700
2026-10-01,8061,2900,142500
2026-10-01,8065,8400,242600
2026-10-01,8066,18800,8300
2026-10-01,8070,7700,197000
2026-10-01,8074,7000,14400
2026-10-01,8075,6800,58800
2026-10-01,8076,1100,82500
2026-10-01,8077,1500,368900
2026-10-01,8078,24300,246500
2026-10-01,8079,140900,34100
2026-10-01,8081,900,20400
2026-10-01,8084,43400,163000
2026-10-01,8085,0,23800
2026-10-01,8086,22900,279300
2026-10-01,8088,24500,1703700
2026-10-01,8089,0,51000
2026-10-01,8091,800,183100
2026-10-01,8093,3800,89200
2026-10-01,8095,22700,373000
2026-10-01,8097,61600,73800
2026-10-01,8098,8900,34800
2026-10-01,8101,3000,35800
2026-10-01,8103,34100,485200
2026-10-01,8104,0,73300
2026-10-01,8105,0,7208400
2026-10-01,8107,0,1229800
2026-10-01,8111,67900,310300
2026-10-01,8113,128100,2289500
2026-10-01,8115,0,59800
2026-10-01,8117,38700,488500
2026-10-01,8118,5400,17700
2026-10-01,8119,0,25800
2026-10-01,8123,0,6800
2026-10-01,8125,100900,87200
2026-10-01,8127,28500,51000
2026-10-01,8129,36000,45400
2026-10-01,8130,33600,109000
2026-10-01,8131,20800,10600
2026-10-01,8132,4800,4000
2026-10-01,8133,48100,61800
2026-10-01,8135,0,270000
2026-10-01,8136,1458400,18263400
2026-10-01,8137,26400,56100
2026-10-01,8138,0,4500
2026-10-01,8139,0,1262800
2026-10-01,8141,0,9600
2026-10-01,8142,6700,70700
2026-10-01,8143,0,186900
2026-10-01,8144,0,163200
2026-10-01,8147,0,24500
2026-10-01,8150,7200,114300
2026-10-01,8151,39800,329100
2026-10-01,8152,0,59500
2026-10-01,8153,81100,29500
2026-10-01,8154,10800,79500
2026-10-01,8157,15000,87100
2026-10-01,8158,10200,53300
2026-10-01,8159,3000,23500
2026-10-01,8160,115200,47700
2026-10-01,8163,380800,59600
2026-10-01,8165,265300,1383000
2026-10-01,8166,0,703800
2026-10-01,8167,55200,21300
2026-10-01,8173,72300,28800
2026-10-01,8174,137700,69500
2026-10-01,8179,130300,128500
2026-10-01,8181,0,87400
2026-10-01,8185,137000,377900
2026-10-01,8194,81300,61500
2026-10-01,8198,100,31300
2026-10-01,8200,204800,35300
2026-10-01,8202,33100,2105200
2026-10-01,8203,2600,234100
2026-10-01,8207,1000,54600
2026-10-01,8214,26300,149500
2026-10-01,8217,86400,74200
2026-10-01,8218,19600,12600
2026-10-01,8219,58000,547700
2026-10-01,8225,0,5900
2026-10-01,8226,0,1093700
2026-10-01,8227,40500,248000
2026-10-01,8230,6400,97600
2026-10-01,8233,364600,941700
2026-10-01,8237,381100,146500
2026-10-01,8242,18100,61100
2026-10-01,8244,69800,35800
2026-10-01,8247,0,372300
2026-10-01,8252,24700,389000
2026-10-01,8253,9500,229900
2026-10-01,8254,0,148000
2026-10-01,8255,33700,15700
2026-10-01,8260,4000,426000
2026-10-01,8267,1350400,10035800
2026-10-01,8273,113000,192300
2026-10-01,8275,25000,33600
2026-10-01,8276,37400,23200
2026-10-01,8278,127500,14500
2026-10-01,8281,34800,136300
2026-10-01,8282,33100,92600
2026-10-01,8285,103700,1299600
2026-10-01,8291,7900,357700
2026-10-01,8303,155300,10092000
2026-10-01,8304,1610900,2164600
2026-10-01,8306,1242500,39317800
2026-10-01,8308,414600,2983700
2026-10-01,8309,113800,4638100
2026-10-01,8316,1405100,26523700
2026-10-01,8331,346600,487300
2026-10-01,8334,111200,268700
2026-10-01,8336,4200,314600
2026-10-01,8337,25900,400700
2026-10-01,8338,328400,2744700
2026-10-01,8341,28800,612400
2026-10-01,8343,130900,586900
2026-10-01,8344,31900,115900
2026-10-01,8345,31400,449200
2026-10-01,8346,213200,650400
2026-10-01,8349,1400,106100
2026-10-01,8354,41200,416600
2026-10-01,8358,131300,761200
2026-10-01,8359,134400,370800
2026-10-01,8360,136500,3634100
2026-10-01,8361,219700,852800
2026-10-01,8362,32200,78900
2026-10-01,8364,11700,437400
2026-10-01,8365,24000,109000
2026-10-01,8366,79200,314900
2026-10-01,8367,22500,651200
2026-10-01,8368,231000,390800
2026-10-01,8370,24500,275000
2026-10-01,8377,623100,1723400
2026-10-01,8381,73900,191600
2026-10-01,8383,3900,139500
2026-10-01,8386,35200,313600
2026-10-01,8387,60400,515600
2026-10-01,8388,203500,1442800
2026-10-01,8392,20400,725300
2026-10-01,8393,33900,921100
2026-10-01,8395,2300,461800
2026-10-01,8399,18900,258100
2026-10-01,8410,5580000,3399000
2026-10-01,8411,698600,6935500
2026-10-01,8416,12900,328800
2026-10-01,8418,29400,287100
2026-10-01,8421,40,276
2026-10-01,8424,5700,124000
2026-10-01,8425,14800,555600
2026-10-01,8439,12200,340000
2026-10-01,8473,75500,6066600
2026-10-01,8508,191500,6889900
2026-10-01,8511,54100,263600
2026-10-01,8518,0,1558700
2026-10-01,8522,7400,100500
2026-10-01,8524,122300,1161300
2026-10-01,8537,5600,179500
2026-10-01,8541,25700,219700
2026-10-01,8542,2200,181300
2026-10-01,8544,35800,417900
2026-10-01,8550,89300,1551200
2026-10-01,8551,73900,994400
2026-10-01,8558,41100,246800
2026-10-01,8562,427200,839800
2026-10-01,8563,13700,773900
2026-10-01,8566,13100,19200
2026-10-01,8570,26400,1244700
2026-10-01,8572,51200,3372700
2026-10-01,8584,12400,256000
2026-10-01,8585,49300,2014900
2026-10-01,8591,62900,1926100
2026-10-01,8593,71100,3479700
2026-10-01,8595,94100,487900
2026-10-01,8596,1200,215100
2026-10-01,8600,15700,1706100
2026-10-01,8601,112600,2590100
2026-10-01,8604,466700,10085100
2026-10-01,8609,41400,571900
2026-10-01,8613,146100,341800
2026-10-01,8614,394000,1368800
2026-10-01,8616,48800,526800
2026-10-01,8617,5900,467100
2026-10-01,8622,37200,440000
2026-10-01,8624,16500,140300
2026-10-01,8628,260500,706600
2026-10-01,8630,29200,452100
2026-10-01,8697,407600,348800
2026-10-01,8698,1706600,4695200
2026-10-01,8699,3100,9058400
2026-10-01,8700,0,71300
2026-10-01,8704,17600,436500
2026-10-01,8705,122700,959900
2026-10-01,8706,37500,293000
2026-10-01,8707,33100,177000
2026-10-01,8708,59500,323200
2026-10-01,8713,13100,194700
2026-10-01,8714,152800,4949200
2026-10-01,8715,256200,531800
2026-10-01,8725,63900,1951400
2026-10-01,8729,7626800,76152000
2026-10-01,8737,0,614200
2026-10-01,8739,162100,95400
2026-10-01,8742,36300,265900
2026-10-01,8746,6600,1470600
2026-10-01,8747,0,191500
2026-10-01,8750,215200,2470000
2026-10-01,8766,2277700,46243000
2026-10-01,8769,5800,482300
2026-10-01,8771,34700,597600
2026-10-01,8772,0,70500
2026-10-01,8783,0,2589800
2026-10-01,8789,356300,4043700
2026-10-01,8793,1700,33400
2026-10-01,8795,115800,265800
2026-10-01,8798,0,829700
2026-10-01,8801,1168000,3109300
2026-10-01,8802,460500,954500
2026-10-01,8803,26900,110200
2026-10-01,8804,68000,145600
2026-10-01,8818,411200,229100
2026-10-01,8830,353300,1534100
2026-10-01,8835,40300,264700
2026-10-01,8836,0,725600
2026-10-01,8841,209600,194000
2026-10-01,8844,2700,655000
2026-10-01,8848,115900,1890600
2026-10-01,8850,5300,25900
2026-10-01,8860,13700,266000
2026-10-01,8864,5600,229200
2026-10-01,8869,78800,393200
2026-10-01,8871,4000,149800
2026-10-01,8876,18800,46200
2026-10-01,8877,3600,90200
2026-10-01,8881,11500,871400
2026-10-01,8887,44100,1613700
2026-10-01,8891,0,105700
2026-10-01,8892,31800,264300
2026-10-01,8894,0,5301200
2026-10-01,8897,169100,1085000
2026-10-01,8898,0,62600
2026-10-01,8904,0,165900
2026-10-01,8908,600,118400
2026-10-01,8912,152400,339700
2026-10-01,8914,33400,985300
2026-10-01,8917,66100,646600
2026-10-01,8918,0,71319200
2026-10-01,8919,29600,47600
2026-10-01,8920,8400,440600
2026-10-01,8923,26500,142100
2026-10-01,8927,121600,550200
2026-10-01,8928,19700,55000
2026-10-01,8929,0,137300
2026-10-01,8931,3300,293700
2026-10-01,8934,9900,689300
2026-10-01,8935,27700,86300
2026-10-01,8938,0,1468900
2026-10-01,8944,0,1109700
2026-10-01,8945,0,67500
2026-10-01,8946,0,1903400
2026-10-01,8951,673,2702
2026-10-01,8952,432,4613
2026-10-01,8953,103,16069
2026-10-01,8954,108,1578
2026-10-01,8955,105,1856
2026-10-01,8956,13,1560
2026-10-01,8957,163,472
2026-10-01,8958,472,5209
2026-10-01,8960,13,3587
2026-10-01,8961,431,1870
2026-10-01,8963,105,45890
2026-10-01,8964,16,5926
2026-10-01,8966,45,17060
2026-10-01,8967,79,1308
2026-10-01,8968,22,584
2026-10-01,8972,20,5346
2026-10-01,8975,209,3127
2026-10-01,8976,33,494
2026-10-01,8977,101,1119
2026-10-01,8979,44,724
2026-10-01,8984,60,6370
2026-10-01,8985,673,41671
2026-10-01,8986,353,3378
2026-10-01,8987,158,775
2026-10-01,8995,0,120900
2026-10-01,8996,3400,52200
2026-10-01,8999,12100,356200
2026-10-01,9001,22200,321200
2026-10-01,9003,32900,151600
2026-10-01,9005,79700,1475800
2026-10-01,9006,122600,164900
2026-10-01,9007,145300,366200
2026-10-01,9008,39200,1965500
2026-10-01,9009,108100,387600
2026-10-01,9010,118400,43600
2026-10-01,9012,0,1600
2026-10-01,9017,0,6300
2026-10-01,9020,79200,1038100
2026-10-01,9021,72500,1278800
2026-10-01,9022,377500,758800
2026-10-01,9023,188800,1213200
2026-10-01,9024,345900,235600
2026-10-01,9025,500,24500
2026-10-01,9028,800,46000
2026-10-01,9029,0,77500
2026-10-01,9031,10000,64300
2026-10-01,9033,0,50000
2026-10-01,9034,0,44900
2026-10-01,9036,0,162900
2026-10-01,9037,6900,143700
2026-10-01,9039,35800,8300
2026-10-01,9041,64100,852700
2026-10-01,9042,53200,189000
2026-10-01,9044,70000,50900
2026-10-01,9045,40400,315300
2026-10-01,9046,39800,20300
2026-10-01,9048,34700,350700
2026-10-01,9049,0,1400
2026-10-01,9051,0,1100
2026-10-01,9052,38600,44200
2026-10-01,9057,0,34200
2026-10-01,9059,200,68700
2026-10-01,9060,0,3500
2026-10-01,9063,0,72700
2026-10-01,9064,69300,169900
2026-10-01,9065,99300,271700
2026-10-01,9068,16400,45400
2026-10-01,9069,38800,57700
2026-10-01,9072,33400,205600
2026-10-01,9073,0,4400
2026-10-01,9074,300,42300
2026-10-01,9075,6400,25100
2026-10-01,9076,18700,83600
2026-10-01,9081,5100,3700
2026-10-01,9082,0,22700
2026-10-01,9083,0,3600
2026-10-01,9087,0,4700
2026-10-01,9090,235900,302300
2026-10-01,9101,633900,1341200
2026-10-01,9104,346600,1210900
2026-10-01,9107,806700,1858900
2026-10-01,9110,4100,16700
2026-10-01,9115,0,1987500
2026-10-01,9119,93400,130000
2026-10-01,9127,0,30600
2026-10-01,9130,126500,316500
2026-10-01,9142,51000,586100
2026-10-01,9143,125900,763000
2026-10-01,9145,800,2524400
2026-10-01,9147,29300,77800
2026-10-01,9158,88800,645600
2026-10-01,9159,0,314800
2026-10-01,9160,10800,575300
2026-10-01,9162,0,1147600
2026-10-01,9163,0,380200
2026-10-01,9165,0,84500
2026-10-01,9166,376700,5860600
2026-10-01,9168,0,1141100
2026-10-01,9171,0,559000
2026-10-01,9173,0,5000
2026-10-01,9193,0,96100
2026-10-01,9201,147900,1125100
2026-10-01,9202,181900,730200
2026-10-01,9204,0,3035400
2026-10-01,9206,0,36100
2026-10-01,9211,0,675400
2026-10-01,9212,0,966600
2026-10-01,9213,0,198200
2026-10-01,9214,0,13900
2026-10-01,9215,0,29800
2026-10-01,9216,28200,166800
2026-10-01,9218,27200,154500
2026-10-01,9219,3500,76100
2026-10-01,9220,0,66400
2026-10-01,9221,0,46300
2026-10-01,9225,0,8000
2026-10-01,9227,606500,1089200
2026-10-01,9229,0,2152700
2026-10-01,9233,14700,64800
2026-10-01,9235,0,590300
2026-10-01,9236,0,54600
2026-10-01,9237,0,206000
2026-10-01,9238,0,89400
2026-10-01,9240,0,159100
2026-10-01,9241,0,15600
2026-10-01,9242,0,33500
2026-10-01,9244,0,36600
2026-10-01,9245,0,88800
2026-10-01,9246,0,25200
2026-10-01,9247,14400,212200
2026-10-01,9248,1600,146400
2026-10-01,9249,0,12700
2026-10-01,9250,0,91000
2026-10-01,9251,600,100000
2026-10-01,9252,0,175500
2026-10-01,9253,0,44200
2026-10-01,9254,0,48300
2026-10-01,9256,0,260700
2026-10-01,9257,0,3932900
2026-10-01,9258,0,327100
2026-10-01,9259,0,283700
2026-10-01,9262,3200,196600
2026-10-01,9264,5700,112200
2026-10-01,9265,0,387700
2026-10-01,9267,12300,78400
2026-10-01,9268,12100,4230700
2026-10-01,9270,6900,414500
2026-10-01,9271,0,266600
2026-10-01,9272,0,569900
2026-10-01,9273,10300,176400
2026-10-01,9274,74900,97400
2026-10-01,9278,171500,70400
2026-10-01,9279,40200,434500
2026-10-01,9282,0,6679
2026-10-01,9284,10,13189
2026-10-01,9285,0,6158
2026-10-01,9286,84,32661
2026-10-01,9301,125700,183600
2026-10-01,9302,32200,55900
2026-10-01,9303,12900,22700
2026-10-01,9304,190500,162600
2026-10-01,9305,119800,63200
2026-10-01,9306,300,350200
2026-10-01,9307,12800,125200
2026-10-01,9308,44500,67700
2026-10-01,9310,9500,25600
2026-10-01,9311,0,5800
2026-10-01,9312,800,75800
2026-10-01,9313,0,61800
2026-10-01,9319,53800,885800
2026-10-01,9322,0,20800
2026-10-01,9324,8600,48600
2026-10-01,9325,0,181500
2026-10-01,9326,0,145600
2026-10-01,9327,0,1238200
2026-10-01,9330,0,20100
2026-10-01,9331,0,49700
2026-10-01,9332,64900,256100
2026-10-01,9336,20200,39500
2026-10-01,9337,0,431600
2026-10-01,9339,0,23700
2026-10-01,9340,0,365400
2026-10-01,9341,0,562500
2026-10-01,9342,0,78800
2026-10-01,9343,0,1672300
2026-10-01,9344,0,198100
2026-10-01,9345,0,103700
2026-10-01,9346,0,81600
2026-10-01,9347,17300,12000
2026-10-01,9348,8000,5102200
2026-10-01,9351,500,25800
2026-10-01,9353,0,17700
2026-10-01,9355,0,5500
2026-10-01,9360,0,47000
2026-10-01,9361,0,9000
2026-10-01,9362,0,1600
2026-10-01,9363,0,171300
2026-10-01,9364,6300,56700
2026-10-01,9365,0,12700
2026-10-01,9366,5200,97100
2026-10-01,9367,0,2500
2026-10-01,9368,4400,34700
2026-10-01,9369,2700,78400
2026-10-01,9376,400,24700
2026-10-01,9380,4400,46700
2026-10-01,9381,0,31800
2026-10-01,9385,2300,84500
2026-10-01,9401,11300,78500
2026-10-01,9404,37900,83700
2026-10-01,9405,22300,77200
2026-10-01,9408,0,6500
2026-10-01,9409,11600,469400
2026-10-01,9412,566600,4319100
2026-10-01,9413,2900,78000
2026-10-01,9414,14900,663800
2026-10-01,9416,132900,2799300
2026-10-01,9417,103200,191400
2026-10-01,9418,100500,4735000
2026-10-01,9419,0,209400
2026-10-01,9421,0,18400
2026-10-01,9423,1100,303900
2026-10-01,9424,1184700,9270600
2026-10-01,9425,0,3386600
2026-10-01,9428,100,18200
2026-10-01,9432,16084600,90326400
2026-10-01,9433,828700,1056000
2026-10-01,9434,3526500,24146600
2026-10-01,9435,3000,418000
2026-10-01,9436,21600,184600
2026-10-01,9438,54800,80700
2026-10-01,9439,0,166900
2026-10-01,9441,300,24200
2026-10-01,9444,0,97600
2026-10-01,9445,100,41700
2026-10-01,9446,0,248700
2026-10-01,9449,28100,88800
2026-10-01,9450,11700,398000
2026-10-01,9466,1700,171000
2026-10-01,9467,500,314000
2026-10-01,9468,166300,57500
2026-10-01,9470,21100,107200
2026-10-01,9474,56600,299300
2026-10-01,9475,0,5700
2026-10-01,9476,0,45400
2026-10-01,9478,0,1744400
2026-10-01,9501,1390500,80148400
2026-10-01,9502,201000,733700
2026-10-01,9503,228800,1007700
2026-10-01,9504,142900,2271200
2026-10-01,9505,75600,1196100
2026-10-01,9506,96900,4087200
2026-10-01,9507,105800,260900
2026-10-01,9509,2697500,4144100
2026-10-01,9511,43400,342700
2026-10-01,9513,44800,813900
2026-10-01,9514,600,739900
2026-10-01,9517,197900,784400
2026-10-01,9519,450600,2361800
2026-10-01,9531,27700,126900
2026-10-01,9532,68400,209600
2026-10-01,9533,76600,51000
2026-10-01,9534,22500,97600
2026-10-01,9535,53200,77200
2026-10-01,9536,31400,24600
2026-10-01,9537,0,2800
2026-10-01,9539,8500,555600
2026-10-01,9543,41500,56400
2026-10-01,9551,4400,84700
2026-10-01,9552,59600,739500
2026-10-01,9553,170900,1021000
2026-10-01,9554,0,165200
2026-10-01,9556,0,158100
2026-10-01,9557,0,441500
2026-10-01,9558,0,71700
2026-10-01,9560,57000,519100
2026-10-01,9561,0,321800
2026-10-01,9562,0,46400
2026-10-01,9563,0,311800
2026-10-01,9564,0,402700
2026-10-01,9565,0,84300
2026-10-01,9601,46800,34000
2026-10-01,9602,167300,873400
2026-10-01,9603,147600,1407200
2026-10-01,9605,16400,4600
2026-10-01,9610,0,956900
2026-10-01,9612,100,186500
2026-10-01,9616,98300,494600
2026-10-01,9619,3200,54500
2026-10-01,9621,25500,50900
2026-10-01,9622,14800,91400
2026-10-01,9625,0,256900
2026-10-01,9627,14300,78600
2026-10-01,9628,25400,290100
2026-10-01,9629,13000,33000
2026-10-01,9632,4100,120400
2026-10-01,9633,7500,127000
2026-10-01,9635,0,4400
2026-10-01,9636,0,4800
2026-10-01,9639,0,243200
2026-10-01,9640,0,62600
2026-10-01,9644,45800,96800
2026-10-01,9647,0,17800
2026-10-01,9651,0,73400
2026-10-01,9656,0,21500
2026-10-01,9658,1300,202000
2026-10-01,9661,0,22300
2026-10-01,9663,70600,57500
2026-10-01,9672,8400,94700
2026-10-01,9678,17000,59600
2026-10-01,9679,0,4800
2026-10-01,9682,54500,89400
2026-10-01,9684,143700,279600
2026-10-01,9685,0,83400
2026-10-01,9686,0,33200
2026-10-01,9687,12300,33500
2026-10-01,9691,0,1100
2026-10-01,9692,16700,104700
2026-10-01,9697,240500,563400
2026-10-01,9698,0,139200
2026-10-01,9699,19000,35500
2026-10-01,9701,0,2400
2026-10-01,9702,21700,270600
2026-10-01,9704,0,7305200
2026-10-01,9706,196300,71100
2026-10-01,9708,6600,214400
2026-10-01,9709,0,86600
2026-10-01,9713,0,55500
2026-10-01,9715,20600,15000
2026-10-01,9716,35700,272400
2026-10-01,9720,0,1800
2026-10-01,9722,215600,103700
2026-10-01,9723,0,19000
2026-10-01,9726,200,40100
2026-10-01,9729,1700,14400
2026-10-01,9731,0,24400
2026-10-01,9733,0,91500
2026-10-01,9735,13200,53600
2026-10-01,9739,0,107900
2026-10-01,9740,400,42000
2026-10-01,9742,24000,16100
2026-10-01,9743,43300,451200
2026-10-01,9744,43500,230400
2026-10-01,9746,3900,14300
2026-10-01,9753,0,324000
2026-10-01,9755,11000,106500
2026-10-01,9757,136900,241000
2026-10-01,9759,46300,82100
2026-10-01,9760,54500,495300
2026-10-01,9761,0,47900
2026-10-01,9763,2200,108000
2026-10-01,9765,3400,65800
2026-10-01,9766,102700,54500
2026-10-01,9767,0,24300
2026-10-01,9768,0,120000
2026-10-01,9769,300,68100
2026-10-01,9778,0,2600
2026-10-01,9780,0,39800
2026-10-01,9782,0,140200
2026-10-01,9788,11100,97100
2026-10-01,9790,3600,26600
2026-10-01,9791,0,276400
2026-10-01,9793,3100,51000
2026-10-01,9795,3300,25200
2026-10-01,9799,0,98400
2026-10-01,9812,0,157500
2026-10-01,9816,0,559300
2026-10-01,9818,0,4400
2026-10-01,9820,0,14600
2026-10-01,9823,0,547900
2026-10-01,9824,38500,27800
2026-10-01,9827,0,132300
2026-10-01,9828,18300,129200
2026-10-01,9830,6800,92900
2026-10-01,9831,326100,929200
2026-10-01,9832,40000,85900
2026-10-01,9835,600,10800
2026-10-01,9837,2800,82100
2026-10-01,9842,19100,178300
2026-10-01,9843,354600,1087800
2026-10-01,9845,0,58400
2026-10-01,9846,0,62900
2026-10-01,9849,0,400
2026-10-01,9850,137600,26300
2026-10-01,9853,0,31000
2026-10-01,9854,0,501500
2026-10-01,9856,200,200500
2026-10-01,9857,0,23700
2026-10-01,9861,211500,78400
2026-10-01,9867,0,7700
2026-10-01,9869,6400,1800
2026-10-01,9872,3400,58500
2026-10-01,9876,0,485400
2026-10-01,9878,0,108300
2026-10-01,9880,1100,380100
2026-10-01,9882,31700,74800
2026-10-01,9885,0,237200
2026-10-01,9887,46900,56700
2026-10-01,9888,0,508200
2026-10-01,9889,37300,126900
2026-10-01,9890,0,165600
2026-10-01,9895,0,13400
2026-10-01,9896,2500,213900
2026-10-01,9900,518100,37700
2026-10-01,9902,8400,48200
2026-10-01,9903,200,28900
2026-10-01,9904,0,97700
2026-10-01,9906,0,26000
2026-10-01,9908,0,47900
2026-10-01,9913,23900,396200
2026-10-01,9928,6000,19600
2026-10-01,9929,0,6800
2026-10-01,9930,1200,692600
2026-10-01,9932,4600,75200
2026-10-01,9934,7900,72800
2026-10-01,9936,123400,63500
2026-10-01,9941,0,301600
2026-10-01,9946,152200,41700
2026-10-01,9948,18300,13600
2026-10-01,9950,0,3100
2026-10-01,9955,0,5400
2026-10-01,9956,12400,228800
2026-10-01,9959,2500,163600
2026-10-01,9960,8800,41200
2026-10-01,9962,27300,55300
2026-10-01,9969,2600,84100
2026-10-01,9972,1200,2760500
2026-10-01,9973,0,7057800
2026-10-01,9974,4000,19000
2026-10-01,9976,0,12100
2026-10-01,9978,0,2294700
2026-10-01,9979,110000,129800
2026-10-01,9980,0,1807300
2026-10-01,9982,0,41500
2026-10-01,9983,170600,425800
2026-10-01,9984,6325300,27505100
2026-10-01,9986,0,7000
2026-10-01,9987,46700,27900
2026-10-01,9989,3600,228800
2026-10-01,9990,47700,194000
2026-10-01,9991,800,91700
2026-10-01,9993,0,9200
2026-10-01,9994,2500,239300
2026-10-01,9996,500,2300
2026-10-01,9997,28000,312000
2026-10-02,1301,9400,160100
2026-10-02,1305,8670,47110
2026-10-02,1306,2618290,10715310
2026-10-02,1308,48314,64279
2026-10-02,1309,0,1539
2026-10-02,130A,0,276400
2026-10-02,1311,2592,20405
2026-10-02,1319,0,6000
2026-10-02,1320,9042,15275
2026-10-02,1321,93497,201765
2026-10-02,1322,0,24881
2026-10-02,1325,10920,154340
2026-10-02,1328,3896,155020
2026-10-02,1329,23141,256211
2026-10-02,1330,10721,7983
2026-10-02,1332,55800,721100
2026-10-02,1333,12000,291300
2026-10-02,133A,6044,117311
2026-10-02,1343,52410,1245940
2026-10-02,1345,99,118660
2026-10-02,1346,2599,8205
2026-10-02,1348,771,36777
2026-10-02,1356,1190440,2482600
2026-10-02,1357,1295114,5045084
2026-10-02,1358,2244,11201
2026-10-02,135A,62200,283400
2026-10-02,1360,10219510,41635820
2026-10-02,1364,1,5474
2026-10-02,1365,27397,259566
2026-10-02,1366,7613,2588105
2026-10-02,1367,3265,118344
2026-10-02,1368,24781,75895
2026-10-02,1369,32,667
2026-10-02,1375,18000,63700
2026-10-02,1376,0,35300
2026-10-02,1377,24600,47300
2026-10-02,1379,11100,24100
2026-10-02,137A,0,102500
2026-10-02,1380,0,3300
2026-10-02,1381,0,55200
2026-10-02,1382,0,6400
2026-10-02,1383,0,10900
2026-10-02,1384,0,122800
2026-10-02,138A,0,67500
2026-10-02,1397,0,26
2026-10-02,1398,200,6960
2026-10-02,1399,0,1144
2026-10-02,1401,0,83900
2026-10-02,1407,13200,751700
2026-10-02,140A,0,294
2026-10-02,1414,205600,791800
2026-10-02,1417,11600,107800
2026-10-02,1418,24400,583200
2026-10-02,1419,661900,195100
2026-10-02,141A,452600,1052900
2026-10-02,1420,9800,111100
2026-10-02,1429,35100,504700
2026-10-02,142A,0,238600
2026-10-02,1430,1000,346500
2026-10-02,1431,146900,82000
2026-10-02,1433,105800,252400
2026-10-02,1434,11500,376600
2026-10-02,1435,6000,4154400
2026-10-02,1436,0,277700
2026-10-02,1438,0,46900
2026-10-02,143A,0,106600
2026-10-02,1443,0,939600
2026-10-02,1444,0,25000
2026-10-02,1446,19200,42700
2026-10-02,1447,0,1701300
2026-10-02,1450,0,67200
2026-10-02,1456,1387,34400
2026-10-02,1457,91,32973
2026-10-02,1458,12396,63138
2026-10-02,1459,531778,7506752
2026-10-02,145A,0,265500
2026-10-02,1466,0,1916
2026-10-02,1469,0,32940
2026-10-02,146A,0,528400
2026-10-02,1472,33,22552
2026-10-02,1473,2060,6220
2026-10-02,1474,0,12
2026-10-02,1475,22230,1877670
2026-10-02,1476,389,101718
2026-10-02,1477,0,558
2026-10-02,1478,499,15256
2026-10-02,1479,0,14
2026-10-02,147A,125100,624800
2026-10-02,1480,0,0
2026-10-02,1481,0,16
2026-10-02,1482,500,47060
2026-10-02,1483,0,0
2026-10-02,1484,0,300
2026-10-02,1485,0,0
2026-10-02,1486,32,3708
2026-10-02,1487,50,2405
2026-10-02,1488,176,37527
2026-10-02,1489,16214,461750
2026-10-02,148A,0,101600
2026-10-02,1490,0,3
2026-10-02,1491,0,84700
2026-10-02,1493,0,60
2026-10-02,1494,1,2094
2026-10-02,1495,0,930
2026-10-02,1496,50,2858
2026-10-02,1497,60,44734
2026-10-02,1498,0,244
2026-10-02,1499,0,15
2026-10-02,149A,0,126300
2026-10-02,150A,0,807500
2026-10-02,1514,651400,1619600
2026-10-02,1515,79900,886800
2026-10-02,1518,136500,491800
2026-10-02,151A,0,173200
2026-10-02,153A,19600,153500
2026-10-02,1540,16020,1103293
2026-10-02,1541,3644,199995
2026-10-02,1542,3740,412337
2026-10-02,1543,0,2448
2026-10-02,1545,2139370,23746760
2026-10-02,1546,231,3272
2026-10-02,1547,2210,123010
2026-10-02,1550,195,33923
2026-10-02,1551,0,1150
2026-10-02,1554,187,7757
2026-10-02,1555,116,1518
2026-10-02,1559,76,1166
2026-10-02,155A,5100,543600
2026-10-02,1560,0,1975
2026-10-02,1563,3267,26910
2026-10-02,1566,156,2284
2026-10-02,1568,382710,2797870
2026-10-02,1569,6130,678590
2026-10-02,156A,2200,568100
2026-10-02,1570,312446,1463612
2026-10-02,1571,20176,2281084
2026-10-02,1572,0,22860
2026-10-02,1573,140,4840
2026-10-02,1577,131,3865
2026-10-02,1578,580,4417
2026-10-02,1579,1096490,9219060
2026-10-02,157A,0,384500
2026-10-02,1580,6860,1519120
2026-10-02,1585,0,40
2026-10-02,1586,0,360
2026-10-02,1591,0,310
2026-10-02,1592,0,390
2026-10-02,1593,2,57
2026-10-02,1595,409,741857
2026-10-02,1596,0,24
2026-10-02,1597,6415,244589
2026-10-02,1599,0,9
2026-10-02,159A,0,6630
2026-10-02,1605,197900,3327800
2026-10-02,160A,0,136800
2026-10-02,1615,75960,3065160
2026-10-02,1617,27,724
2026-10-02,1618,4,1594
2026-10-02,1619,55,894
2026-10-02,1620,94,472
2026-10-02,1621,23,4316
2026-10-02,1622,50,1737
2026-10-02,1623,39,8719
2026-10-02,1624,5,290
2026-10-02,1625,138,943
2026-10-02,1626,35,609
2026-10-02,1627,56,3778
2026-10-02,1628,27,346
2026-10-02,1629,3590,939670
2026-10-02,162A,0,334
2026-10-02,1630,7,1503
2026-10-02,1631,204,7217
2026-10-02,1632,82,5637
2026-10-02,1633,239,466
2026-10-02,163A,0,7354
2026-10-02,1651,20,46194
2026-10-02,1652,0,20
2026-10-02,1653,0,60
2026-10-02,1654,0,0
2026-10-02,1655,113010,6345660
2026-10-02,1656,850,131440
2026-10-02,1657,0,6924
2026-10-02,1658,84,18891
2026-10-02,1659,126,8385
2026-10-02,1660,28,2485
2026-10-02,1662,33800,1009900
2026-10-02,1663,39700,462200
2026-10-02,166A,143700,2154100
2026-10-02,1671,369370,393180
2026-10-02,1677,0,290
2026-10-02,1678,42260,3493990
2026-10-02,1679,0,340
2026-10-02,167A,18100,136700
2026-10-02,1680,25,4011
2026-10-02,1681,175,26357
2026-10-02,168A,0,45100
2026-10-02,1698,50,11711
2026-10-02,1699,937980,542560
2026-10-02,170A,0,45
2026-10-02,1711,0,427700
2026-10-02,1716,6600,618100
2026-10-02,1717,0,122800
2026-10-02,1718,0,245200
2026-10-02,1719,59700,584100
2026-10-02,1720,24900,152900
2026-10-02,1721,36800,38900
2026-10-02,1723,96500,344500
2026-10-02,1724,0,171700
2026-10-02,1736,0,35300
2026-10-02,173A,0,41300
2026-10-02,1758,0,91600
2026-10-02,175A,0,157000
2026-10-02,1762,10900,31700
2026-10-02,1764,0,21200
2026-10-02,1766,8500,29100
2026-10-02,1768,1500,79700
2026-10-02,1770,0,113300
2026-10-02,177A,0,221300
2026-10-02,1780,46800,60200
2026-10-02,1783,40000,3954400
2026-10-02,1786,64800,610400
2026-10-02,1787,0,6200
2026-10-02,1788,0,5100
2026-10-02,178A,1,22251
2026-10-02,1793,0,64300
2026-10-02,1795,0,500
2026-10-02,1798,0,574600
2026-10-02,1799,17700,87000
2026-10-02,179A,70,186600
2026-10-02,1801,31600,476500
2026-10-02,1802,86600,780400
2026-10-02,1803,66400,3251500
2026-10-02,1807,100,21300
2026-10-02,1808,51200,266800
2026-10-02,180A,0,104970
2026-10-02,1810,1600,246000
2026-10-02,1811,3600,132600
2026-10-02,1812,36600,1244900
2026-10-02,1813,25900,107100
2026-10-02,1814,2500,324600
2026-10-02,1815,73800,336100
2026-10-02,181A,0,0
2026-10-02,1820,6000,165300
2026-10-02,1822,146500,264400
2026-10-02,1826,15500,148000
2026-10-02,1827,27600,946800
2026-10-02,1828,0,70600
2026-10-02,182A,0,7700
2026-10-02,1833,21200,218700
2026-10-02,1835,5500,96800
2026-10-02,183A,0,1150
2026-10-02,1840,0,252800
2026-10-02,1844,0,577800
2026-10-02,1847,900,334000
2026-10-02,1848,33800,60000
2026-10-02,184A,0,156700
2026-10-02,1850,0,695400
2026-10-02,1852,82100,826500
2026-10-02,1853,0,606700
2026-10-02,1860,48000,144000
2026-10-02,1861,36300,938200
2026-10-02,1866,500,221800
2026-10-02,1867,2400,45500
2026-10-02,186A,3381100,6936500
2026-10-02,1870,19000,180500
2026-10-02,1871,7300,237500
2026-10-02,1873,16800,247200
2026-10-02,1878,71900,712900
2026-10-02,1879,19800,557700
2026-10-02,1882,71800,453500
2026-10-02,1885,25800,606800
2026-10-02,1887,40700,1147200
2026-10-02,1888,3000,61600
2026-10-02,188A,0,28798
2026-10-02,1893,39200,1732400
2026-10-02,1897,0,12800
2026-10-02,1898,18200,307900
2026-10-02,1899,10100,63100
2026-10-02,189A,0,187600
2026-10-02,1904,40300,270900
2026-10-02,1905,0,68500
2026-10-02,190A,0,4088100
2026-10-02,1911,119700,4648400
2026-10-02,1914,27500,145100
2026-10-02,1921,26900,2100800
2026-10-02,1925,95800,1202500
2026-10-02,1926,68200,470000
2026-10-02,1928,556700,901900
2026-10-02,1929,24700,181100
2026-10-02,192A,0,97000
2026-10-02,1930,2400,247000
2026-10-02,1934,4400,149400
2026-10-02,1938,0,149200
2026-10-02,1939,19100,121700
2026-10-02,1941,12500,24400
2026-10-02,1942,28000,440500
2026-10-02,1944,13500,285000
2026-10-02,1945,6800,336100
2026-10-02,1946,500,100200
2026-10-02,194A,0,160800
2026-10-02,1950,20800,72400
2026-10-02,1951,9400,136400
2026-10-02,1952,2900,178900
2026-10-02,1959,10200,82800
2026-10-02,195A,1400,270600
2026-10-02,1960,0,375100
2026-10-02,1961,51000,181200
2026-10-02,1963,57400,1353300
2026-10-02,1964,1300,71300
2026-10-02,1965,30400,228600
2026-10-02,1966,5200,100900
2026-10-02,1967,29100,90300
2026-10-02,1968,6600,157100
2026-10-02,1969,35800,282700
2026-10-02,196A,0,668500
2026-10-02,1972,1400,435700
2026-10-02,1975,1200,80900
2026-10-02,1976,37700,68900
2026-10-02,1979,4900,51900
2026-10-02,197A,345700,1593200
2026-10-02,1980,24300,497200
2026-10-02,1981,0,22800
2026-10-02,1982,14800,109300
2026-10-02,198A,0,1188200
2026-10-02,1992,0,500
2026-10-02,1994,0,130700
2026-10-02,1997,0,13600
2026-10-02,2001,17600,54900
2026-10-02,2002,61600,114100
2026-10-02,2003,10700,30900
2026-10-02,2004,5500,130300
2026-10-02,2009,0,90500
2026-10-02,200A,100200,2444965
2026-10-02,2011,0,1340
2026-10-02,2012,0,108360
2026-10-02,2013,2720,452010
2026-10-02,2014,40,238750
2026-10-02,2015,0,231
2026-10-02,2016,0,33600
2026-10-02,2017,65,44083
2026-10-02,2018,0,26
2026-10-02,2019,0,5945
2026-10-02,201A,52800,347150
2026-10-02,2031,0,6029
2026-10-02,2032,0,1426
2026-10-02,2033,0,12885
2026-10-02,2034,0,32348
2026-10-02,2036,0,38756
2026-10-02,2037,0,17949
2026-10-02,2038,63,117780
2026-10-02,2039,0,2992307
2026-10-02,2040,0,2444
2026-10-02,2041,0,39949
2026-10-02,2042,0,1701
2026-10-02,2043,0,21
2026-10-02,2044,0,4428
2026-10-02,2045,0,0
2026-10-02,2046,0,12851
2026-10-02,2047,0,2016
2026-10-02,2048,0,40
2026-10-02,2050,0,70
2026-10-02,2053,5400,130000
2026-10-02,2055,400,1386600
2026-10-02,205A,0,191000
2026-10-02,2060,10500,351000
2026-10-02,2065,0,0
2026-10-02,2066,0,0
2026-10-02,2067,0,1
2026-10-02,2068,0,0
2026-10-02,2069,0,1
2026-10-02,206A,0,1009400
2026-10-02,2070,0,0
2026-10-02,2071,0,41
2026-10-02,2072,0,35
2026-10-02,2073,0,2
2026-10-02,2080,4879,154355
2026-10-02,2081,6,2349
2026-10-02,2082,3,38
2026-10-02,2083,14,15880
2026-10-02,2084,28,11203
2026-10-02,2085,640,38900
2026-10-02,2086,0,0
2026-10-02,2087,0,0
2026-10-02,2088,0,346
2026-10-02,2089,0,116
2026-10-02,208A,0,99400
2026-10-02,2090,0,10
2026-10-02,2091,0,0
2026-10-02,2092,0,0
2026-10-02,2093,0,1720
2026-10-02,2094,0,3362
2026-10-02,2095,0,2905
2026-10-02,2096,0,4507
2026-10-02,2097,0,22273
2026-10-02,2098,0,30289
2026-10-02,2108,84400,1361400
2026-10-02,2109,16600,19200
2026-10-02,210A,11,328681
2026-10-02,2112,2000,475800
2026-10-02,2114,26300,22100
2026-10-02,2117,10700,24400
2026-10-02,211A,0,62000
2026-10-02,2120,350600,3024000
2026-10-02,2121,34000,193500
2026-10-02,2122,0,43900
2026-10-02,2124,36800,102400
2026-10-02,2127,1196600,3528900
2026-10-02,212A,142900,651800
2026-10-02,2130,74500,397800
2026-10-02,2134,0,10612100
2026-10-02,2136,0,69000
2026-10-02,2138,101500,1237800
2026-10-02,2139,800,70400
2026-10-02,213A,67520,1315300
2026-10-02,2146,1137600,2209400
2026-10-02,2148,0,155500
2026-10-02,2152,0,24000
2026-10-02,2153,100,203800
2026-10-02,2154,25100,44200
2026-10-02,2156,0,171400
2026-10-02,2157,32300,959100
2026-10-02,2158,0,1776400
2026-10-02,215A,181800,4819600
2026-10-02,2160,712800,8379700
2026-10-02,2163,0,181400
2026-10-02,2164,0,131600
2026-10-02,2168,44400,421500
2026-10-02,2169,1300,15800
2026-10-02,2170,1073000,586300
2026-10-02,2173,9300,194400
2026-10-02,2175,67600,104900
2026-10-02,2179,300,245000
2026-10-02,2181,242200,2313200
2026-10-02,2183,0,376900
2026-10-02,2185,0,22000
2026-10-02,2186,0,82700
2026-10-02,218A,0,913400
2026-10-02,2193,647800,1459700
2026-10-02,2195,0,220600
2026-10-02,2198,26200,54800
2026-10-02,219A,500300,1763600
2026-10-02,2201,29100,187600
2026-10-02,2204,5900,8000
2026-10-02,2206,86400,50700
2026-10-02,2207,227000,520500
2026-10-02,2208,0,16800
2026-10-02,2209,900,11900
2026-10-02,220A,0,171800
2026-10-02,2211,78800,64900
2026-10-02,2212,61800,84700
2026-10-02,2215,0,99300
2026-10-02,2216,35600,116600
2026-10-02,2217,116400,26900
2026-10-02,221A,8960,276640
2026-10-02,2220,30100,87000
2026-10-02,2221,0,14100
2026-10-02,2222,43200,87500
2026-10-02,2224,0,12300
2026-10-02,2226,11100,2400
2026-10-02,2229,30900,32300
2026-10-02,2235,0,4176
2026-10-02,2236,0,145699
2026-10-02,2237,425,131361
2026-10-02,2238,0,573
2026-10-02,2239,0,4498
2026-10-02,223A,58,30526
2026-10-02,2240,0,4043
2026-10-02,2241,7150,27920
2026-10-02,2242,30,1190
2026-10-02,2243,30693,815447
2026-10-02,2244,1923,717085
2026-10-02,2245,0,10
2026-10-02,2247,0,13195
2026-10-02,2248,0,1641
2026-10-02,2249,0,3415
2026-10-02,224A,208,55498
2026-10-02,2250,0,2050
2026-10-02,2251,350,20050
2026-10-02,2252,0,512
2026-10-02,2253,0,10303
2026-10-02,2254,0,12239
2026-10-02,2255,80,596470
2026-10-02,2256,0,61510
2026-10-02,2257,0,500
2026-10-02,2258,0,231570
2026-10-02,2259,510,3170
2026-10-02,2264,83900,700200
2026-10-02,2266,74400,112200
2026-10-02,2267,64100,449900
2026-10-02,2268,0,18900
2026-10-02,2269,52000,85000
2026-10-02,2270,6900,112900
2026-10-02,2281,17500,554800
2026-10-02,2282,52100,437200
2026-10-02,2286,5800,219800
2026-10-02,2288,21700,55200
2026-10-02,228A,0,65900
2026-10-02,2291,5200,53700
2026-10-02,2292,4000,66100
2026-10-02,2293,0,3500
2026-10-02,2294,47400,62800
2026-10-02,2296,11100,63600
2026-10-02,2300,0,25300
2026-10-02,2301,78300,128200
2026-10-02,2303,0,95500
2026-10-02,2304,500,73800
2026-10-02,2305,40500,15300
2026-10-02,2307,400,77300
2026-10-02,2311,0,208000
2026-10-02,2315,1577700,8148800
2026-10-02,2317,221600,901700
2026-10-02,2321,0,1972200
2026-10-02,2323,0,1152700
2026-10-02,2325,20200,82000
2026-10-02,2326,13300,202400
2026-10-02,2327,24800,68300
2026-10-02,2329,0,493600
2026-10-02,2330,0,3549500
2026-10-02,2331,4600,107400
2026-10-02,2332,200,116500
2026-10-02,2334,100,12786600
2026-10-02,2335,14700,47100
2026-10-02,2337,53400,1702500
2026-10-02,2338,0,24600
2026-10-02,233A,550,18961
2026-10-02,2340,0,36100
2026-10-02,2341,0,345900
2026-10-02,2342,0,920400
2026-10-02,2345,0,1427900
2026-10-02,2349,0,35500
2026-10-02,234A,0,1386
2026-10-02,2351,0,185500
2026-10-02,2353,42500,1242300
2026-10-02,2354,200,1648600
2026-10-02,2359,1600,40600
2026-10-02,235A,1,25473
2026-10-02,236A,1600,10970
2026-10-02,2370,0,9185800
2026-10-02,2371,41800,85400
2026-10-02,2373,0,122600
2026-10-02,2375,0,565700
2026-10-02,2376,0,13400
2026-10-02,2378,139600,72700
2026-10-02,2379,110100,232100
2026-10-02,237A,120,1912410
2026-10-02,2384,15400,456700
2026-10-02,2385,0,1026600
2026-10-02,2388,0,1140100
2026-10-02,238A,4090,1548140
2026-10-02,2391,0,20000
2026-10-02,2393,100,56100
2026-10-02,2395,13400,740000
2026-10-02,2404,46500,45700
2026-10-02,2408,0,53600
2026-10-02,2410,4700,167800
2026-10-02,2411,7800,189800
2026-10-02,2413,845500,2939300
2026-10-02,2415,0,304500
2026-10-02,2418,3900,1205800
2026-10-02,241A,19600,187000
2026-10-02,2424,0,60300
2026-10-02,2425,0,24100
2026-10-02,2428,12700,482800
2026-10-02,2429,1600,157900
2026-10-02,2432,33900,1745200
2026-10-02,2433,85500,40900
2026-10-02,2435,0,288300
2026-10-02,2436,0,358400
2026-10-02,2437,0,2942000
2026-10-02,2438,142400,451900
2026-10-02,2440,566500,1530800
2026-10-02,2445,9300,512200
2026-10-02,2449,0,123000
2026-10-02,244A,0,164600
2026-10-02,2454,0,495800
2026-10-02,2459,0,452600
2026-10-02,245A,0,207400
2026-10-02,2461,112600,626000
2026-10-02,2462,96400,65900
2026-10-02,2464,2800,80500
2026-10-02,2469,0,80400
2026-10-02,246A,0,333200
2026-10-02,2471,127800,1088100
2026-10-02,2475,3300,89900
2026-10-02,2477,14300,25600
2026-10-02,2479,0,528900
2026-10-02,247A,713600,5852000
2026-10-02,2480,0,6900
2026-10-02,2481,0,10300
2026-10-02,2483,0,309700
2026-10-02,2484,1614400,3233900
2026-10-02,2485,10900,556500
2026-10-02,2488,0,171400
2026-10-02,2489,163600,755800
2026-10-02,248A,0,226800
2026-10-02,2491,289400,676900
2026-10-02,2492,866100,1340500
2026-10-02,2493,300,23600
2026-10-02,2497,9900,182800
2026-10-02,2498,0,63500
2026-10-02,2499,0,156700
2026-10-02,2501,345000,303800
2026-10-02,2502,70700,3510200
2026-10-02,2503,73900,488100
2026-10-02,250A,7900,53600
2026-10-02,2510,3980,6280
2026-10-02,2511,150,1890
2026-10-02,2512,610,4420
2026-10-02,2513,5,99465
2026-10-02,2514,100,889
2026-10-02,2515,255,14187
2026-10-02,2516,761920,1037680
2026-10-02,2517,160,2400
2026-10-02,2518,0,765
2026-10-02,2519,10,1110
2026-10-02,2520,260,16025
2026-10-02,2521,100,67099
2026-10-02,2522,256,14844
2026-10-02,2523,0,0
2026-10-02,2524,0,39
2026-10-02,2525,0,3
2026-10-02,2526,0,4
2026-10-02,2527,0,107
2026-10-02,2528,1361,25715
2026-10-02,2529,1,971
2026-10-02,2530,0,663
2026-10-02,2531,286500,48800
2026-10-02,2533,20900,535700
2026-10-02,253A,3300,254100
2026-10-02,254A,0,1268800
2026-10-02,2552,1,7365
2026-10-02,2553,0,102090
2026-10-02,2554,0,990
2026-10-02,2555,20,7850
2026-10-02,2556,2000,33930
2026-10-02,2557,10,15050
2026-10-02,2558,4821,840937
2026-10-02,2559,3432,1675314
2026-10-02,255A,1800,218300
2026-10-02,2560,0,0
2026-10-02,2561,3714,10753
2026-10-02,2562,3141,7555
2026-10-02,2563,57990,259390
2026-10-02,2564,3627,6773
2026-10-02,2565,19,1564
2026-10-02,2566,17,831
2026-10-02,2567,10,160
2026-10-02,2568,677,65104
2026-10-02,2569,1483,10716
2026-10-02,256A,10500,881400
2026-10-02,2573,0,30000
2026-10-02,2579,27800,203400
2026-10-02,257A,0,1270
2026-10-02,2585,31000,1201500
2026-10-02,2586,0,8887400
2026-10-02,2587,29100,100900
2026-10-02,2588,0,50900
2026-10-02,258A,0,702
2026-10-02,2590,61300,36400
2026-10-02,2593,78500,241600
2026-10-02,2594,178700,30300
2026-10-02,2597,0,42900
2026-10-02,2602,9700,52600
2026-10-02,2607,51500,42900
2026-10-02,2612,0,478600
2026-10-02,2613,6800,26400
2026-10-02,261A,0,158700
2026-10-02,2620,10,80160
2026-10-02,2621,7001,1333661
2026-10-02,2622,50,1239
2026-10-02,2623,0,1550
2026-10-02,2624,401,8100
2026-10-02,2625,11,561
2026-10-02,2626,18,935
2026-10-02,2627,1,14
2026-10-02,2628,0,126689
2026-10-02,2629,0,70021
2026-10-02,262A,0,426200
2026-10-02,2630,25,8143
2026-10-02,2631,5723,96169
2026-10-02,2632,333,6531
2026-10-02,2633,13760,443560
2026-10-02,2634,624,8537
2026-10-02,2636,12,33
2026-10-02,2637,9,5613
2026-10-02,2638,2564,70374
2026-10-02,2639,0,1411
2026-10-02,2640,510,21902
2026-10-02,2641,22,1539
2026-10-02,2642,0,2
2026-10-02,2644,60922,885348
2026-10-02,2645,0,6
2026-10-02,2646,177,21963
2026-10-02,2647,0,40
2026-10-02,2648,0,8094
2026-10-02,2649,0,0
2026-10-02,264A,0,782100
2026-10-02,2652,55500,888100
2026-10-02,2653,0,27100
2026-10-02,2654,0,20000
2026-10-02,2656,0,5442800
2026-10-02,2659,13300,26500
2026-10-02,265A,0,173600
2026-10-02,2664,22800,16700
2026-10-02,2666,0,1293400
2026-10-02,2667,316500,2096400
2026-10-02,2668,0,8500
2026-10-02,2669,8500,15300
2026-10-02,2670,10600,79700
2026-10-02,2673,0,684500
2026-10-02,2674,6700,93900
2026-10-02,2676,13600,28100
2026-10-02,2678,235100,604600
2026-10-02,2681,87100,368500
2026-10-02,2683,0,7600
2026-10-02,2685,13100,142200
2026-10-02,2687,100,57400
2026-10-02,2689,900,121100
2026-10-02,268A,1000,1563700
2026-10-02,2693,0,853500
2026-10-02,2694,7700,275200
2026-10-02,2695,913300,256400
2026-10-02,2698,0,17000
2026-10-02,269A,0,57800
2026-10-02,2700,0,60100
2026-10-02,2702,62100,470900
2026-10-02,2705,20300,29200
2026-10-02,2708,0,49900
2026-10-02,2721,0,1473500
2026-10-02,2722,3200,65900
2026-10-02,2726,71400,788400
2026-10-02,2730,32300,49200
2026-10-02,2733,27700,44300
2026-10-02,2734,4400,82700
2026-10-02,2735,2700,376400
2026-10-02,2736,0,18200
2026-10-02,2737,400,183400
2026-10-02,273A,0,188
2026-10-02,2742,1900,40400
2026-10-02,2747,0,9200
2026-10-02,2749,454800,315400
2026-10-02,274A,0,127500
2026-10-02,2750,700,26800
2026-10-02,2751,8700,22100
2026-10-02,2752,524400,124700
2026-10-02,2753,0,55800
2026-10-02,2760,14500,192400
2026-10-02,2762,0,2248000
2026-10-02,2764,0,1105900
2026-10-02,2767,22300,368100
2026-10-02,2768,38900,2730600
2026-10-02,2769,0,72000
2026-10-02,276A,0,223300
2026-10-02,2776,0,2717800
2026-10-02,2778,0,1177900
2026-10-02,277A,0,587700
2026-10-02,2780,1500,478000
2026-10-02,2782,39100,64200
2026-10-02,2784,22400,12700
2026-10-02,2788,0,1260800
2026-10-02,2789,0,37800
2026-10-02,278A,100,2559000
2026-10-02,2790,0,54800
2026-10-02,2791,12300,105000
2026-10-02,2792,71100,131500
2026-10-02,2795,0,29300
2026-10-02,2796,700,21300
2026-10-02,2798,0,9000
2026-10-02,2801,98000,746000
2026-10-02,2802,73400,1259200
2026-10-02,2804,22900,11400
2026-10-02,2805,0,37500
2026-10-02,2806,0,20400
2026-10-02,2809,40000,91800
2026-10-02,280A,0,170500
2026-10-02,2810,40400,58900
2026-10-02,2811,64700,196000
2026-10-02,2813,0,140200
2026-10-02,2814,0,13000
2026-10-02,2815,23800,77800
2026-10-02,2816,5000,2100
2026-10-02,2818,2200,1300
2026-10-02,2819,5600,15600
2026-10-02,281A,0,867100
2026-10-02,2820,100,18300
2026-10-02,282A,14433,446844
2026-10-02,2831,0,4100
2026-10-02,2836,0,26
2026-10-02,2837,48,27878
2026-10-02,2838,0,0
2026-10-02,2839,0,0
2026-10-02,283A,0,1207
2026-10-02,2840,12430,537503
2026-10-02,2841,434,35784
2026-10-02,2842,1738,10335
2026-10-02,2843,0,210
2026-10-02,2844,9,2225
2026-10-02,2845,5102,21887
2026-10-02,2846,437,5101
2026-10-02,2847,0,545
2026-10-02,2848,0,210
2026-10-02,2849,9,886
2026-10-02,2851,0,3040
2026-10-02,2852,0,20
2026-10-02,2853,0,0
2026-10-02,2854,122,223296
2026-10-02,2855,0,4952
2026-10-02,2856,1000,7300
2026-10-02,2857,10,320
2026-10-02,2858,0,3211
2026-10-02,2859,0,14
2026-10-02,285A,2575900,41467700
2026-10-02,2860,17,1710
2026-10-02,2861,0,54
2026-10-02,2862,0,0
2026-10-02,2864,0,33
2026-10-02,2865,30198,1959161
2026-10-02,2866,30,80273
2026-10-02,2867,0,4325
2026-10-02,2868,0,310355
2026-10-02,2869,3891,707853
2026-10-02,286A,161200,1218800
2026-10-02,2870,16911,214905
2026-10-02,2871,98400,173900
2026-10-02,2872,0,10600
2026-10-02,2874,52800,149000
2026-10-02,2875,16900,71800
2026-10-02,2876,0,152900
2026-10-02,2877,0,4700
2026-10-02,287A,100,2151400
2026-10-02,2882,35700,21800
2026-10-02,2883,0,5100
2026-10-02,2884,154200,1455300
2026-10-02,288A,0,1573600
2026-10-02,2892,0,113800
2026-10-02,2894,0,18000
2026-10-02,2897,221100,414200
2026-10-02,2901,0,707000
2026-10-02,2903,0,8400
2026-10-02,2904,1500,9900
2026-10-02,2907,0,20500
2026-10-02,2908,106000,54300
2026-10-02,290A,0,2676000
2026-10-02,2910,223200,40700
2026-10-02,2911,0,1800
2026-10-02,2914,185300,2352400
2026-10-02,2915,1200,16000
2026-10-02,2916,0,15200
2026-10-02,2917,0,2300
2026-10-02,2918,11500,170200
2026-10-02,291A,0,114800
2026-10-02,2922,13000,4800
2026-10-02,2923,0,12100
2026-10-02,2924,200,253700
2026-10-02,2926,41900,477100
2026-10-02,2927,0,124400
2026-10-02,2929,55800,760500
2026-10-02,2930,1227300,2826900
2026-10-02,2931,2603200,3265700
2026-10-02,2932,0,76400
2026-10-02,2933,96400,42200
2026-10-02,2934,0,108400
2026-10-02,2935,5000,39700
2026-10-02,2936,723700,18436600
2026-10-02,2937,2200,18600
2026-10-02,2938,103700,159600
2026-10-02,294A,0,100
2026-10-02,295A,0,143
2026-10-02,2961,0,5400
2026-10-02,2962,600,451900
2026-10-02,296A,31200,133100
2026-10-02,2970,0,1774700
2026-10-02,2971,33,4521
2026-10-02,2972,0,4399
2026-10-02,2975,29600,819100
2026-10-02,2978,0,284500
2026-10-02,2979,5,2738
2026-10-02,297A,0,301700
2026-10-02,2980,29700,1579500
2026-10-02,2981,0,76300
2026-10-02,2982,71300,2687000
2026-10-02,2983,0,398700
2026-10-02,2984,1400,236000
2026-10-02,2986,17300,2477700
2026-10-02,2989,0,8667
2026-10-02,298A,0,346600
2026-10-02,2991,0,639800
2026-10-02,2993,0,82800
2026-10-02,2997,0,12500
2026-10-02,2998,0,790900
2026-10-02,2999,0,535500
2026-10-02,299A,117000,2964300
2026-10-02,3001,13200,19400
2026-10-02,3002,21300,141300
2026-10-02,3003,131500,980800
2026-10-02,3004,0,119700
2026-10-02,300A,0,78000
2026-10-02,3010,0,734400
2026-10-02,3011,0,102800
2026-10-02,3020,0,116300
2026-10-02,3021,0,180700
2026-10-02,3023,5300,51300
2026-10-02,3024,0,10800
2026-10-02,3028,23400,30300
2026-10-02,302A,0,151200
2026-10-02,3030,0,144000
2026-10-02,3031,493800,336900
2026-10-02,3034,6300,82100
2026-10-02,3035,10400,74200
2026-10-02,3036,39400,327000
2026-10-02,3038,1482200,1257900
2026-10-02,303A,0,78800
2026-10-02,3040,1200,299800
2026-10-02,3041,22300,33200
2026-10-02,3042,391400,760000
2026-10-02,3045,0,9400
2026-10-02,3046,12300,280800
2026-10-02,3048,110900,133500
2026-10-02,304A,0,44100
2026-10-02,3050,71000,122700
2026-10-02,3053,579200,1333100
2026-10-02,3054,0,122400
2026-10-02,3058,1300,3300
2026-10-02,3059,2200,19700
2026-10-02,3063,117200,24800
2026-10-02,3064,114400,677600
2026-10-02,3065,0,8000
2026-10-02,3067,18200,74100
2026-10-02,3068,0,22500
2026-10-02,3069,8100,1181500
2026-10-02,3070,0,6144600
2026-10-02,3071,0,224900
2026-10-02,3075,0,33800
2026-10-02,3076,9200,106000
2026-10-02,3077,0,547500
2026-10-02,3080,0,34300
2026-10-02,3082,8900,46500
2026-10-02,3083,0,3254700
2026-10-02,3086,160300,224800
2026-10-02,3087,14600,45100
2026-10-02,3088,36100,190200
2026-10-02,3089,7500,99100
2026-10-02,3091,37300,43200
2026-10-02,3092,280400,597900
2026-10-02,3093,17700,548700
2026-10-02,3096,0,4700
2026-10-02,3097,41900,198900
2026-10-02,3099,578400,1423600
2026-10-02,3101,40600,633900
2026-10-02,3103,2620900,7570000
2026-10-02,3104,3000,119900
2026-10-02,3105,120600,266600
2026-10-02,3106,34200,98600
2026-10-02,3107,20600,48500
2026-10-02,3109,4300,171600
2026-10-02,3110,1444400,5455200
2026-10-02,3111,0,205200
2026-10-02,3113,0,2925700
2026-10-02,3116,74200,259300
2026-10-02,3121,65600,1136600
2026-10-02,3123,0,66800
2026-10-02,3131,0,94000
2026-10-02,3132,43900,326600
2026-10-02,3133,0,1620600
2026-10-02,3134,228300,331600
2026-10-02,3135,0,117500
2026-10-02,3137,203800,270900
2026-10-02,3138,0,37800
2026-10-02,3139,4200,63600
2026-10-02,313A,3200,207040
2026-10-02,3140,23500,16400
2026-10-02,3143,200,261400
2026-10-02,3148,17900,35300
2026-10-02,314A,87390,9035420
2026-10-02,3150,5500,121100
2026-10-02,3151,3700,49800
2026-10-02,3153,9700,54900
2026-10-02,3154,59500,46600
2026-10-02,3156,29800,93300
2026-10-02,3157,0,95300
2026-10-02,3159,88300,291900
2026-10-02,315A,1017,105109
2026-10-02,3160,29100,52900
2026-10-02,3161,0,338300
2026-10-02,3166,800,61000
2026-10-02,3167,50800,23300
2026-10-02,3168,120000,395800
2026-10-02,3169,200,49300
2026-10-02,316A,27073,892666
2026-10-02,3172,1600,24700
2026-10-02,3173,0,81800
2026-10-02,3174,0,141100
2026-10-02,3175,0,64500
2026-10-02,3176,65500,519100
2026-10-02,3177,0,59700
2026-10-02,3178,95400,22500
2026-10-02,3179,5500,248600
2026-10-02,3180,29400,289000
2026-10-02,3181,0,296400
2026-10-02,3182,49100,227900
2026-10-02,3183,4100,25200
2026-10-02,3184,0,136900
2026-10-02,3185,0,1213000
2026-10-02,3186,177500,779300
2026-10-02,3187,148100,632900
2026-10-02,3189,0,1452800
2026-10-02,318A,0,3875280
2026-10-02,3190,0,5800
2026-10-02,3191,142300,42900
2026-10-02,3192,0,1127300
2026-10-02,3193,79300,257000
2026-10-02,3195,127200,627700
2026-10-02,3196,126900,135900
2026-10-02,3197,286400,295600
2026-10-02,3199,12800,17200
2026-10-02,319A,0,327000
2026-10-02,3201,14100,26900
2026-10-02,3202,0,654800
2026-10-02,3204,0,236200
2026-10-02,3205,21800,462200
2026-10-02,3221,11400,33900
2026-10-02,3222,52100,195000
2026-10-02,3223,0,162900
2026-10-02,3224,0,24200
2026-10-02,3226,34,814
2026-10-02,3231,89800,5450100
2026-10-02,3232,108100,145900
2026-10-02,3234,98,2590
2026-10-02,3236,0,2717600
2026-10-02,3237,0,5983300
2026-10-02,3238,0,479200
2026-10-02,323A,0,226100
2026-10-02,3241,300,56900
2026-10-02,3242,75500,202400
2026-10-02,3245,78200,1497200
2026-10-02,3246,0,126700
2026-10-02,3248,0,103700
2026-10-02,3249,59,15056
2026-10-02,324A,0,217700
2026-10-02,3252,26100,344100
2026-10-02,325A,343300,1077800
2026-10-02,3261,0,102100
2026-10-02,3266,0,1242500
2026-10-02,3267,0,333700
2026-10-02,3269,108,4166
2026-10-02,3276,2900,6200
2026-10-02,3277,1900,176300
2026-10-02,3279,11,1064
2026-10-02,3280,800,316600
2026-10-02,3281,362,3234
2026-10-02,3282,190,4041
2026-10-02,3283,123,2133
2026-10-02,3284,76000,1406100
2026-10-02,3286,0,21500
2026-10-02,3287,5,1570
2026-10-02,3288,39500,254100
2026-10-02,3289,84100,1092300
2026-10-02,328A,0,40
2026-10-02,3290,21,5238
2026-10-02,3291,31700,185600
2026-10-02,3292,25,7441
2026-10-02,3293,0,174200
2026-10-02,3295,63,1739
2026-10-02,3296,36,2425
2026-10-02,3297,0,23600
2026-10-02,3299,187700,493900
2026-10-02,3300,0,592500
2026-10-02,3302,6100,57000
2026-10-02,3306,0,1032800
2026-10-02,3309,82,18029
2026-10-02,330A,0,269200
2026-10-02,3315,588900,6643200
2026-10-02,3317,0,34200
2026-10-02,331A,0,173100
2026-10-02,3320,1800,61000
2026-10-02,3321,21700,268500
2026-10-02,3323,0,5340100
2026-10-02,3326,0,44200
2026-10-02,3329,17500,20300
2026-10-02,332A,37600,355300
2026-10-02,3333,34700,100500
2026-10-02,3349,27100,232900
2026-10-02,334A,0,134100
2026-10-02,3350,1025300,44466200
2026-10-02,3352,0,22300
2026-10-02,3353,0,32400
2026-10-02,3355,0,160300
2026-10-02,3358,0,1546300
2026-10-02,3359,26800,473700
2026-10-02,335A,80700,329900
2026-10-02,3360,10600,19200
2026-10-02,3361,11900,17000
2026-10-02,336A,1400,2746800
2026-10-02,3370,0,197000
2026-10-02,3371,8200,25000
2026-10-02,3372,0,25600
2026-10-02,3374,9800,122100
2026-10-02,3375,0,25900
2026-10-02,3377,0,314000
2026-10-02,3382,764400,4405200
2026-10-02,3386,1000,54800
2026-10-02,3387,2185300,354600
2026-10-02,3388,4700,111600
2026-10-02,338A,1300,423900
2026-10-02,3391,40000,314100
2026-10-02,3392,0,170200
2026-10-02,3393,11900,100200
2026-10-02,3395,27200,58900
2026-10-02,3396,0,27400
2026-10-02,3397,118600,108700
2026-10-02,3399,38400,207800
2026-10-02,339A,0,290200
2026-10-02,3401,54300,226400
2026-10-02,3402,437100,1653000
2026-10-02,3405,86200,291100
2026-10-02,3407,143100,1205200
2026-10-02,3409,0,1754300
2026-10-02,340A,0,373800
2026-10-02,3415,78900,2189500
2026-10-02,3416,0,79300
2026-10-02,3417,0,786400
2026-10-02,3418,0,56100
2026-10-02,341A,0,360900
2026-10-02,3420,0,71100
2026-10-02,3421,5100,36400
2026-10-02,3422,5400,382300
2026-10-02,3423,3500,213000
2026-10-02,3426,0,19500
2026-10-02,3431,78300,225700
2026-10-02,3433,16000,597200
2026-10-02,3434,0,46500
2026-10-02,3435,0,18100
2026-10-02,3436,989400,3193100
2026-10-02,3437,0,4100
2026-10-02,3439,0,30500
2026-10-02,343A,0,59900
2026-10-02,3440,0,176200
2026-10-02,3441,0,371100
2026-10-02,3443,13300,1239100
2026-10-02,3444,248600,703900
2026-10-02,3445,9500,388400
2026-10-02,3446,57800,146400
2026-10-02,3447,0,112000
2026-10-02,3449,13500,308500
2026-10-02,3451,0,1276
2026-10-02,3452,9200,501400
2026-10-02,3454,600,128000
2026-10-02,3455,208,15406
2026-10-02,3457,232600,941400
2026-10-02,3459,108,4804
2026-10-02,345A,0,427
2026-10-02,3461,0,28900
2026-10-02,3462,105,2772
2026-10-02,3463,4,4206
2026-10-02,3465,41300,356400
2026-10-02,3466,35,992
2026-10-02,3467,0,57300
2026-10-02,3468,178,6987
2026-10-02,3469,0,236300
2026-10-02,346A,2726,40531
2026-10-02,3470,0,4146
2026-10-02,3471,28,5703
2026-10-02,3472,5,9294
2026-10-02,3474,0,86000
2026-10-02,3475,386300,510300
2026-10-02,3476,124,10466
2026-10-02,3477,0,39400
2026-10-02,3479,138200,265200
2026-10-02,3481,210,3285
2026-10-02,3482,16900,606300
2026-10-02,3484,4500,67000
2026-10-02,3486,4100,398400
2026-10-02,3487,18,2089
2026-10-02,3488,1,4358
2026-10-02,3489,3500,478500
2026-10-02,348A,1510,126250
2026-10-02,3490,0,17700
2026-10-02,3491,13500,1439200
2026-10-02,3492,105,26242
2026-10-02,3494,0,64500
2026-10-02,3495,0,108600
2026-10-02,3496,0,354200
2026-10-02,3498,180900,1161000
2026-10-02,349A,0,1550
2026-10-02,3501,700,48600
2026-10-02,350A,404700,3008300
2026-10-02,3512,0,2002500
2026-10-02,3513,0,442300
2026-10-02,3521,0,370800
2026-10-02,3524,0,93900
2026-10-02,3529,115900,547400
2026-10-02,352A,0,917000
2026-10-02,3536,0,470600
2026-10-02,3537,0,19800
2026-10-02,3538,700,866600
2026-10-02,3539,34800,223400
2026-10-02,3542,25700,114600
2026-10-02,3543,13300,113900
2026-10-02,3544,900,12000
2026-10-02,3547,81200,206300
2026-10-02,3548,203200,281900
2026-10-02,3549,9400,93600
2026-10-02,354A,0,7113
2026-10-02,3550,0,259500
2026-10-02,3551,0,119000
2026-10-02,3553,30300,276100
2026-10-02,3556,300,865500
2026-10-02,3557,0,51300
2026-10-02,3558,0,2297700
2026-10-02,3559,26200,221200
2026-10-02,3560,800,18300
2026-10-02,3561,204700,128400
2026-10-02,3562,0,198500
2026-10-02,3563,248100,1430000
2026-10-02,3565,31400,1327500
2026-10-02,3566,0,218300
2026-10-02,3569,900,109800
2026-10-02,356A,0,3369
2026-10-02,3571,1300,34700
2026-10-02,3577,0,5100
2026-10-02,3580,11600,125900
2026-10-02,3583,0,36800
2026-10-02,3591,48400,129900
2026-10-02,3597,0,9200
2026-10-02,3598,0,246000
2026-10-02,3600,0,2700
2026-10-02,3607,0,266600
2026-10-02,3608,24900,479800
2026-10-02,360A,0,0
2026-10-02,3611,400,615600
2026-10-02,3612,21600,186900
2026-10-02,3622,0,159900
2026-10-02,3623,0,300600
2026-10-02,3624,0,3289700
2026-10-02,3625,0,362600
2026-10-02,3626,19500,158900
2026-10-02,3627,18900,556200
2026-10-02,3628,0,409800
2026-10-02,3632,67500,3648100
2026-10-02,3633,0,113800
2026-10-02,3634,2500,136400
2026-10-02,3635,41700,842300
2026-10-02,3636,1300,12800
2026-10-02,3639,17200,468500
2026-10-02,363A,0,895
2026-10-02,3640,300,61700
2026-10-02,3641,0,127500
2026-10-02,3645,3100,371400
2026-10-02,3646,0,48300
2026-10-02,3647,0,634000
2026-10-02,3648,3000,40000
2026-10-02,3649,34200,366900
2026-10-02,364A,0,7696
2026-10-02,3652,0,287800
2026-10-02,3653,122100,683800
2026-10-02,3656,5331600,18237700
2026-10-02,3657,17700,1295300
2026-10-02,3659,35400,594300
2026-10-02,365A,0,144700
2026-10-02,3660,633100,3487500
2026-10-02,3661,50200,1056200
2026-10-02,3662,468900,179600
2026-10-02,3663,88700,886000
2026-10-02,3664,631800,8629700
2026-10-02,3665,315800,1031400
2026-10-02,3667,657500,4902000
2026-10-02,3668,111800,678300
2026-10-02,366A,0,346100
2026-10-02,3671,0,1259400
2026-10-02,3672,0,4049900
2026-10-02,3673,36400,2215100
2026-10-02,3674,2200,183400
2026-10-02,3675,6200,1698000
2026-10-02,3676,0,19200
2026-10-02,3678,300,135300
2026-10-02,3679,48800,1086300
2026-10-02,367A,0,126000
2026-10-02,3680,100,800300
2026-10-02,3682,2100,102000
2026-10-02,3683,400,147800
2026-10-02,3686,0,2855500
2026-10-02,3687,866700,1975200
2026-10-02,368A,0,444200
2026-10-02,3690,17700,43200
2026-10-02,3691,0,398500
2026-10-02,3692,154700,430600
2026-10-02,3694,392700,948900
2026-10-02,3695,0,100000
2026-10-02,3696,91500,581100
2026-10-02,3697,2830800,9058400
2026-10-02,3698,7700,178100
2026-10-02,369A,100,206100
2026-10-02,3708,26700,31200
2026-10-02,3710,15400,34300
2026-10-02,3712,13000,180000
2026-10-02,3719,0,3066600
2026-10-02,3723,0,221100
2026-10-02,3726,0,296500
2026-10-02,3727,0,1273000
2026-10-02,372A,0,77100
2026-10-02,3733,600,18600
2026-10-02,373A,0,271000
2026-10-02,3741,193600,320700
2026-10-02,3744,5100,284600
2026-10-02,3747,162500,653600
2026-10-02,3750,0,1524200
2026-10-02,3753,0,913700
2026-10-02,3758,5500,612700
2026-10-02,3760,100,482300
2026-10-02,3762,30900,244500
2026-10-02,3763,13400,96300
2026-10-02,3765,15200,238800
2026-10-02,3766,0,43100
2026-10-02,3768,300,44300
2026-10-02,3769,14000,130900
2026-10-02,376A,0,0
2026-10-02,3771,5600,158200
2026-10-02,3772,0,26100
2026-10-02,3773,12100,306600
2026-10-02,3774,46400,65200
2026-10-02,3776,0,2092900
2026-10-02,3777,0,23101300
2026-10-02,3778,621300,1185600
2026-10-02,3779,0,756300
2026-10-02,3788,24800,135600
2026-10-02,378A,0,919600
2026-10-02,3791,190400,286900
2026-10-02,3793,130700,1462700
2026-10-02,3796,21400,129900
2026-10-02,3798,0,1312200
2026-10-02,3799,2900,49700
2026-10-02,379A,0,165
2026-10-02,3800,0,5600
2026-10-02,3802,0,16200
2026-10-02,3803,0,190900
2026-10-02,3804,0,122500
2026-10-02,3807,316600,1465900
2026-10-02,380A,0,62414
2026-10-02,3810,0,13307400
2026-10-02,3815,0,32200
2026-10-02,3816,0,69600
2026-10-02,3817,1100,62900
2026-10-02,381A,0,4500
2026-10-02,3823,0,13436800
2026-10-02,3825,0,4382300
2026-10-02,3826,700,221800
2026-10-02,382A,0,2001
2026-10-02,3834,9500,88100
2026-10-02,3835,202900,756200
2026-10-02,3836,53000,245900
2026-10-02,3837,15600,234200
2026-10-02,3839,1900,4300
2026-10-02,383A,0,1526
2026-10-02,3840,0,1490900
2026-10-02,3841,0,77900
2026-10-02,3842,0,70700
2026-10-02,3843,28500,606700
2026-10-02,3844,56300,469200
2026-10-02,3845,0,1937400
2026-10-02,3848,3500,22300
2026-10-02,3850,0,49100
2026-10-02,3851,49100,523500
2026-10-02,3853,433900,1709500
2026-10-02,3854,0,218500
2026-10-02,3858,0,756800
2026-10-02,3861,202500,1515200
2026-10-02,3863,94500,324200
2026-10-02,3864,90300,1574500
2026-10-02,3865,29100,86100
2026-10-02,386A,0,73100
2026-10-02,3877,1300,148700
2026-10-02,3878,16800,262500
2026-10-02,387A,0,57200
2026-10-02,3880,92800,111800
2026-10-02,3891,10300,157000
2026-10-02,3892,1100,13500
2026-10-02,3895,0,271000
2026-10-02,3896,0,129600
2026-10-02,3900,238300,2603200
2026-10-02,3901,3800,356400
2026-10-02,3903,1116800,4059300
2026-10-02,3904,0,301600
2026-10-02,3905,1848100,10110900
2026-10-02,3907,0,313900
2026-10-02,3908,0,102300
2026-10-02,3909,0,372400
2026-10-02,3910,0,191400
2026-10-02,3911,0,4137500
2026-10-02,3912,3000,60300
2026-10-02,3913,0,293400
2026-10-02,3914,0,194600
2026-10-02,3915,52000,556800
2026-10-02,3916,6900,155900
2026-10-02,3917,8700,253900
2026-10-02,3918,0,154900
2026-10-02,3920,11200,71700
2026-10-02,3921,2300,32600
2026-10-02,3922,20600,192100
2026-10-02,3923,200700,1411700
2026-10-02,3925,0,404700
2026-10-02,3926,0,311600
2026-10-02,3927,0,835700
2026-10-02,3928,28600,898600
2026-10-02,3929,0,801700
2026-10-02,392A,0,1358470
2026-10-02,3930,0,156900
2026-10-02,3931,0,16100
2026-10-02,3932,50600,386100
2026-10-02,3933,800,99800
2026-10-02,3934,0,43100
2026-10-02,3935,0,398600
2026-10-02,3936,0,4089300
2026-10-02,3937,2800,508700
2026-10-02,3939,28500,506000
2026-10-02,3940,22300,834000
2026-10-02,3941,15200,797600
2026-10-02,3943,0,19200
2026-10-02,3944,0,12200
2026-10-02,3945,0,45600
2026-10-02,3946,6100,83200
2026-10-02,3947,0,28700
2026-10-02,3948,0,10800
2026-10-02,394A,0,110
2026-10-02,3950,53400,15300
2026-10-02,3951,100,67800
2026-10-02,3953,0,41600
2026-10-02,3954,0,359400
2026-10-02,3955,1500,77200
2026-10-02,3958,0,116600
2026-10-02,395A,0,212790
2026-10-02,3962,71700,1187000
2026-10-02,3963,58500,505400
2026-10-02,3964,160100,422300
2026-10-02,3965,0,197300
2026-10-02,3967,1500,148900
2026-10-02,3968,14800,736200
2026-10-02,3969,0,81600
2026-10-02,396A,0,20
2026-10-02,3970,0,109700
2026-10-02,3974,100,31100
2026-10-02,3976,0,245800
2026-10-02,3979,0,180700
2026-10-02,3981,0,487500
2026-10-02,3983,7700,86300
2026-10-02,3984,50600,289100
2026-10-02,3985,0,188300
2026-10-02,3986,0,92900
2026-10-02,3987,15800,60400
2026-10-02,3988,0,93700
2026-10-02,3989,0,302400
2026-10-02,3991,0,65100
2026-10-02,3992,195800,454500
2026-10-02,3993,247200,1534700
2026-10-02,3994,731400,126700
2026-10-02,3996,203600,549500
2026-10-02,3997,351600,1839500
2026-10-02,3998,7900,243000
2026-10-02,399A,0,78613
2026-10-02,4004,107800,759500
2026-10-02,4005,325600,10618800
2026-10-02,4008,9900,283900
2026-10-02,4011,100,207500
2026-10-02,4012,0,103600
2026-10-02,4013,6700,267000
2026-10-02,4014,0,421100
2026-10-02,4015,0,438200
2026-10-02,4016,0,90200
2026-10-02,4017,0,455400
2026-10-02,4019,900,467000
2026-10-02,401A,0,4169
2026-10-02,4020,0,92900
2026-10-02,4021,38100,52900
2026-10-02,4022,169500,3009100
2026-10-02,4023,212700,510700
2026-10-02,4025,2400,18500
2026-10-02,4026,23900,349900
2026-10-02,4027,25200,2182400
2026-10-02,4028,2700,531700
2026-10-02,402A,0,7992600
2026-10-02,4031,3600,161900
2026-10-02,4040,0,66400
2026-10-02,4041,20000,78100
2026-10-02,4042,113100,1074100
2026-10-02,4043,17500,1447000
2026-10-02,4044,11200,50900
2026-10-02,4045,83200,209500
2026-10-02,4046,25000,129300
2026-10-02,4047,39000,1071800
2026-10-02,404A,0,46755
2026-10-02,4051,800,201700
2026-10-02,4052,0,642700
2026-10-02,4053,424000,952600
2026-10-02,4054,8900,135500
2026-10-02,4055,175600,407800
2026-10-02,4056,0,1217300
2026-10-02,4057,0,108000
2026-10-02,4058,5700,106300
2026-10-02,4059,0,84800
2026-10-02,4060,5800,589400
2026-10-02,4061,37600,506100
2026-10-02,4062,1437000,3222100
2026-10-02,4063,194700,3763700
2026-10-02,4064,9500,116900
2026-10-02,4068,0,17000
2026-10-02,4069,0,192100
2026-10-02,4071,99900,255700
2026-10-02,4072,2100,138000
2026-10-02,4073,200,238800
2026-10-02,4074,51300,54200
2026-10-02,4075,1000,289500
2026-10-02,4076,0,85400
2026-10-02,4078,15300,501100
2026-10-02,407A,0,238700
2026-10-02,4082,463600,995600
2026-10-02,4088,445000,686200
2026-10-02,408A,0,2340200
2026-10-02,4091,30800,168100
2026-10-02,4092,49600,223300
2026-10-02,4093,0,214500
2026-10-02,4094,0,645400
2026-10-02,4095,52800,960200
2026-10-02,4097,377700,42700
2026-10-02,4098,0,128500
2026-10-02,4099,37000,474700
2026-10-02,409A,232000,746500
2026-10-02,4100,64400,109500
2026-10-02,4102,0,4400
2026-10-02,4107,0,1269000
2026-10-02,4109,28100,185600
2026-10-02,410A,0,166200
2026-10-02,4112,8400,2589100
2026-10-02,4113,0,611600
2026-10-02,4114,51400,455800
2026-10-02,4116,800,224400
2026-10-02,4118,6200,212300
2026-10-02,4119,0,60700
2026-10-02,4120,0,34300
2026-10-02,4124,0,1900
2026-10-02,4125,0,88800
2026-10-02,412A,0,143538
2026-10-02,413A,0,39419
2026-10-02,414A,700,461700
2026-10-02,4151,24900,541900
2026-10-02,415A,0,34600
2026-10-02,4165,792800,2414800
2026-10-02,4166,0,134300
2026-10-02,4167,50300,333100
2026-10-02,4168,85700,979300
2026-10-02,4169,582700,3899900
2026-10-02,416A,7800,184400
2026-10-02,4170,476900,1878300
2026-10-02,4172,0,20400
2026-10-02,4174,0,214600
2026-10-02,4175,0,145500
2026-10-02,4176,49100,1485600
2026-10-02,4177,0,43800
2026-10-02,4178,0,132100
2026-10-02,4179,0,777500
2026-10-02,417A,18300,80700
2026-10-02,4180,35600,1984100
2026-10-02,4182,3700,709500
2026-10-02,4183,44800,677700
2026-10-02,4186,37800,536000
2026-10-02,4187,11700,545200
2026-10-02,4188,94900,1471900
2026-10-02,4189,29600,327100
2026-10-02,4192,452100,909600
2026-10-02,4193,0,29700
2026-10-02,4194,21000,75600
2026-10-02,4196,0,131000
2026-10-02,4197,0,21300
2026-10-02,4198,0,126800
2026-10-02,4199,0,225500
2026-10-02,4202,84500,715500
2026-10-02,4203,32600,285100
2026-10-02,4204,257000,1266400
2026-10-02,4205,85800,398600
2026-10-02,4206,21600,41600
2026-10-02,4208,44800,840900
2026-10-02,4212,13000,29200
2026-10-02,4216,15500,291700
2026-10-02,4218,22400,5800
2026-10-02,421A,0,290100
2026-10-02,4220,19200,64600
2026-10-02,4221,257600,155500
2026-10-02,4222,0,2384400
2026-10-02,4224,0,137700
2026-10-02,4228,39200,537000
2026-10-02,4229,14800,751600
2026-10-02,4231,700,100000
2026-10-02,4234,0,183200
2026-10-02,4235,0,443200
2026-10-02,4237,148700,366100
2026-10-02,4238,0,332000
2026-10-02,423A,0,275400
2026-10-02,4240,0,306200
2026-10-02,4241,0,242900
2026-10-02,4242,700,37700
2026-10-02,4243,0,59000
2026-10-02,4245,3700,158500
2026-10-02,4246,45900,884100
2026-10-02,4247,0,5300
2026-10-02,4248,300,192900
2026-10-02,4249,1700,40500
2026-10-02,424A,0,561810
2026-10-02,4251,42200,325000
2026-10-02,4255,0,182000
2026-10-02,4256,0,62800
2026-10-02,4258,73500,57200
2026-10-02,4259,6500,6223600
2026-10-02,425A,0,1498960
2026-10-02,4260,0,225700
2026-10-02,4261,0,52400
2026-10-02,4262,1500,36100
2026-10-02,4263,268500,1556000
2026-10-02,4264,0,138300
2026-10-02,4265,0,621600
2026-10-02,426A,0,3821
2026-10-02,4270,0,118600
2026-10-02,4272,13900,139100
2026-10-02,4274,0,206100
2026-10-02,4275,71300,512300
2026-10-02,4284,0,246400
2026-10-02,4286,12200,44500
2026-10-02,4287,0,139500
2026-10-02,4288,564900,727900
2026-10-02,428A,0,322600
2026-10-02,4290,298800,392000
2026-10-02,4293,40200,1571500
2026-10-02,4299,0,23800
2026-10-02,429A,22000,1187500
2026-10-02,4301,5500,374000
2026-10-02,4307,34100,683900
2026-10-02,4308,0,505800
2026-10-02,4310,5700,170700
2026-10-02,4317,0,538500
2026-10-02,4318,35200,83400
2026-10-02,431A,0,305300
2026-10-02,4320,0,188800
2026-10-02,4323,18000,59300
2026-10-02,4324,580500,216400
2026-10-02,4326,28300,19300
2026-10-02,4331,74100,1160400
2026-10-02,4334,0,124300
2026-10-02,4335,0,33100
2026-10-02,4337,44300,111900
2026-10-02,4341,0,34900
2026-10-02,4343,20100,124200
2026-10-02,4344,1822600,6880500
2026-10-02,4345,62400,146100
2026-10-02,4346,3400,891200
2026-10-02,4347,0,283900
2026-10-02,4350,0,169600
2026-10-02,4351,0,65200
2026-10-02,4356,0,43500
2026-10-02,435A,24757,289558
2026-10-02,4360,0,128000
2026-10-02,4361,0,87700
2026-10-02,4362,700,20200
2026-10-02,4365,0,8500
2026-10-02,4366,0,824100
2026-10-02,4368,20500,1155800
2026-10-02,4369,21300,1205800
2026-10-02,436A,0,158800
2026-10-02,4370,0,297400
2026-10-02,4371,13800,90100
2026-10-02,4372,0,90100
2026-10-02,4373,110900,259300
2026-10-02,4374,0,138700
2026-10-02,4375,328600,936700
2026-10-02,4376,0,1224400
2026-10-02,4377,22200,371200
2026-10-02,4378,0,129800
2026-10-02,4379,0,581100
2026-10-02,4380,0,195000
2026-10-02,4381,0,229200
2026-10-02,4382,380800,475600
2026-10-02,4385,112100,1592800
2026-10-02,4386,900,95400
2026-10-02,4387,0,108800
2026-10-02,4388,5000,321700
2026-10-02,4389,0,73100
2026-10-02,438A,0,582000
2026-10-02,4390,19000,590500
2026-10-02,4391,0,156200
2026-10-02,4392,651700,3591900
2026-10-02,4393,51500,312500
2026-10-02,4394,1200,164200
2026-10-02,4395,0,687700
2026-10-02,4396,4800,150000
2026-10-02,4397,4200,439700
2026-10-02,4398,0,77100
2026-10-02,4401,15400,178500
2026-10-02,4403,13100,394000
2026-10-02,4404,0,995000
2026-10-02,4406,48500,1760300
2026-10-02,4409,0,67400
2026-10-02,4410,1700,152500
2026-10-02,4412,0,371800
2026-10-02,4413,0,22700
2026-10-02,4414,0,138800
2026-10-02,4415,0,269200
2026-10-02,4416,0,182100
2026-10-02,4417,0,84800
2026-10-02,4418,165000,725000
2026-10-02,4419,0,2479900
2026-10-02,441A,11400,248400
2026-10-02,4420,3600,1323300
2026-10-02,4421,0,27700
2026-10-02,4422,0,427300
2026-10-02,4424,72000,320000
2026-10-02,4425,252300,655300
2026-10-02,4427,0,466400
2026-10-02,4428,0,146300
2026-10-02,4429,700,79800
2026-10-02,442A,0,94400
2026-10-02,4430,0,115200
2026-10-02,4431,63300,194000
2026-10-02,4432,12300,213400
2026-10-02,4433,11700,109300
2026-10-02,4434,16700,133500
2026-10-02,4436,47500,847600
2026-10-02,4437,0,340300
2026-10-02,4438,0,270600
2026-10-02,4439,200,120200
2026-10-02,443A,0,10
2026-10-02,4440,31500,237400
2026-10-02,4441,0,27800
2026-10-02,4442,16500,479700
2026-10-02,4443,136800,604600
2026-10-02,4444,0,18900
2026-10-02,4445,0,9400
2026-10-02,4446,310900,1017400
2026-10-02,4447,9100,58700
2026-10-02,4448,80300,640000
2026-10-02,4450,100,63900
2026-10-02,4452,142300,321900
2026-10-02,4461,18500,621000
2026-10-02,4462,65200,62900
2026-10-02,4463,200,108400
2026-10-02,4464,0,1300
2026-10-02,4465,6600,34700
2026-10-02,446A,54700,1165800
2026-10-02,4471,32700,127200
2026-10-02,4475,287100,979200
2026-10-02,4476,0,289400
2026-10-02,4477,22900,25972400
2026-10-02,4478,233500,295100
2026-10-02,4479,0,558700
2026-10-02,447A,0,454740
2026-10-02,4480,132500,403000
2026-10-02,4481,30800,166700
2026-10-02,4482,4500,79200
2026-10-02,4483,72600,172200
2026-10-02,4484,0,326400
2026-10-02,4486,600,119700
2026-10-02,4487,0,331600
2026-10-02,4488,0,162400
2026-10-02,448A,0,106050
2026-10-02,4490,0,362000
2026-10-02,4491,0,9200
2026-10-02,4492,0,601000
2026-10-02,4493,124100,397900
2026-10-02,4495,1000,90200
2026-10-02,4496,0,30600
2026-10-02,4498,7500,354600
2026-10-02,4499,181300,616300
2026-10-02,449A,0,94800
2026-10-02,4502,572100,671100
2026-10-02,4503,443900,828600
2026-10-02,4506,251800,5639800
2026-10-02,4507,72400,703600
2026-10-02,450A,0,1060
2026-10-02,4512,123200,548600
2026-10-02,4516,51000,198600
2026-10-02,4519,41800,2253800
2026-10-02,451A,0,5220
2026-10-02,4521,17600,136200
2026-10-02,4523,79800,939600
2026-10-02,4524,0,6900
2026-10-02,4526,16900,25800
2026-10-02,4527,22600,202600
2026-10-02,4528,29200,400300
2026-10-02,452A,0,2516000
2026-10-02,4531,6500,552400
2026-10-02,4534,1700,45800
2026-10-02,4536,17400,153600
2026-10-02,4538,5000,34300
2026-10-02,4539,0,182900
2026-10-02,453A,0,355090
2026-10-02,4540,27700,290400
2026-10-02,4543,117200,815700
2026-10-02,4544,20600,40900
2026-10-02,4547,32300,31400
2026-10-02,4548,417500,2588700
2026-10-02,4549,33200,300400
2026-10-02,4552,766600,2151900
2026-10-02,4553,32500,173300
2026-10-02,4554,11500,300400
2026-10-02,4558,0,464800
2026-10-02,4559,25600,175700
2026-10-02,4563,0,18168800
2026-10-02,4564,3348500,16834500
2026-10-02,4565,87300,8333200
2026-10-02,4568,94400,4501500
2026-10-02,4569,47700,201500
2026-10-02,456A,562800,1096500
2026-10-02,4570,0,571800
2026-10-02,4571,0,6613800
2026-10-02,4572,0,2330500
2026-10-02,4574,571300,677500
2026-10-02,4575,0,1065400
2026-10-02,4576,0,4554100
2026-10-02,4577,5100,41000
2026-10-02,4578,9700,100500
2026-10-02,4579,0,1778800
2026-10-02,4582,0,4918300
2026-10-02,4583,0,6466600
2026-10-02,4584,0,3054900
2026-10-02,4586,0,8431100
2026-10-02,4587,88900,2420000
2026-10-02,4588,300,3360400
2026-10-02,4591,0,8603500
2026-10-02,4592,300,4773400
2026-10-02,4593,2159300,9570400
2026-10-02,4594,0,13585300
2026-10-02,4595,0,614300
2026-10-02,4596,0,4426900
2026-10-02,4597,4622400,17165700
2026-10-02,4598,0,3587200
2026-10-02,4599,0,4291100
2026-10-02,459A,0,162
2026-10-02,460A,100,192700
2026-10-02,4611,11200,97600
2026-10-02,4612,63800,218900
2026-10-02,4613,112000,121700
2026-10-02,4615,0,843900
2026-10-02,4616,0,59400
2026-10-02,4617,11800,217500
2026-10-02,4619,1200,208500
2026-10-02,461A,0,852
2026-10-02,4620,21600,4046500
2026-10-02,4623,0,75200
2026-10-02,4624,0,91100
2026-10-02,4625,0,61100
2026-10-02,4626,45000,88900
2026-10-02,4627,0,60900
2026-10-02,4628,0,23600
2026-10-02,4629,0,75900
2026-10-02,462A,0,1216200
2026-10-02,4631,5700,559800
2026-10-02,4633,22400,75000
2026-10-02,4634,7400,31100
2026-10-02,4635,0,92200
2026-10-02,463A,9400,259200
2026-10-02,4641,5500,92100
2026-10-02,4642,0,34700
2026-10-02,4644,3000,759400
2026-10-02,4645,0,10100
2026-10-02,464A,87600,3701300
2026-10-02,4650,0,113100
2026-10-02,4651,109600,2691100
2026-10-02,4657,0,254700
2026-10-02,4658,12100,53600
2026-10-02,465A,0,10440
2026-10-02,4661,2369400,2547500
2026-10-02,4662,0,109200
2026-10-02,4664,0,322000
2026-10-02,4665,32800,22500
2026-10-02,4666,275900,1432200
2026-10-02,4667,0,1088400
2026-10-02,4668,90000,44400
2026-10-02,466A,0,196287
2026-10-02,4671,2400,22400
2026-10-02,4673,0,62700
2026-10-02,4674,9500,45100
2026-10-02,4676,103100,249700
2026-10-02,4678,2600,34100
2026-10-02,4679,2000,80100
2026-10-02,467A,0,300
2026-10-02,4680,207900,1628800
2026-10-02,4681,43500,99500
2026-10-02,4684,32900,176100
2026-10-02,4685,0,85800
2026-10-02,4686,28100,247800
2026-10-02,4687,9400,89700
2026-10-02,4689,762800,6460300
2026-10-02,468A,0,0
2026-10-02,4691,0,646800
2026-10-02,4694,9500,7100
2026-10-02,469A,0,101600
2026-10-02,4704,56600,346600
2026-10-02,4705,0,15700
2026-10-02,4707,100,97600
2026-10-02,4709,4400,176500
2026-10-02,4712,0,170000
2026-10-02,4714,108700,1829700
2026-10-02,4716,11700,182500
2026-10-02,4718,21000,26900
2026-10-02,4719,2000,44700
2026-10-02,471A,0,674600
2026-10-02,4720,0,26700
2026-10-02,4722,3800,41000
2026-10-02,4725,3700,190000
2026-10-02,4728,0,128900
2026-10-02,472A,0,2088200
2026-10-02,4732,72900,160800
2026-10-02,4733,6600,18400
2026-10-02,4735,0,83100
2026-10-02,4736,0,181100
2026-10-02,473A,0,2384
2026-10-02,4743,5700,183500
2026-10-02,4746,139300,232600
2026-10-02,4750,1000,52500
2026-10-02,4751,88800,5533300
2026-10-02,4752,0,28100
2026-10-02,4754,0,5700
2026-10-02,4755,1439500,39422200
2026-10-02,475A,0,166300
2026-10-02,4760,0,25400
2026-10-02,4761,0,59100
2026-10-02,4762,100,18300
2026-10-02,4763,3700,102600
2026-10-02,4765,30600,492200
2026-10-02,4766,0,123200
2026-10-02,4767,6500,251000
2026-10-02,4768,29000,29500
2026-10-02,4769,0,800
2026-10-02,476A,4400,71000
2026-10-02,4771,400,99600
2026-10-02,4772,0,2422300
2026-10-02,4776,269000,711200
2026-10-02,4777,0,783000
2026-10-02,477A,0,664900
2026-10-02,4783,2100,67500
2026-10-02,4784,0,5756400
2026-10-02,478A,6400,642500
2026-10-02,4792,4300,92700
2026-10-02,479A,0,580700
2026-10-02,4801,17400,8200
2026-10-02,4809,0,49900
2026-10-02,480A,0,399400
2026-10-02,4811,0,117200
2026-10-02,4812,251400,174500
2026-10-02,4813,526400,3100900
2026-10-02,4814,0,840500
2026-10-02,4816,18400,207100
2026-10-02,4819,42900,410400
2026-10-02,4820,30100,269800
2026-10-02,4825,63100,391600
2026-10-02,4826,24200,418600
2026-10-02,4828,17700,404800
2026-10-02,4829,110300,908000
2026-10-02,4832,0,60700
2026-10-02,4833,0,8398300
2026-10-02,4838,0,485100
2026-10-02,4839,74000,547500
2026-10-02,483A,0,48300
2026-10-02,4840,600,312500
2026-10-02,4845,4400,420100
2026-10-02,4847,96400,336000
2026-10-02,4848,18600,174000
2026-10-02,4849,100100,78300
2026-10-02,485A,7200,7020100
2026-10-02,486A,0,6508
2026-10-02,487A,0,4115
2026-10-02,4880,237200,478500
2026-10-02,4881,0,3497900
2026-10-02,4882,0,1620500
2026-10-02,4883,0,10650700
2026-10-02,4884,0,1040700
2026-10-02,4885,1500,195400
2026-10-02,4886,600,91700
2026-10-02,4887,87400,386000
2026-10-02,4888,0,2144200
2026-10-02,4889,0,1402300
2026-10-02,488A,0,32630
2026-10-02,4890,0,652000
2026-10-02,4891,0,4095600
2026-10-02,4892,0,805800
2026-10-02,4893,358600,1079700
2026-10-02,4894,0,583000
2026-10-02,4896,0,251800
2026-10-02,489A,0,38
2026-10-02,4901,30500,2293300
2026-10-02,4902,245500,1114900
2026-10-02,4911,328400,817600
2026-10-02,4912,24600,98800
2026-10-02,4914,52600,212400
2026-10-02,4918,0,172300
2026-10-02,4919,11100,54700
2026-10-02,491A,0,0
2026-10-02,4920,0,47200
2026-10-02,4922,278800,204000
2026-10-02,4923,59600,6800
2026-10-02,4925,0,17600
2026-10-02,4926,100,8100
2026-10-02,4927,518400,201200
2026-10-02,4928,19500,60500
2026-10-02,4929,2500,12900
2026-10-02,492A,0,130
2026-10-02,4931,10500,30300
2026-10-02,4932,0,190100
2026-10-02,4933,77800,164800
2026-10-02,4934,0,246500
2026-10-02,4935,7500,4552400
2026-10-02,4936,110300,345400
2026-10-02,4937,0,161900
2026-10-02,493A,0,0
2026-10-02,494A,0,0
2026-10-02,4951,18400,19000
2026-10-02,4956,22700,18700
2026-10-02,4958,49000,17400
2026-10-02,495A,0,0
2026-10-02,4960,0,539700
2026-10-02,4966,100,23400
2026-10-02,4967,104100,99400
2026-10-02,4968,15900,350500
2026-10-02,496A,0,107330
2026-10-02,4970,400,349300
2026-10-02,4971,11500,558500
2026-10-02,4972,0,186300
2026-10-02,4973,0,161600
2026-10-02,4975,12200,154100
2026-10-02,4976,0,6800
2026-10-02,4977,1200,241100
2026-10-02,4978,0,4207400
2026-10-02,4979,2100,41400
2026-10-02,497A,0,297
2026-10-02,4980,76900,1803200
2026-10-02,4985,10200,41200
2026-10-02,498A,0,178
2026-10-02,4990,0,21900
2026-10-02,4992,5600,126400
2026-10-02,4994,2200,14900
2026-10-02,4996,168700,909300
2026-10-02,4997,36700,178400
2026-10-02,4998,25900,97400
2026-10-02,499A,0,1342
2026-10-02,500A,0,66300
2026-10-02,5010,0,1401300
2026-10-02,5011,32200,58600
2026-10-02,5013,26300,56900
2026-10-02,5015,0,48900
2026-10-02,5016,674000,23314400
2026-10-02,5018,6300,97700
2026-10-02,5019,197300,879600
2026-10-02,5020,144600,2139500
2026-10-02,5021,35700,160000
2026-10-02,5025,0,22200
2026-10-02,5026,0,166400
2026-10-02,5027,32300,1410500
2026-10-02,5028,0,374000
2026-10-02,5029,0,161000
2026-10-02,502A,0,210
2026-10-02,5031,0,1159200
2026-10-02,5032,57100,887100
2026-10-02,5033,76000,297900
2026-10-02,5034,0,156200
2026-10-02,5035,0,203900
2026-10-02,5036,14200,115300
2026-10-02,5038,0,150500
2026-10-02,504A,0,205600
2026-10-02,505A,0,121400
2026-10-02,5071,12000,241800
2026-10-02,5074,598800,3406300
2026-10-02,5076,98300,2941400
2026-10-02,5078,0,4300
2026-10-02,5079,0,84200
2026-10-02,509A,0,1298
2026-10-02,5101,36100,537700
2026-10-02,5105,28100,358300
2026-10-02,5108,497900,660600
2026-10-02,5110,28800,1707000
2026-10-02,5121,28300,74500
2026-10-02,5122,5600,1600
2026-10-02,5125,0,76500
2026-10-02,5126,0,12700
2026-10-02,5129,668800,807000
2026-10-02,512A,0,4380
2026-10-02,5131,727300,1721700
2026-10-02,5132,114400,505000
2026-10-02,5133,0,937400
2026-10-02,5134,0,35200
2026-10-02,5136,100,434000
2026-10-02,5137,730500,1612500
2026-10-02,5138,0,108500
2026-10-02,5139,100,73700
2026-10-02,513A,4872,691351
2026-10-02,5142,41500,467500
2026-10-02,515A,0,1580
2026-10-02,5161,0,188200
2026-10-02,5162,133000,193700
2026-10-02,516A,0,952
2026-10-02,517A,0,156
2026-10-02,5184,4600,70700
2026-10-02,5185,13500,127800
2026-10-02,5186,15100,331200
2026-10-02,5187,0,67600
2026-10-02,5189,0,43500
2026-10-02,518A,0,1201
2026-10-02,5192,49000,38500
2026-10-02,5194,0,311200
2026-10-02,5195,16400,18600
2026-10-02,5199,0,24100
2026-10-02,519A,0,105200
2026-10-02,5201,16000,937100
2026-10-02,5204,300,69700
2026-10-02,5208,58900,458200
2026-10-02,520A,0,1387200
2026-10-02,5210,32100,205000
2026-10-02,5214,25700,286400
2026-10-02,5216,0,1437300
2026-10-02,5218,28000,150600
2026-10-02,521A,2311,1574142
2026-10-02,5232,71500,521600
2026-10-02,5233,34300,477200
2026-10-02,5237,0,218300
2026-10-02,523A,125300,428500
2026-10-02,5240,171100,1202200
2026-10-02,5242,0,213200
2026-10-02,5243,900,881800
2026-10-02,5244,2100,1992400
2026-10-02,5246,255200,2539300
2026-10-02,5247,0,125300
2026-10-02,5248,0,2263500
2026-10-02,5250,0,50500
2026-10-02,5252,0,444800
2026-10-02,5253,1018100,3018100
2026-10-02,5254,100,92100
2026-10-02,5255,0,3858200
2026-10-02,5256,0,64700
2026-10-02,5257,0,57100
2026-10-02,5258,53900,2620300
2026-10-02,5261,2700,17500
2026-10-02,5262,692500,1125100
2026-10-02,5268,0,474100
2026-10-02,5269,23000,423900
2026-10-02,526A,0,1070
2026-10-02,5271,0,12200
2026-10-02,5273,5300,7600
2026-10-02,5279,0,33200
2026-10-02,5280,0,412000
2026-10-02,5282,0,1282500
2026-10-02,5283,0,89500
2026-10-02,5284,0,101500
2026-10-02,5285,2500,334000
2026-10-02,5287,0,165400
2026-10-02,5288,200,1117500
2026-10-02,5290,90900,169300
2026-10-02,5301,270500,550600
2026-10-02,5302,3200,39700
2026-10-02,5304,1100,212800
2026-10-02,530A,0,1002
2026-10-02,5310,40400,90200
2026-10-02,531A,0,4
2026-10-02,532A,0,432
2026-10-02,5331,19400,135900
2026-10-02,5332,61400,737300
2026-10-02,5333,28100,416000
2026-10-02,5334,140800,1296200
2026-10-02,5337,0,23500
2026-10-02,533A,0,369
2026-10-02,5341,0,735700
2026-10-02,5344,5600,57100
2026-10-02,534A,0,589
2026-10-02,5351,1100,215200
2026-10-02,5355,0,454100
2026-10-02,5356,900,64800
2026-10-02,5357,3900,107400
2026-10-02,535A,0,0
2026-10-02,5363,2900,679000
2026-10-02,5367,286800,575700
2026-10-02,5368,0,79100
2026-10-02,536A,0,0
2026-10-02,537A,0,536
2026-10-02,5380,0,34100
2026-10-02,5381,65300,626400
2026-10-02,5384,10900,161400
2026-10-02,5388,1300,51600
2026-10-02,538A,0,776
2026-10-02,5391,1300,238400
2026-10-02,5393,11900,120200
2026-10-02,539A,0,200
2026-10-02,5401,1787700,40043800
2026-10-02,5406,244200,1706700
2026-10-02,5408,43000,950500
2026-10-02,540A,0,120367
2026-10-02,5410,51200,303000
2026-10-02,5411,1177200,5014300
2026-10-02,541A,0,1770
2026-10-02,5423,61300,229800
2026-10-02,542A,0,67300
2026-10-02,543A,489000,23928400
2026-10-02,5440,400,142300
2026-10-02,5444,7700,41900
2026-10-02,5445,5800,203800
2026-10-02,5446,0,36700
2026-10-02,5449,178800,1739300
2026-10-02,544A,221100,1250100
2026-10-02,5451,197200,120900
2026-10-02,5458,0,74500
2026-10-02,545A,2000,49300
2026-10-02,5461,82200,162200
2026-10-02,5463,14700,107700
2026-10-02,5464,8300,164000
2026-10-02,546A,6400,631300
2026-10-02,5471,47500,512500
2026-10-02,547A,39500,17132700
2026-10-02,5480,22000,125300
2026-10-02,5482,18100,133500
2026-10-02,5484,0,600
2026-10-02,548A,0,122900
2026-10-02,5491,2200,919300
2026-10-02,549A,0,275400
2026-10-02,550A,0,51100
2026-10-02,5527,0,174400
2026-10-02,552A,0,17651
2026-10-02,5532,0,377700
2026-10-02,5533,0,5800
2026-10-02,5535,0,2616200
2026-10-02,5537,200,239900
2026-10-02,5541,174200,773500
2026-10-02,5542,0,247700
2026-10-02,554A,0,92100
2026-10-02,5563,43200,1518400
2026-10-02,556A,0,216100
2026-10-02,5570,0,167500
2026-10-02,5571,0,273800
2026-10-02,5572,0,186800
2026-10-02,5574,10000,569500
2026-10-02,5575,0,52700
2026-10-02,5576,0,24000
2026-10-02,5578,0,249300
2026-10-02,5580,0,8800
2026-10-02,5582,0,110100
2026-10-02,5586,0,388900
2026-10-02,5587,0,281900
2026-10-02,5588,0,249700
2026-10-02,5589,700,5700
2026-10-02,558A,0,120000
2026-10-02,5590,105800,1358300
2026-10-02,5591,0,195700
2026-10-02,5592,0,528200
2026-10-02,5597,0,242100
2026-10-02,5599,0,118900
2026-10-02,559A,0,80600
2026-10-02,5602,54500,339900
2026-10-02,5603,1900,194700
2026-10-02,5609,0,196400
2026-10-02,5612,0,93800
2026-10-02,5616,0,55100
2026-10-02,5618,0,50400
2026-10-02,5619,0,28800
2026-10-02,5621,0,134800
2026-10-02,5631,46400,1064300
2026-10-02,5632,14100,211100
2026-10-02,563A,8685,3563943
2026-10-02,5644,0,15800
2026-10-02,564A,0,577
2026-10-02,5658,2400,265100
2026-10-02,5659,45300,121000
2026-10-02,566A,0,143
2026-10-02,568A,0,120270
2026-10-02,5695,0,12600
2026-10-02,5697,0,90800
2026-10-02,5698,100,622000
2026-10-02,5699,0,212900
2026-10-02,569A,0,29150
2026-10-02,5702,22100,588800
2026-10-02,5703,5800,434000
2026-10-02,5704,0,370200
2026-10-02,5706,1183600,11805300
2026-10-02,5707,381400,1528200
2026-10-02,570A,0,30
2026-10-02,5711,28500,2397500
2026-10-02,5713,148000,1648800
2026-10-02,5714,5100,356400
2026-10-02,5715,21000,354200
2026-10-02,571A,0,60
2026-10-02,5721,0,3061200
2026-10-02,5724,0,177500
2026-10-02,5726,811300,1485200
2026-10-02,5729,0,88700
2026-10-02,572A,0,80
2026-10-02,573A,0,42700
2026-10-02,5741,17600,614300
2026-10-02,5742,100,23200
2026-10-02,5753,0,101500
2026-10-02,5757,100,19800
2026-10-02,575A,1400,171500
2026-10-02,576A,0,119485
2026-10-02,577A,0,12320
2026-10-02,578A,0,106280
2026-10-02,579A,0,74215
2026-10-02,5801,1911400,15463000
2026-10-02,5802,360000,10394400
2026-10-02,5803,2028600,19554400
2026-10-02,5805,66300,1183300
2026-10-02,580A,0,93247
2026-10-02,5816,4500,464700
2026-10-02,5817,0,302900
2026-10-02,5819,0,57900
2026-10-02,581A,82100,3565700
2026-10-02,5820,0,376600
2026-10-02,5821,100,371300
2026-10-02,5830,14000,432000
2026-10-02,5831,64900,611000
2026-10-02,5832,14700,349500
2026-10-02,5834,2400,459300
2026-10-02,5838,35000,1813600
2026-10-02,5842,0,211000
2026-10-02,5843,0,221700
2026-10-02,5844,54800,265900
2026-10-02,5845,0,270400
2026-10-02,584A,0,359400
2026-10-02,5851,25700,121000
2026-10-02,5852,57500,618700
2026-10-02,5857,15600,668300
2026-10-02,5858,0,222300
2026-10-02,585A,0,761
2026-10-02,5867,0,19000
2026-10-02,5868,0,92100
2026-10-02,5869,200,36600
2026-10-02,586A,0,846650
2026-10-02,5870,0,314900
2026-10-02,5871,3300,152200
2026-10-02,5884,0,345000
2026-10-02,5885,20800,82800
2026-10-02,5888,0,40800
2026-10-02,5889,100,497100
2026-10-02,5891,0,83000
2026-10-02,5892,0,469000
2026-10-02,589A,0,204400
2026-10-02,5900,0,14800
2026-10-02,5901,55500,62300
2026-10-02,5902,3100,20400
2026-10-02,5905,0,88600
2026-10-02,5906,0,348200
2026-10-02,5909,5200,20800
2026-10-02,590A,40700,622800
2026-10-02,5911,77800,458500
2026-10-02,5915,2100,77200
2026-10-02,5918,0,23600
2026-10-02,5921,0,158800
2026-10-02,5922,0,5000
2026-10-02,5923,0,441100
2026-10-02,5928,1700,153300
2026-10-02,5929,56100,91200
2026-10-02,5930,100,52400
2026-10-02,5932,26600,554000
2026-10-02,5933,5700,45800
2026-10-02,5936,600,215900
2026-10-02,5938,482900,1793300
2026-10-02,5939,0,19900
2026-10-02,593A,300,5206100
2026-10-02,5940,0,315500
2026-10-02,5941,100,19600
2026-10-02,5942,0,372300
2026-10-02,5943,45700,54200
2026-10-02,5945,0,175800
2026-10-02,5946,16300,2391000
2026-10-02,5947,134500,92800
2026-10-02,5949,8400,172500
2026-10-02,5950,0,193500
2026-10-02,5951,52300,20600
2026-10-02,5952,0,550900
2026-10-02,5955,56200,2734200
2026-10-02,5956,1700,42000
2026-10-02,5957,7600,181200
2026-10-02,5958,0,89500
2026-10-02,5959,7000,183800
2026-10-02,5962,0,36200
2026-10-02,5965,0,89600
2026-10-02,5966,0,1800
2026-10-02,5967,0,801300
2026-10-02,5969,0,2600
2026-10-02,5970,3700,262700
2026-10-02,5971,0,900
2026-10-02,5973,0,238800
2026-10-02,5974,0,10000
2026-10-02,5975,3800,36100
2026-10-02,5976,28500,78000
2026-10-02,5981,6200,196900
2026-10-02,5982,0,4800
2026-10-02,5983,0,8900
2026-10-02,5984,0,60700
2026-10-02,5985,245200,1498900
2026-10-02,5986,0,603700
2026-10-02,5987,0,16300
2026-10-02,5988,187900,95500
2026-10-02,5989,6200,706600
2026-10-02,598A,0,257800
2026-10-02,5990,0,54200
2026-10-02,5991,7200,1709900
2026-10-02,5992,600,736400
2026-10-02,5994,0,158900
2026-10-02,5997,0,30300
2026-10-02,5998,5400,97300
2026-10-02,6005,35500,139000
2026-10-02,600A,0,1124
2026-10-02,6013,40200,62200
2026-10-02,6016,100,221300
2026-10-02,6018,0,48700
2026-10-02,6022,0,49600
2026-10-02,6023,3700,472300
2026-10-02,6027,343300,529700
2026-10-02,6029,0,962500
2026-10-02,6030,0,137700
2026-10-02,6031,75100,1828000
2026-10-02,6033,4400,159400
2026-10-02,6034,900,120700
2026-10-02,6035,17900,638000
2026-10-02,6036,42600,303200
2026-10-02,6037,100,372100
2026-10-02,6038,1200,313900
2026-10-02,6039,0,578700
2026-10-02,603A,0,2317100
2026-10-02,6040,0,256200
2026-10-02,6042,0,17900
2026-10-02,6044,0,44000
2026-10-02,6045,15700,98500
2026-10-02,6046,204500,672500
2026-10-02,6047,158800,1105800
2026-10-02,6049,0,999100
2026-10-02,604A,9800,965500
2026-10-02,6050,61700,35400
2026-10-02,6054,56900,1258900
2026-10-02,6055,39900,524600
2026-10-02,6058,121300,3713500
2026-10-02,6059,2100,143900
2026-10-02,605A,0,124000
2026-10-02,6061,0,42700
2026-10-02,6062,32300,240200
2026-10-02,6063,0,22700
2026-10-02,6069,4300,619600
2026-10-02,606A,0,14294
2026-10-02,6070,5800,115000
2026-10-02,6071,14800,552300
2026-10-02,6072,871100,5300200
2026-10-02,6073,30100,43100
2026-10-02,6074,0,269800
2026-10-02,6078,257500,85600
2026-10-02,607A,0,1984200
2026-10-02,6080,44300,149300
2026-10-02,6081,0,1558700
2026-10-02,6082,2400,42800
2026-10-02,6083,25900,261800
2026-10-02,6085,0,2847300
2026-10-02,6086,0,60500
2026-10-02,6087,500,5700
2026-10-02,6088,31600,1187400
2026-10-02,6089,11600,78700
2026-10-02,608A,0,25294
2026-10-02,6090,0,182600
2026-10-02,6091,17400,522600
2026-10-02,6092,12900,483700
2026-10-02,6093,110000,890400
2026-10-02,6094,0,1261200
2026-10-02,6098,370600,508700
2026-10-02,6099,58000,169100
2026-10-02,609A,0,51656
2026-10-02,6101,12100,508400
2026-10-02,6103,11600,133400
2026-10-02,6104,31800,46700
2026-10-02,610A,0,105864
2026-10-02,6113,26800,214500
2026-10-02,6118,62400,157400
2026-10-02,611A,0,4220
2026-10-02,6125,0,420300
2026-10-02,612A,0,10
2026-10-02,6134,8400,589400
2026-10-02,6135,0,278800
2026-10-02,6136,15200,110200
2026-10-02,6137,400,203900
2026-10-02,6138,0,83500
2026-10-02,613A,0,15
2026-10-02,6140,14500,1124200
2026-10-02,6141,29400,2076100
2026-10-02,6143,19200,629200
2026-10-02,6144,0,61500
2026-10-02,6145,11000,162400
2026-10-02,6146,126000,803500
2026-10-02,6149,0,86000
2026-10-02,6150,0,21100
2026-10-02,6151,1900,52700
2026-10-02,6155,0,154300
2026-10-02,6156,0,13200
2026-10-02,6157,9500,141500
2026-10-02,6158,20100,50900
2026-10-02,6159,0,4700
2026-10-02,6161,0,1041000
2026-10-02,6165,800,919000
2026-10-02,6166,0,660800
2026-10-02,6167,31100,177200
2026-10-02,6171,700,250100
2026-10-02,6176,0,392900
2026-10-02,6177,0,1989900
2026-10-02,6178,122200,513000
2026-10-02,6180,0,36000
2026-10-02,6181,0,2414200
2026-10-02,6182,135200,580700
2026-10-02,6183,8400,165000
2026-10-02,6184,199400,480800
2026-10-02,6185,17000,198700
2026-10-02,6186,0,83600
2026-10-02,6189,6300,112800
2026-10-02,618A,1300,766800
2026-10-02,6190,0,231100
2026-10-02,6191,148100,806100
2026-10-02,6193,0,49800
2026-10-02,6194,1016600,443600
2026-10-02,6195,0,328600
2026-10-02,6196,47000,1225400
2026-10-02,6198,0,671900
2026-10-02,6199,19300,94300
2026-10-02,619A,0,2428700
2026-10-02,6200,48700,1033600
2026-10-02,6203,162900,1427000
2026-10-02,6208,90600,399400
2026-10-02,6209,12300,115200
2026-10-02,6217,0,324500
2026-10-02,6218,900,208800
2026-10-02,621A,4500,719400
2026-10-02,6222,415100,436200
2026-10-02,6223,5800,183000
2026-10-02,6224,0,490900
2026-10-02,6226,60200,518700
2026-10-02,6227,762800,2342200
2026-10-02,6228,0,311800
2026-10-02,6229,0,81800
2026-10-02,622A,0,211300
2026-10-02,6230,0,16800
2026-10-02,6231,100,103800
2026-10-02,6232,810700,2517600
2026-10-02,6233,0,76700
2026-10-02,6235,3400,481100
2026-10-02,6237,10800,79800
2026-10-02,6238,6200,437400
2026-10-02,6239,0,655100
2026-10-02,623A,0,812700
2026-10-02,6240,172600,900300
2026-10-02,6245,23700,598500
2026-10-02,6246,1900,36100
2026-10-02,6247,20800,38100
2026-10-02,6248,0,16500
2026-10-02,6249,0,65700
2026-10-02,6250,5200,92200
2026-10-02,6254,327900,2061800
2026-10-02,6255,184200,1191500
2026-10-02,6257,5000,142500
2026-10-02,6258,75700,802100
2026-10-02,625A,0,1023500
2026-10-02,6262,1700,3248700
2026-10-02,6264,53500,1624600
2026-10-02,6265,0,44100
2026-10-02,6266,62100,348700
2026-10-02,6267,0,5900
2026-10-02,6268,26200,939500
2026-10-02,6269,51800,1610800
2026-10-02,626A,0,7939
2026-10-02,6272,4200,90000
2026-10-02,6273,7100,53900
2026-10-02,6276,0,474000
2026-10-02,6277,44900,193300
2026-10-02,6278,15700,159100
2026-10-02,6279,48300,63700
2026-10-02,627A,20100,1233100
2026-10-02,6282,24900,18600
2026-10-02,6284,600,22300
2026-10-02,6286,0,26700
2026-10-02,6287,39400,65200
2026-10-02,6289,134600,93700
2026-10-02,6291,100,522500
2026-10-02,6292,0,136600
2026-10-02,6294,1500,134800
2026-10-02,6298,208900,1065900
2026-10-02,6301,216300,743100
2026-10-02,6302,37200,169200
2026-10-02,6305,12800,440800
2026-10-02,6306,13300,96000
2026-10-02,6307,0,173800
2026-10-02,6309,20900,172600
2026-10-02,630A,0,4
2026-10-02,6310,32400,169200
2026-10-02,6315,108400,4933900
2026-10-02,6316,0,37700
2026-10-02,6317,43500,222300
2026-10-02,6322,0,102500
2026-10-02,6323,112700,3417100
2026-10-02,6324,710400,850800
2026-10-02,6325,4700,34800
2026-10-02,6326,216600,740200
2026-10-02,6327,0,713200
2026-10-02,6328,17400,145800
2026-10-02,632A,0,4
2026-10-02,6330,1264300,5199400
2026-10-02,6331,15100,738200
2026-10-02,6332,7800,137700
2026-10-02,6333,9000,14100
2026-10-02,6334,0,117800
2026-10-02,6335,0,276200
2026-10-02,6336,200,531400
2026-10-02,6337,0,126300
2026-10-02,6338,0,242700
2026-10-02,6339,18700,93600
2026-10-02,633A,2012,128777
2026-10-02,6340,14400,18300
2026-10-02,6342,0,6700
2026-10-02,6343,15600,1143700
2026-10-02,6345,33700,235200
2026-10-02,6346,0,4600
2026-10-02,6347,0,794100
2026-10-02,6349,65300,145200
2026-10-02,634A,9100,410600
2026-10-02,6351,9800,17300
2026-10-02,6356,343500,911300
2026-10-02,6357,1400,151200
2026-10-02,6358,3000,108100
2026-10-02,635A,0,10
2026-10-02,6360,0,11500
2026-10-02,6361,59400,1504500
2026-10-02,6363,14900,479100
2026-10-02,6364,23800,47100
2026-10-02,6365,0,10300
2026-10-02,6366,478200,10253400
2026-10-02,6367,14800,585200
2026-10-02,6368,146100,1164600
2026-10-02,6369,4100,151800
2026-10-02,636A,0,10
2026-10-02,6370,8200,150400
2026-10-02,6371,48800,85800
2026-10-02,6376,25900,3162600
2026-10-02,6378,12600,641000
2026-10-02,6379,228000,186000
2026-10-02,6380,0,434400
2026-10-02,6381,10800,97600
2026-10-02,6382,0,155100
2026-10-02,6383,103000,723900
2026-10-02,6384,0,88300
2026-10-02,6387,500,121900
2026-10-02,6390,15900,333200
2026-10-02,6391,0,44400
2026-10-02,6392,0,3100
2026-10-02,6393,100,29500
2026-10-02,6395,10800,284100
2026-10-02,6396,0,46400
2026-10-02,639A,0,1115940
2026-10-02,6400,800,456400
2026-10-02,6402,0,35000
2026-10-02,6405,0,461700
2026-10-02,6407,7300,201000
2026-10-02,6408,0,32200
2026-10-02,640A,300,433100
2026-10-02,6412,74200,101500
2026-10-02,6413,28000,773600
2026-10-02,6417,35000,396700
2026-10-02,6418,31900,197300
2026-10-02,6419,17000,291300
2026-10-02,641A,11000,383500
2026-10-02,6420,2100,8600
2026-10-02,6424,0,63700
2026-10-02,6425,182900,1984600
2026-10-02,6428,900,333500
2026-10-02,642A,34600,886600
2026-10-02,6430,20000,103700
2026-10-02,6432,19100,520300
2026-10-02,6433,0,588500
2026-10-02,6436,16100,36200
2026-10-02,643A,0,4479
2026-10-02,6440,148000,1017500
2026-10-02,6444,269600,918500
2026-10-02,6445,13000,83500
2026-10-02,6448,22600,98600
2026-10-02,644A,0,1097
2026-10-02,6454,38800,46500
2026-10-02,6455,11300,25200
2026-10-02,6457,8200,25500
2026-10-02,6458,2600,292400
2026-10-02,6459,39200,53800
2026-10-02,6460,97600,148300
2026-10-02,6463,4400,134500
2026-10-02,6464,64300,1266300
2026-10-02,6465,48200,246100
2026-10-02,6466,0,138200
2026-10-02,6467,0,284200
2026-10-02,6469,0,342400
2026-10-02,646A,0,16143500
2026-10-02,6470,34100,153800
2026-10-02,6471,51900,1463100
2026-10-02,6472,328800,1935900
2026-10-02,6473,37400,294100
2026-10-02,6474,14700,249900
2026-10-02,6479,40600,2736800
2026-10-02,6480,25000,1393600
2026-10-02,6481,63600,533300
2026-10-02,6482,20900,106100
2026-10-02,6484,0,9400
2026-10-02,6485,9000,22600
2026-10-02,6488,0,121600
2026-10-02,6490,10000,84100
2026-10-02,6492,100,83600
2026-10-02,6493,0,526700
2026-10-02,6494,0,3944300
2026-10-02,6495,0,266200
2026-10-02,6496,0,77900
2026-10-02,6497,0,46800
2026-10-02,6498,8800,734900
2026-10-02,6501,399800,3460900
2026-10-02,6503,94600,3492900
2026-10-02,6504,16300,419000
2026-10-02,6505,1300,141300
2026-10-02,6506,227600,6096500
2026-10-02,6507,20400,112400
2026-10-02,6508,18500,166000
2026-10-02,6513,100,283200
2026-10-02,6516,5900,128900
2026-10-02,6517,7400,33500
2026-10-02,6518,0,216500
2026-10-02,6521,100,667700
2026-10-02,6522,124800,1282100
2026-10-02,6523,38400,1191000
2026-10-02,6524,21500,505900
2026-10-02,6525,580100,1811200
2026-10-02,6526,1076100,5526200
2026-10-02,6532,174800,337300
2026-10-02,6533,112900,139100
2026-10-02,6535,22000,918900
2026-10-02,6537,61300,328800
2026-10-02,6538,800,844100
2026-10-02,6539,6800,317300
2026-10-02,6540,400,133800
2026-10-02,6543,0,22000
2026-10-02,6544,79600,437700
2026-10-02,6545,4400,227300
2026-10-02,6546,400,6400
2026-10-02,6547,2300,283400
2026-10-02,6548,0,730800
2026-10-02,6549,0,99600
2026-10-02,6551,21700,276500
2026-10-02,6552,0,722800
2026-10-02,6554,0,271500
2026-10-02,6555,0,114400
2026-10-02,6557,0,204500
2026-10-02,6558,0,31000
2026-10-02,6560,1600,104500
2026-10-02,6561,0,350700
2026-10-02,6562,118900,636100
2026-10-02,6563,2200,111800
2026-10-02,6564,0,119700
2026-10-02,6566,200,32600
2026-10-02,6568,0,119200
2026-10-02,6570,74400,89200
2026-10-02,6571,5800,106900
2026-10-02,6572,150200,834100
2026-10-02,6573,0,5179500
2026-10-02,6574,0,8164900
2026-10-02,6577,0,108000
2026-10-02,6578,0,59700
2026-10-02,6579,0,314600
2026-10-02,6580,30900,209200
2026-10-02,6584,286000,1299100
2026-10-02,6586,31000,203600
2026-10-02,6588,31500,151500
2026-10-02,6590,65800,1158600
2026-10-02,6592,107900,221200
2026-10-02,6594,708200,6473500
2026-10-02,6597,0,329200
2026-10-02,6599,0,54200
2026-10-02,6612,0,84900
2026-10-02,6613,15600,3509800
2026-10-02,6614,14400,116800
2026-10-02,6615,20000,545200
2026-10-02,6616,200,226000
2026-10-02,6617,8600,164000
2026-10-02,6619,699000,7055300
2026-10-02,6620,182000,602600
2026-10-02,6622,23200,1019400
2026-10-02,6625,330900,3821800
2026-10-02,6626,0,59500
2026-10-02,6627,100,1033100
2026-10-02,6629,266200,1192000
2026-10-02,6630,424600,157800
2026-10-02,6632,74000,1626500
2026-10-02,6633,400,100200
2026-10-02,6634,0,920800
2026-10-02,6635,32100,314800
2026-10-02,6637,0,194700
2026-10-02,6638,16300,44300
2026-10-02,6643,600,27800
2026-10-02,6644,64700,379900
2026-10-02,6645,28000,492200
2026-10-02,6647,0,32400
2026-10-02,6648,0,245900
2026-10-02,6651,40900,54700
2026-10-02,6652,7800,54300
2026-10-02,6653,2300,736400
2026-10-02,6654,7000,63500
2026-10-02,6656,95600,388000
2026-10-02,6658,0,608700
2026-10-02,6659,459800,7803200
2026-10-02,6662,0,2046000
2026-10-02,6663,0,254300
2026-10-02,6664,27200,339800
2026-10-02,6666,0,449900
2026-10-02,6668,0,413500
2026-10-02,6674,14600,641700
2026-10-02,6675,16800,155100
2026-10-02,6676,100200,48700
2026-10-02,6677,1800,267600
2026-10-02,6678,100,131800
2026-10-02,6694,0,155700
2026-10-02,6696,0,386900
2026-10-02,6699,1000,495700
2026-10-02,6701,248300,4648600
2026-10-02,6702,174200,2340400
2026-10-02,6703,42900,1095400
2026-10-02,6706,16100,224100
2026-10-02,6707,29100,66400
2026-10-02,6718,3200,66400
2026-10-02,6721,0,3340100
2026-10-02,6723,622900,2882700
2026-10-02,6724,137500,86500
2026-10-02,6727,119600,743600
2026-10-02,6728,49300,222800
2026-10-02,6730,44000,438900
2026-10-02,6731,0,337400
2026-10-02,6736,42000,21500
2026-10-02,6737,13000,57600
2026-10-02,6740,8526100,45120200
2026-10-02,6741,19900,179900
2026-10-02,6742,32800,222700
2026-10-02,6743,100,119500
2026-10-02,6744,11700,120200
2026-10-02,6745,17400,76700
2026-10-02,6748,100,231100
2026-10-02,6750,50000,84300
2026-10-02,6752,407300,1810400
2026-10-02,6753,2871000,3045300
2026-10-02,6754,103300,777100
2026-10-02,6757,0,84200
2026-10-02,6758,271800,6065200
2026-10-02,6762,454600,4919200
2026-10-02,6763,19100,17000
2026-10-02,6768,90400,1427700
2026-10-02,6769,0,359200
2026-10-02,6770,85700,119500
2026-10-02,6771,13200,199700
2026-10-02,6772,0,1748900
2026-10-02,6775,0,1065400
2026-10-02,6776,0,451800
2026-10-02,6777,100,250900
2026-10-02,6778,21700,388800
2026-10-02,6779,16800,1083900
2026-10-02,6785,14600,94900
2026-10-02,6786,0,1096100
2026-10-02,6787,22400,503600
2026-10-02,6788,10600,10400
2026-10-02,6794,45200,967800
2026-10-02,6797,0,142000
2026-10-02,6798,19600,49600
2026-10-02,6800,6800,264100
2026-10-02,6803,66700,1099500
2026-10-02,6804,4100,243000
2026-10-02,6806,3300,17200
2026-10-02,6807,50300,36100
2026-10-02,6809,7400,172300
2026-10-02,6810,37300,102400
2026-10-02,6814,19900,449200
2026-10-02,6817,9200,445400
2026-10-02,6819,0,113300
2026-10-02,6820,8400,22000
2026-10-02,6822,0,59900
2026-10-02,6823,2900,98900
2026-10-02,6824,0,27900
2026-10-02,6832,0,148200
2026-10-02,6834,376100,1392200
2026-10-02,6835,0,1553100
2026-10-02,6836,0,257200
2026-10-02,6837,0,314600
2026-10-02,6838,0,941500
2026-10-02,6840,0,1283400
2026-10-02,6841,99600,173600
2026-10-02,6844,10600,206800
2026-10-02,6845,99200,144600
2026-10-02,6848,1400,39600
2026-10-02,6849,95300,72700
2026-10-02,6850,21900,27800
2026-10-02,6853,8800,84600
2026-10-02,6855,49200,803600
2026-10-02,6856,7700,54300
2026-10-02,6857,1967100,1785700
2026-10-02,6858,0,244000
2026-10-02,6859,13900,50400
2026-10-02,6861,54100,137300
2026-10-02,6862,0,961600
2026-10-02,6863,0,392700
2026-10-02,6864,0,247700
2026-10-02,6866,3600,29100
2026-10-02,6867,0,271400
2026-10-02,6869,162400,883700
2026-10-02,6870,0,55200
2026-10-02,6871,87700,558200
2026-10-02,6874,200,53400
2026-10-02,6875,13400,54100
2026-10-02,6877,9900,38600
2026-10-02,6882,30700,492400
2026-10-02,6888,100,133600
2026-10-02,6890,85300,1848800
2026-10-02,6894,0,30000
2026-10-02,6897,0,1446600
2026-10-02,6898,0,51200
2026-10-02,6899,0,143800
2026-10-02,6902,174700,4515100
2026-10-02,6904,0,595300
2026-10-02,6905,46600,171000
2026-10-02,6907,0,829800
2026-10-02,6908,28700,294600
2026-10-02,6912,0,55500
2026-10-02,6914,1600,169500
2026-10-02,6915,1300,94000
2026-10-02,6918,0,121500
2026-10-02,6919,9500,93700
2026-10-02,6920,680800,1175100
2026-10-02,6923,16600,21900
2026-10-02,6925,15900,81600
2026-10-02,6926,38900,183600
2026-10-02,6927,0,350900
2026-10-02,6928,0,117500
2026-10-02,6929,3600,103800
2026-10-02,6932,1600,267800
2026-10-02,6941,33400,327400
2026-10-02,6942,0,5700
2026-10-02,6943,0,39000
2026-10-02,6946,0,420600
2026-10-02,6947,21400,35100
2026-10-02,6951,28500,74900
2026-10-02,6952,54300,273000
2026-10-02,6954,237700,5078600
2026-10-02,6955,0,867400
2026-10-02,6958,165400,1574400
2026-10-02,6960,4500,26000
2026-10-02,6961,12700,150900
2026-10-02,6962,636100,1562600
2026-10-02,6963,158300,839700
2026-10-02,6964,0,57200
2026-10-02,6965,95500,2824600
2026-10-02,6966,186200,7159800
2026-10-02,6969,0,410100
2026-10-02,6971,102600,517000
2026-10-02,6976,1045700,4079600
2026-10-02,6977,0,114700
2026-10-02,6981,1044900,6239100
2026-10-02,6982,0,184800
2026-10-02,6986,206100,1054700
2026-10-02,6988,75000,333800
2026-10-02,6989,5600,182200
2026-10-02,6993,6768700,22652600
2026-10-02,6994,99300,622000
2026-10-02,6995,44000,31300
2026-10-02,6996,24900,453000
2026-10-02,6997,37100,1200200
2026-10-02,6998,40300,206100
2026-10-02,6999,37800,660700
2026-10-02,7003,85900,3781500
2026-10-02,7004,673400,3521400
2026-10-02,7011,998900,20223400
2026-10-02,7012,682500,19432000
2026-10-02,7013,319400,13975900
2026-10-02,7014,64000,1362800
2026-10-02,7018,500,271600
2026-10-02,7021,0,51900
2026-10-02,7022,36100,1397800
2026-10-02,7030,1500,450500
2026-10-02,7031,0,106500
2026-10-02,7033,38600,246300
2026-10-02,7034,0,498200
2026-10-02,7035,16200,332700
2026-10-02,7036,0,47100
2026-10-02,7037,0,55800
2026-10-02,7038,151800,293200
2026-10-02,7039,16300,110800
2026-10-02,7040,0,45200
2026-10-02,7041,0,81100
2026-10-02,7042,0,32700
2026-10-02,7043,0,251100
2026-10-02,7044,0,252400
2026-10-02,7046,0,77300
2026-10-02,7047,6900,2006200
2026-10-02,7048,210300,1448200
2026-10-02,7049,9300,53700
2026-10-02,7050,0,151200
2026-10-02,7057,0,170900
2026-10-02,7058,0,30200
2026-10-02,7059,4500,744300
2026-10-02,7060,1100,233000
2026-10-02,7061,36500,669000
2026-10-02,7062,0,257300
2026-10-02,7063,0,4474000
2026-10-02,7064,0,109700
2026-10-02,7065,1200,137400
2026-10-02,7066,0,287100
2026-10-02,7067,0,27500
2026-10-02,7068,5700,434100
2026-10-02,7069,0,331200
2026-10-02,7071,701600,1673500
2026-10-02,7072,0,164700
2026-10-02,7073,0,15900
2026-10-02,7074,0,260500
2026-10-02,7075,0,57500
2026-10-02,7077,0,44900
2026-10-02,7078,0,333000
2026-10-02,7079,0,82500
2026-10-02,7080,0,197300
2026-10-02,7081,0,497200
2026-10-02,7083,0,30400
2026-10-02,7084,0,95800
2026-10-02,7085,114100,220200
2026-10-02,7087,2400,36400
2026-10-02,7089,0,156100
2026-10-02,7090,0,10300
2026-10-02,7091,0,95900
2026-10-02,7093,0,269700
2026-10-02,7094,18600,1155300
2026-10-02,7095,0,590700
2026-10-02,7096,17500,243300
2026-10-02,7097,0,44900
2026-10-02,7102,6800,72700
2026-10-02,7110,500,160000
2026-10-02,7111,0,389100
2026-10-02,7112,0,326700
2026-10-02,7114,0,58900
2026-10-02,7115,0,107500
2026-10-02,7119,50500,60600
2026-10-02,7120,0,87100
2026-10-02,7122,0,44500
2026-10-02,7126,0,24400
2026-10-02,7127,0,16100
2026-10-02,7128,274800,90800
2026-10-02,7129,0,16600
2026-10-02,7130,3500,276000
2026-10-02,7131,0,60600
2026-10-02,7133,0,8200
2026-10-02,7134,1100,69000
2026-10-02,7135,12600,98500
2026-10-02,7138,0,2237000
2026-10-02,7140,0,53700
2026-10-02,7148,637700,1798600
2026-10-02,7150,72300,186600
2026-10-02,7157,57000,441200
2026-10-02,7161,103600,653000
2026-10-02,7162,0,852800
2026-10-02,7164,65900,225600
2026-10-02,7167,67100,757300
2026-10-02,7172,24200,1410000
2026-10-02,7173,117500,1491300
2026-10-02,7175,0,52600
2026-10-02,7177,0,717800
2026-10-02,7180,90900,874000
2026-10-02,7181,29600,1387100
2026-10-02,7182,187500,1131300
2026-10-02,7183,0,2100
2026-10-02,7184,22900,85200
2026-10-02,7185,0,14900
2026-10-02,7186,65700,992000
2026-10-02,7187,6200,355400
2026-10-02,7189,10700,292100
2026-10-02,7191,11600,86800
2026-10-02,7192,7200,627000
2026-10-02,7196,0,134000
2026-10-02,7198,233300,609700
2026-10-02,7199,27500,527400
2026-10-02,7201,1112900,77024000
2026-10-02,7202,32800,1195900
2026-10-02,7203,1650000,19916700
2026-10-02,7208,0,12100
2026-10-02,7211,3549500,9219700
2026-10-02,7212,1900,791800
2026-10-02,7213,5300,172700
2026-10-02,7214,0,327500
2026-10-02,7215,0,137700
2026-10-02,7217,0,67600
2026-10-02,7218,0,34200
2026-10-02,7219,0,17700
2026-10-02,7220,26100,745800
2026-10-02,7222,32300,383600
2026-10-02,7224,29100,712900
2026-10-02,7226,20500,551700
2026-10-02,7228,0,31900
2026-10-02,7231,27100,56300
2026-10-02,7235,0,233400
2026-10-02,7236,16200,792300
2026-10-02,7238,184300,7341500
2026-10-02,7239,4500,183200
2026-10-02,7241,20600,146200
2026-10-02,7242,33400,236600
2026-10-02,7244,19900,296500
2026-10-02,7245,67200,674800
2026-10-02,7246,2300,358700
2026-10-02,7247,0,335900
2026-10-02,7254,0,791700
2026-10-02,7256,48300,2897600
2026-10-02,7259,133200,998500
2026-10-02,7261,491800,6102800
2026-10-02,7264,0,40500
2026-10-02,7265,0,26400
2026-10-02,7266,19200,379300
2026-10-02,7267,1660700,3795500
2026-10-02,7269,101900,3487500
2026-10-02,7270,145100,1661400
2026-10-02,7271,0,574300
2026-10-02,7272,370500,1265800
2026-10-02,7273,0,3762500
2026-10-02,7276,87100,2172800
2026-10-02,7277,8700,294500
2026-10-02,7278,14700,228300
2026-10-02,7279,95200,140100
2026-10-02,7280,14700,375300
2026-10-02,7282,55000,905300
2026-10-02,7283,1100,99200
2026-10-02,7284,0,669600
2026-10-02,7287,89600,309200
2026-10-02,7291,7800,557500
2026-10-02,7292,0,502100
2026-10-02,7294,20900,82400
2026-10-02,7296,11700,23800
2026-10-02,7297,0,16100
2026-10-02,7299,0,55600
2026-10-02,7305,1800,146400
2026-10-02,7309,59700,66500
2026-10-02,7313,103100,181700
2026-10-02,7314,0,20300
2026-10-02,7318,0,1062100
2026-10-02,7320,100,669300
2026-10-02,7322,15300,584700
2026-10-02,7325,0,162600
2026-10-02,7326,0,209900
2026-10-02,7327,25400,684900
2026-10-02,7337,32300,455000
2026-10-02,7343,0,31500
2026-10-02,7345,0,120300
2026-10-02,7347,29100,278000
2026-10-02,7350,9700,126000
2026-10-02,7351,0,191600
2026-10-02,7352,361200,1183400
2026-10-02,7353,0,215500
2026-10-02,7354,35900,1887600
2026-10-02,7356,19200,506800
2026-10-02,7357,0,22600
2026-10-02,7358,100,61700
2026-10-02,7359,0,588300
2026-10-02,7360,0,39100
2026-10-02,7361,0,133200
2026-10-02,7362,0,94100
2026-10-02,7363,0,33600
2026-10-02,7366,46100,59300
2026-10-02,7367,0,195100
2026-10-02,7368,300,12800
2026-10-02,7369,0,143900
2026-10-02,7370,100,121300
2026-10-02,7371,11200,797700
2026-10-02,7372,0,170600
2026-10-02,7373,72800,417900
2026-10-02,7374,0,190100
2026-10-02,7375,0,297000
2026-10-02,7376,0,787400
2026-10-02,7377,0,157300
2026-10-02,7378,22300,217900
2026-10-02,7380,39300,399600
2026-10-02,7381,49900,442700
2026-10-02,7383,482200,8129100
2026-10-02,7384,64500,150200
2026-10-02,7388,156500,135300
2026-10-02,7389,90200,4492000
2026-10-02,7399,0,30000
2026-10-02,7409,0,429300
2026-10-02,7412,1527700,1067900
2026-10-02,7413,0,30200
2026-10-02,7414,1700,288700
2026-10-02,7416,3500,9900
2026-10-02,7417,2500,22900
2026-10-02,7419,70400,6963500
2026-10-02,7421,588600,42200
2026-10-02,7422,700,43000
2026-10-02,7425,0,201600
2026-10-02,7427,0,192600
2026-10-02,7433,58000,296200
2026-10-02,7434,0,24200
2026-10-02,7435,0,91800
2026-10-02,7438,4900,30900
2026-10-02,7442,2600,55300
2026-10-02,7443,600,36500
2026-10-02,7444,0,116300
2026-10-02,7446,0,3000
2026-10-02,7447,71400,190300
2026-10-02,7453,516200,945000
2026-10-02,7456,2700,154800
2026-10-02,7458,78100,74900
2026-10-02,7459,7200,12500
2026-10-02,7460,3500,1013200
2026-10-02,7461,0,31300
2026-10-02,7462,0,4900
2026-10-02,7463,11400,559900
2026-10-02,7464,0,35200
2026-10-02,7466,6800,30600
2026-10-02,7472,0,2700
2026-10-02,7475,4400,14100
2026-10-02,7476,36400,9700
2026-10-02,7477,0,68100
2026-10-02,7480,12700,161500
2026-10-02,7481,0,11400
2026-10-02,7482,2600,48800
2026-10-02,7483,10100,34100
2026-10-02,7486,0,16300
2026-10-02,7487,40700,18800
2026-10-02,7490,0,700
2026-10-02,7494,12600,625100
2026-10-02,7500,0,5000
2026-10-02,7501,0,40800
2026-10-02,7502,0,5500
2026-10-02,7504,67800,29500
2026-10-02,7505,0,116000
2026-10-02,7506,3900,1400
2026-10-02,7508,1100,200600
2026-10-02,7509,0,42000
2026-10-02,7510,6300,22700
2026-10-02,7512,154200,93100
2026-10-02,7513,215400,79100
2026-10-02,7514,0,22700
2026-10-02,7515,0,1100
2026-10-02,7516,17000,92600
2026-10-02,7520,300,22200
2026-10-02,7521,0,114000
2026-10-02,7522,27800,324700
2026-10-02,7523,0,5700
2026-10-02,7524,13800,729300
2026-10-02,7525,200,23000
2026-10-02,7527,0,9691300
2026-10-02,7531,0,8200
2026-10-02,7532,870000,12785900
2026-10-02,7537,37400,87300
2026-10-02,7538,0,51000
2026-10-02,7539,15100,67100
2026-10-02,7544,0,226200
2026-10-02,7545,36900,103200
2026-10-02,7550,228400,144700
2026-10-02,7551,1500,420200
2026-10-02,7552,129000,211700
2026-10-02,7554,87500,58500
2026-10-02,7555,0,26100
2026-10-02,7561,1700,231900
2026-10-02,7562,0,2700
2026-10-02,7564,67100,1109400
2026-10-02,7565,0,2500
2026-10-02,7567,0,179000
2026-10-02,7570,1900,42300
2026-10-02,7571,12600,752400
2026-10-02,7575,47800,212100
2026-10-02,7578,0,1507200
2026-10-02,7581,31700,785200
2026-10-02,7585,0,27000
2026-10-02,7590,30000,336900
2026-10-02,7593,19800,573600
2026-10-02,7595,8800,202200
2026-10-02,7596,9800,10000
2026-10-02,7599,235700,1540800
2026-10-02,7600,164400,2494900
2026-10-02,7601,0,225300
2026-10-02,7602,286000,510900
2026-10-02,7603,0,5044700
2026-10-02,7604,0,27100
2026-10-02,7606,13900,213900
2026-10-02,7607,7100,40800
2026-10-02,7608,17500,480800
2026-10-02,7609,16000,383100
2026-10-02,7610,30500,4379000
2026-10-02,7611,40700,102800
2026-10-02,7613,74900,239800
2026-10-02,7614,0,122200
2026-10-02,7615,0,1592100
2026-10-02,7616,1321200,76300
2026-10-02,7619,1500,249400
2026-10-02,7621,0,8200
2026-10-02,7624,7000,2058800
2026-10-02,7625,1600,370600
2026-10-02,7628,7200,42700
2026-10-02,7630,79800,945100
2026-10-02,7634,0,19100
2026-10-02,7636,0,51000
2026-10-02,7637,4100,55600
2026-10-02,7638,300,251700
2026-10-02,7640,49800,423400
2026-10-02,7643,0,6300
2026-10-02,7646,0,78400
2026-10-02,7649,62800,745600
2026-10-02,7670,0,79400
2026-10-02,7673,0,38200
2026-10-02,7674,0,39200
2026-10-02,7677,0,2800
2026-10-02,7678,78400,27300
2026-10-02,7679,7100,180700
2026-10-02,7681,0,100100
2026-10-02,7682,0,227600
2026-10-02,7683,100,231900
2026-10-02,7685,0,1226900
2026-10-02,7686,1200,302900
2026-10-02,7687,0,126600
2026-10-02,7689,0,105400
2026-10-02,7692,0,4190500
2026-10-02,7694,0,186300
2026-10-02,7695,0,120200
2026-10-02,7698,0,3100
2026-10-02,7699,0,21700
2026-10-02,7701,11800,216000
2026-10-02,7702,4100,186300
2026-10-02,7707,233900,1842500
2026-10-02,7711,0,418400
2026-10-02,7713,0,199000
2026-10-02,7715,9800,243500
2026-10-02,7716,21100,466700
2026-10-02,7717,25400,656700
2026-10-02,7719,0,513200
2026-10-02,7721,36800,294700
2026-10-02,7722,0,243400
2026-10-02,7723,2100,71400
2026-10-02,7725,38600,273600
2026-10-02,7726,18900,147800
2026-10-02,7727,85000,483000
2026-10-02,7729,25900,88000
2026-10-02,7730,31700,332500
2026-10-02,7731,201800,298800
2026-10-02,7733,172600,593200
2026-10-02,7734,6800,16800
2026-10-02,7735,169900,880600
2026-10-02,7740,69400,705400
2026-10-02,7741,19400,234800
2026-10-02,7743,6700,18900
2026-10-02,7744,10100,824600
2026-10-02,7745,3400,74600
2026-10-02,7746,528100,2101600
2026-10-02,7747,17200,407100
2026-10-02,7749,0,13300
2026-10-02,7751,191900,1178900
2026-10-02,7752,189800,177200
2026-10-02,7760,0,369000
2026-10-02,7762,47200,304500
2026-10-02,7769,6500,54100
2026-10-02,7771,0,745600
2026-10-02,7774,190100,488100
2026-10-02,7775,0,128600
2026-10-02,7776,0,2458400
2026-10-02,7777,0,12320000
2026-10-02,7779,782500,8044300
2026-10-02,7780,23000,165200
2026-10-02,7781,0,497000
2026-10-02,7782,700,46800
2026-10-02,7791,0,36600
2026-10-02,7792,0,119100
2026-10-02,7793,0,130100
2026-10-02,7794,0,1086100
2026-10-02,7795,3300,362500
2026-10-02,7800,0,305300
2026-10-02,7803,603300,1909100
2026-10-02,7804,0,65400
2026-10-02,7805,12900,25800
2026-10-02,7806,42900,233600
2026-10-02,7807,0,113400
2026-10-02,7808,0,347100
2026-10-02,7809,0,47600
2026-10-02,7810,115400,910900
2026-10-02,7811,18400,138000
2026-10-02,7812,300,105300
2026-10-02,7813,0,64900
2026-10-02,7814,24700,34300
2026-10-02,7815,0,124700
2026-10-02,7818,90700,94300
2026-10-02,7819,21100,140800
2026-10-02,7820,38300,179400
2026-10-02,7821,7900,35600
2026-10-02,7822,600,261800
2026-10-02,7823,44500,25900
2026-10-02,7826,52300,652000
2026-10-02,7827,0,97600
2026-10-02,7831,0,1257900
2026-10-02,7832,79400,295900
2026-10-02,7833,600,70200
2026-10-02,7836,0,1549700
2026-10-02,7837,0,214700
2026-10-02,7839,10200,42900
2026-10-02,7840,23500,32400
2026-10-02,7841,0,655300
2026-10-02,7844,56800,614900
2026-10-02,7846,29100,32300
2026-10-02,7847,0,58200
2026-10-02,7849,0,108500
2026-10-02,7850,0,15600
2026-10-02,7856,101400,108000
2026-10-02,7857,0,5400
2026-10-02,7859,0,4025200
2026-10-02,7860,10000,111100
2026-10-02,7863,0,99400
2026-10-02,7864,33700,346000
2026-10-02,7865,0,64200
2026-10-02,7867,86000,240600
2026-10-02,7868,568300,12222100
2026-10-02,7871,0,93900
2026-10-02,7872,0,16100
2026-10-02,7874,16500,79900
2026-10-02,7875,0,133600
2026-10-02,7877,0,11200
2026-10-02,7878,0,50400
2026-10-02,7879,0,150200
2026-10-02,7883,300,152900
2026-10-02,7885,19600,51100
2026-10-02,7886,0,147900
2026-10-02,7887,0,103500
2026-10-02,7888,16400,440500
2026-10-02,7893,6300,30600
2026-10-02,7896,0,6100
2026-10-02,7897,41900,780700
2026-10-02,7898,300,231300
2026-10-02,7901,3300,54300
2026-10-02,7902,0,66100
2026-10-02,7906,22200,723400
2026-10-02,7908,3100,647600
2026-10-02,7911,98100,820200
2026-10-02,7912,33200,211400
2026-10-02,7914,11500,115700
2026-10-02,7915,55400,398400
2026-10-02,7916,0,105800
2026-10-02,7917,700,121000
2026-10-02,7918,0,953300
2026-10-02,7919,0,183700
2026-10-02,7921,9700,33300
2026-10-02,7927,3000,77200
2026-10-02,7928,0,49500
2026-10-02,7931,43400,15300
2026-10-02,7932,0,133700
2026-10-02,7936,363900,3735600
2026-10-02,7937,4300,32200
2026-10-02,7938,0,19600
2026-10-02,7939,0,15000
2026-10-02,7942,5600,60100
2026-10-02,7943,8100,19100
2026-10-02,7944,15000,54600
2026-10-02,7947,30200,120600
2026-10-02,7949,44400,95700
2026-10-02,7951,63200,315900
2026-10-02,7952,16900,33600
2026-10-02,7953,0,90200
2026-10-02,7955,1300,197700
2026-10-02,7956,77800,267000
2026-10-02,7957,0,120600
2026-10-02,7962,206900,35900
2026-10-02,7963,0,63000
2026-10-02,7965,1187600,115900
2026-10-02,7966,461100,1937600
2026-10-02,7970,25200,119200
2026-10-02,7971,7000,542200
2026-10-02,7972,16900,237400
2026-10-02,7974,693900,9324600
2026-10-02,7975,0,32400
2026-10-02,7976,52300,24800
2026-10-02,7979,9700,32400
2026-10-02,7980,0,251200
2026-10-02,7981,33500,78200
2026-10-02,7983,0,59200
2026-10-02,7984,23700,66900
2026-10-02,7986,0,44500
2026-10-02,7987,6600,115600
2026-10-02,7988,43900,174500
2026-10-02,7989,17100,26700
2026-10-02,7990,2100,57600
2026-10-02,7991,13100,350900
2026-10-02,7992,0,382100
2026-10-02,7994,42700,153500
2026-10-02,7995,22300,63900
2026-10-02,7997,0,45400
2026-10-02,8001,1310200,13266000
2026-10-02,8002,152100,3460500
2026-10-02,8005,9400,306700
2026-10-02,8006,0,9000
2026-10-02,8007,21100,422900
2026-10-02,8008,22000,84300
2026-10-02,8011,312900,252700
2026-10-02,8012,42600,289400
2026-10-02,8013,0,463000
2026-10-02,8014,500,25400
2026-10-02,8015,44500,550700
2026-10-02,8016,72600,887800
2026-10-02,8018,8200,217000
2026-10-02,8020,47000,289700
2026-10-02,8022,19700,35200
2026-10-02,8023,8700,234100
2026-10-02,8025,0,7600
2026-10-02,8029,9600,20600
2026-10-02,8030,100,56300
2026-10-02,8031,106300,5079400
2026-10-02,8032,6100,20400
2026-10-02,8035,699000,10842800
2026-10-02,8037,18400,20500
2026-10-02,8039,0,9000
2026-10-02,8040,0,23400
2026-10-02,8041,4900,33800
2026-10-02,8043,13200,132300
2026-10-02,8045,0,6400
2026-10-02,8046,100,254300
2026-10-02,8050,45200,100300
2026-10-02,8051,88500,63500
2026-10-02,8052,33500,13200
2026-10-02,8053,479500,5563900
2026-10-02,8056,25300,36600
2026-10-02,8057,39300,51700
2026-10-02,8058,813600,6569500
2026-10-02,8059,40300,17700
2026-10-02,8060,16200,38000
2026-10-02,8061,3100,143700
2026-10-02,8065,3200,245100
2026-10-02,8066,17400,7800
2026-10-02,8070,9800,196800
2026-10-02,8074,7300,14400
2026-10-02,8075,6300,60500
2026-10-02,8076,1100,82100
2026-10-02,8077,1500,369600
2026-10-02,8078,24000,240700
2026-10-02,8079,145800,38600
2026-10-02,8081,1000,21100
2026-10-02,8084,45800,163600
2026-10-02,8085,0,21000
2026-10-02,8086,20000,332200
2026-10-02,8088,26100,1717600
2026-10-02,8089,0,50100
2026-10-02,8091,800,185100
2026-10-02,8093,4500,104300
2026-10-02,8095,23100,371900
2026-10-02,8097,63600,74000
2026-10-02,8098,8800,35000
2026-10-02,8101,2600,37400
2026-10-02,8103,33300,476800
2026-10-02,8104,0,74600
2026-10-02,8105,0,7453200
2026-10-02,8107,0,1236600
2026-10-02,8111,67800,310900
2026-10-02,8113,125500,2463400
2026-10-02,8115,0,59900
2026-10-02,8117,36300,517900
2026-10-02,8118,5400,17700
2026-10-02,8119,0,25600
2026-10-02,8123,0,6700
2026-10-02,8125,105300,85400
2026-10-02,8127,28500,51100
2026-10-02,8129,37300,67300
2026-10-02,8130,34200,113200
2026-10-02,8131,20900,12200
2026-10-02,8132,4800,4000
2026-10-02,8133,47200,63000
2026-10-02,8135,0,270300
2026-10-02,8136,1357400,18504600
2026-10-02,8137,25200,56600
2026-10-02,8138,0,4500
2026-10-02,8139,0,1266500
2026-10-02,8141,0,9500
2026-10-02,8142,6200,70300
2026-10-02,8143,0,185400
2026-10-02,8144,0,163200
2026-10-02,8147,0,24800
2026-10-02,8150,6900,115400
2026-10-02,8151,30300,331400
2026-10-02,8152,0,59400
2026-10-02,8153,77200,29800
2026-10-02,8154,10700,77400
2026-10-02,8157,15300,87100
2026-10-02,8158,7700,56000
2026-10-02,8159,3100,23500
2026-10-02,8160,113500,56200
2026-10-02,8163,374800,60800
2026-10-02,8165,265200,1442900
2026-10-02,8166,0,705900
2026-10-02,8167,58900,21100
2026-10-02,8173,67300,32200
2026-10-02,8174,26700,72500
2026-10-02,8179,122700,141300
2026-10-02,8181,0,87300
2026-10-02,8185,135600,390900
2026-10-02,8194,81600,61200
2026-10-02,8198,200,31400
2026-10-02,8200,207500,34800
2026-10-02,8202,32000,2105300
2026-10-02,8203,2300,260900
2026-10-02,8207,1000,53600
2026-10-02,8214,23400,157300
2026-10-02,8217,83600,68000
2026-10-02,8218,16700,12400
2026-10-02,8219,53700,572500
2026-10-02,8225,0,5800
2026-10-02,8226,0,1108200
2026-10-02,8227,39500,280600
2026-10-02,8230,6900,98600
2026-10-02,8233,359100,950200
2026-10-02,8237,383500,148100
2026-10-02,8242,18200,61400
2026-10-02,8244,71500,35300
2026-10-02,8247,0,374100
2026-10-02,8252,57500,437000
2026-10-02,8253,8100,248900
2026-10-02,8254,0,139300
2026-10-02,8255,39400,15100
2026-10-02,8260,4000,425700
2026-10-02,8267,1386900,10293500
2026-10-02,8273,112600,201300
2026-10-02,8275,21300,34500
2026-10-02,8276,38300,21700
2026-10-02,8278,129100,20900
2026-10-02,8281,33700,159600
2026-10-02,8282,34800,107600
2026-10-02,8285,106000,1310800
2026-10-02,8291,6900,385900
2026-10-02,8303,161500,10340400
2026-10-02,8304,1588400,2440400
2026-10-02,8306,1361900,40443100
2026-10-02,8308,424100,2935800
2026-10-02,8309,113500,5504200
2026-10-02,8316,841600,27824400
2026-10-02,8331,586100,518700
2026-10-02,8334,101500,323500
2026-10-02,8336,4500,304700
2026-10-02,8337,26300,398200
2026-10-02,8338,326800,2665500
2026-10-02,8341,29200,587200
2026-10-02,8343,106400,712000
2026-10-02,8344,38100,107400
2026-10-02,8345,33900,510300
2026-10-02,8346,220600,612700
2026-10-02,8349,1900,110400
2026-10-02,8354,41300,406300
2026-10-02,8358,130800,804600
2026-10-02,8359,128600,378500
2026-10-02,8360,92500,3613900
2026-10-02,8361,188000,960600
2026-10-02,8362,32000,71500
2026-10-02,8364,11400,422100
2026-10-02,8365,24000,109800
2026-10-02,8366,78400,322200
2026-10-02,8367,23200,655400
2026-10-02,8368,235000,398100
2026-10-02,8370,12700,275700
2026-10-02,8377,346700,1722400
2026-10-02,8381,73200,207100
2026-10-02,8383,3900,140600
2026-10-02,8386,34000,318600
2026-10-02,8387,68100,504500
2026-10-02,8388,171400,1447000
2026-10-02,8392,19600,722400
2026-10-02,8393,34800,913100
2026-10-02,8395,3100,462300
2026-10-02,8399,17300,255100
2026-10-02,8410,5586300,3566800
2026-10-02,8411,650700,7502300
2026-10-02,8416,12700,330900
2026-10-02,8418,29000,294400
2026-10-02,8421,45,277
2026-10-02,8424,4800,137700
2026-10-02,8425,14600,567400
2026-10-02,8439,17200,341600
2026-10-02,8473,63400,6373900
2026-10-02,8508,160300,6989200
2026-10-02,8511,54400,323900
2026-10-02,8518,0,1556000
2026-10-02,8522,7500,94000
2026-10-02,8524,115300,1163600
2026-10-02,8537,6500,177200
2026-10-02,8541,27000,213200
2026-10-02,8542,6100,176500
2026-10-02,8544,37900,407000
2026-10-02,8550,112600,1486300
2026-10-02,8551,62900,991800
2026-10-02,8558,46000,222200
2026-10-02,8562,437600,834900
2026-10-02,8563,13300,774400
2026-10-02,8566,14700,18300
2026-10-02,8570,10600,1273300
2026-10-02,8572,33600,3446100
2026-10-02,8584,11000,288100
2026-10-02,8585,46100,2209800
2026-10-02,8591,81600,2148400
2026-10-02,8593,80800,3659700
2026-10-02,8595,94300,497900
2026-10-02,8596,1200,230600
2026-10-02,8600,18400,1672700
2026-10-02,8601,108200,2789400
2026-10-02,8604,475400,10575100
2026-10-02,8609,50400,569000
2026-10-02,8613,146200,349100
2026-10-02,8614,382100,1429400
2026-10-02,8616,52500,525900
2026-10-02,8617,5300,467500
2026-10-02,8622,37600,457300
2026-10-02,8624,11800,151000
2026-10-02,8628,258200,759000
2026-10-02,8630,30000,570000
2026-10-02,8697,419300,362100
2026-10-02,8698,1693900,4854300
2026-10-02,8699,2900,9122600
2026-10-02,8700,0,70800
2026-10-02,8704,15500,458100
2026-10-02,8705,123000,969400
2026-10-02,8706,38500,319700
2026-10-02,8707,33000,197300
2026-10-02,8708,62100,333900
2026-10-02,8713,13300,194300
2026-10-02,8714,144900,5063200
2026-10-02,8715,66500,518100
2026-10-02,8725,64900,1955200
2026-10-02,8729,7066300,86015800
2026-10-02,8737,0,618900
2026-10-02,8739,158700,98500
2026-10-02,8742,36000,266000
2026-10-02,8746,14400,1568000
2026-10-02,8747,0,191100
2026-10-02,8750,200800,2688100
2026-10-02,8766,1649000,49746400
2026-10-02,8769,5600,480800
2026-10-02,8771,34600,594600
2026-10-02,8772,0,69100
2026-10-02,8783,0,2618400
2026-10-02,8789,355400,4135500
2026-10-02,8793,1800,32700
2026-10-02,8795,115500,274500
2026-10-02,8798,0,884000
2026-10-02,8801,1212400,3432800
2026-10-02,8802,454700,1024700
2026-10-02,8803,32200,139600
2026-10-02,8804,78700,146700
2026-10-02,8818,405500,279700
2026-10-02,8830,366000,1568200
2026-10-02,8835,34300,222700
2026-10-02,8836,0,725600
2026-10-02,8841,209300,203800
2026-10-02,8844,2600,688200
2026-10-02,8848,112500,1750900
2026-10-02,8850,5000,24400
2026-10-02,8860,11200,278900
2026-10-02,8864,6000,236400
2026-10-02,8869,69100,401900
2026-10-02,8871,12100,160500
2026-10-02,8876,27100,47200
2026-10-02,8877,3400,93400
2026-10-02,8881,14600,883800
2026-10-02,8887,44100,1577800
2026-10-02,8891,0,106000
2026-10-02,8892,32600,298400
2026-10-02,8894,0,5305400
2026-10-02,8897,157400,1099100
2026-10-02,8898,0,62500
2026-10-02,8904,0,166400
2026-10-02,8908,600,119300
2026-10-02,8912,152400,347600
2026-10-02,8914,32700,1002700
2026-10-02,8917,68100,638200
2026-10-02,8918,5000,68330000
2026-10-02,8919,32900,48200
2026-10-02,8920,8500,459600
2026-10-02,8923,30400,146300
2026-10-02,8927,140900,561900
2026-10-02,8928,19700,55400
2026-10-02,8929,0,138200
2026-10-02,8931,8700,294900
2026-10-02,8934,10300,707000
2026-10-02,8935,28700,92300
2026-10-02,8938,0,1456300
2026-10-02,8944,0,1136200
2026-10-02,8945,0,28300
2026-10-02,8946,0,1887600
2026-10-02,8951,736,2867
2026-10-02,8952,289,4818
2026-10-02,8953,82,16388
2026-10-02,8954,41,1765
2026-10-02,8955,46,2098
2026-10-02,8956,15,1498
2026-10-02,8957,165,529
2026-10-02,8958,475,5127
2026-10-02,8960,53,3539
2026-10-02,8961,439,1951
2026-10-02,8963,151,50523
2026-10-02,8964,36,6487
2026-10-02,8966,32,17399
2026-10-02,8967,30,1509
2026-10-02,8968,24,556
2026-10-02,8972,73,5224
2026-10-02,8975,264,3588
2026-10-02,8976,5,540
2026-10-02,8977,103,1135
2026-10-02,8979,44,828
2026-10-02,8984,77,5550
2026-10-02,8985,663,43914
2026-10-02,8986,265,3720
2026-10-02,8987,138,868
2026-10-02,8995,0,138300
2026-10-02,8996,3500,52300
2026-10-02,8999,12600,361600
2026-10-02,9001,14600,376300
2026-10-02,9003,31900,156000
2026-10-02,9005,63800,1738600
2026-10-02,9006,105900,171600
2026-10-02,9007,139400,378400
2026-10-02,9008,30400,1988700
2026-10-02,9009,95900,388500
2026-10-02,9010,114400,43800
2026-10-02,9012,0,1600
2026-10-02,9017,0,6800
2026-10-02,9020,58800,1078000
2026-10-02,9021,59000,1334600
2026-10-02,9022,367500,774200
2026-10-02,9023,169900,1237500
2026-10-02,9024,367700,213300
2026-10-02,9025,200,26000
2026-10-02,9028,700,38300
2026-10-02,9029,0,77700
2026-10-02,9031,8100,97500
2026-10-02,9033,0,51200
2026-10-02,9034,0,42500
2026-10-02,9036,0,162200
2026-10-02,9037,5700,148700
2026-10-02,9039,36800,8200
2026-10-02,9041,61800,858000
2026-10-02,9042,48500,321100
2026-10-02,9044,66500,49700
2026-10-02,9045,37800,344100
2026-10-02,9046,39600,20400
2026-10-02,9048,22500,344400
2026-10-02,9049,0,1200
2026-10-02,9051,0,1300
2026-10-02,9052,36600,47000
2026-10-02,9057,0,34900
2026-10-02,9059,200,70000
2026-10-02,9060,0,3500
2026-10-02,9063,0,72600
2026-10-02,9064,55700,178000
2026-10-02,9065,10800,280700
2026-10-02,9068,8900,46000
2026-10-02,9069,35500,56500
2026-10-02,9072,34300,219600
2026-10-02,9073,0,4400
2026-10-02,9074,300,42000
2026-10-02,9075,8500,23500
2026-10-02,9076,16600,83400
2026-10-02,9081,7400,3700
2026-10-02,9082,0,22500
2026-10-02,9083,0,3600
2026-10-02,9087,0,4700
2026-10-02,9090,233800,328100
2026-10-02,9101,617900,1232300
2026-10-02,9104,355800,1161100
2026-10-02,9107,801800,1751900
2026-10-02,9110,4100,17400
2026-10-02,9115,0,1986200
2026-10-02,9119,89200,124200
2026-10-02,9127,0,31000
2026-10-02,9130,126400,305400
2026-10-02,9142,48600,700000
2026-10-02,9143,117300,798700
2026-10-02,9145,800,2527000
2026-10-02,9147,25100,63300
2026-10-02,9158,87200,651300
2026-10-02,9159,0,307700
2026-10-02,9160,11100,560700
2026-10-02,9162,0,1144200
2026-10-02,9163,0,380200
2026-10-02,9165,0,84600
2026-10-02,9166,406500,5877900
2026-10-02,9168,0,1139800
2026-10-02,9171,0,559000
2026-10-02,9173,100,5400
2026-10-02,9193,0,96200
2026-10-02,9201,146500,1104000
2026-10-02,9202,156300,753500
2026-10-02,9204,0,3044600
2026-10-02,9206,0,36000
2026-10-02,9211,0,699400
2026-10-02,9212,0,975700
2026-10-02,9213,0,198900
2026-10-02,9214,0,13900
2026-10-02,9215,0,30000
2026-10-02,9216,27900,167500
2026-10-02,9218,29900,154700
2026-10-02,9219,3500,76300
2026-10-02,9220,0,66400
2026-10-02,9221,0,45700
2026-10-02,9225,0,7900
2026-10-02,9227,606100,1095300
2026-10-02,9229,0,2177400
2026-10-02,9233,14600,66000
2026-10-02,9235,0,588400
2026-10-02,9236,0,53900
2026-10-02,9237,0,208900
2026-10-02,9238,0,89400
2026-10-02,9240,0,162300
2026-10-02,9241,0,15500
2026-10-02,9242,0,33500
2026-10-02,9244,0,37400
2026-10-02,9245,0,87700
2026-10-02,9246,0,25700
2026-10-02,9247,13300,222100
2026-10-02,9248,2100,147300
2026-10-02,9249,0,13400
2026-10-02,9250,0,90900
2026-10-02,9251,600,102400
2026-10-02,9252,0,180200
2026-10-02,9253,0,46500
2026-10-02,9254,0,48600
2026-10-02,9256,0,260300
2026-10-02,9257,0,3932800
2026-10-02,9258,0,326600
2026-10-02,9259,0,284600
2026-10-02,9262,3100,198900
2026-10-02,9264,5600,112400
2026-10-02,9265,0,387700
2026-10-02,9267,12400,82500
2026-10-02,9268,12300,4228700
2026-10-02,9270,7300,423800
2026-10-02,9271,0,284800
2026-10-02,9272,0,572200
2026-10-02,9273,10100,177200
2026-10-02,9274,68500,97700
2026-10-02,9278,166000,73500
2026-10-02,9279,40500,440500
2026-10-02,9282,0,6779
2026-10-02,9284,5,12082
2026-10-02,9285,0,6507
2026-10-02,9286,37,33258
2026-10-02,9301,120300,185200
2026-10-02,9302,32400,53000
2026-10-02,9303,13600,21700
2026-10-02,9304,191500,156400
2026-10-02,9305,119100,62700
2026-10-02,9306,400,301800
2026-10-02,9307,10400,121100
2026-10-02,9308,39600,93300
2026-10-02,9310,7800,25700
2026-10-02,9311,0,5800
2026-10-02,9312,900,75900
2026-10-02,9313,0,62400
2026-10-02,9319,53400,887300
2026-10-02,9322,0,20800
2026-10-02,9324,9400,42900
2026-10-02,9325,0,180500
2026-10-02,9326,0,145600
2026-10-02,9327,0,1239300
2026-10-02,9330,0,19800
2026-10-02,9331,0,50500
2026-10-02,9332,63800,250300
2026-10-02,9336,20000,62700
2026-10-02,9337,0,433500
2026-10-02,9339,0,23900
2026-10-02,9340,0,365400
2026-10-02,9341,0,572900
2026-10-02,9342,0,79100
2026-10-02,9343,0,1658000
2026-10-02,9344,0,198100
2026-10-02,9345,0,103700
2026-10-02,9346,0,81200
2026-10-02,9347,14300,13800
2026-10-02,9348,8000,5241600
2026-10-02,9351,200,25800
2026-10-02,9353,0,17700
2026-10-02,9355,0,5500
2026-10-02,9360,0,47000
2026-10-02,9361,0,8900
2026-10-02,9362,0,1600
2026-10-02,9363,0,171000
2026-10-02,9364,4200,58800
2026-10-02,9365,0,12700
2026-10-02,9366,3900,96200
2026-10-02,9367,0,2400
2026-10-02,9368,4400,30700
2026-10-02,9369,2700,75600
2026-10-02,9376,300,24500
2026-10-02,9380,4400,45500
2026-10-02,9381,300,35700
2026-10-02,9385,2300,84400
2026-10-02,9401,12000,70100
2026-10-02,9404,37700,145100
2026-10-02,9405,22100,78800
2026-10-02,9408,0,6600
2026-10-02,9409,16100,467600
2026-10-02,9412,567700,4320700
2026-10-02,9413,2700,80000
2026-10-02,9414,14500,666600
2026-10-02,9416,140900,2811700
2026-10-02,9417,101700,178800
2026-10-02,9418,100500,4736600
2026-10-02,9419,0,209900
2026-10-02,9421,0,18500
2026-10-02,9423,5500,312800
2026-10-02,9424,1203000,9335400
2026-10-02,9425,4000,3401000
2026-10-02,9428,100,18200
2026-10-02,9432,15799300,91499700
2026-10-02,9433,821400,1090700
2026-10-02,9434,3356200,24571300
2026-10-02,9435,2900,424600
2026-10-02,9436,21900,187900
2026-10-02,9438,53400,80700
2026-10-02,9439,0,166700
2026-10-02,9441,200,24100
2026-10-02,9444,0,97500
2026-10-02,9445,100,41900
2026-10-02,9446,0,248900
2026-10-02,9449,30000,89300
2026-10-02,9450,10700,393500
2026-10-02,9466,2000,170900
2026-10-02,9467,500,312600
2026-10-02,9468,212200,59900
2026-10-02,9470,17600,118400
2026-10-02,9474,67700,306000
2026-10-02,9475,0,5700
2026-10-02,9476,0,45400
2026-10-02,9478,0,1742400
2026-10-02,9501,1408400,80221500
2026-10-02,9502,206400,772600
2026-10-02,9503,174500,1054400
2026-10-02,9504,112100,2308300
2026-10-02,9505,61000,1179200
2026-10-02,9506,86800,4299200
2026-10-02,9507,99800,264100
2026-10-02,9509,2688700,4243600
2026-10-02,9511,42500,347000
2026-10-02,9513,35100,829900
2026-10-02,9514,0,737700
2026-10-02,9517,69500,805600
2026-10-02,9519,433700,2401700
2026-10-02,9531,18500,126200
2026-10-02,9532,52900,208100
2026-10-02,9533,65100,52000
2026-10-02,9534,19100,96800
2026-10-02,9535,50100,79900
2026-10-02,9536,25800,25500
2026-10-02,9537,0,2800
2026-10-02,9539,8600,555700
2026-10-02,9543,44200,57800
2026-10-02,9551,3900,87400
2026-10-02,9552,54800,753700
2026-10-02,9553,170000,1020900
2026-10-02,9554,0,167800
2026-10-02,9556,0,158000
2026-10-02,9557,0,447500
2026-10-02,9558,0,72500
2026-10-02,9560,57100,528500
2026-10-02,9561,0,321700
2026-10-02,9562,0,45800
2026-10-02,9563,0,311400
2026-10-02,9564,0,404000
2026-10-02,9565,0,84500
2026-10-02,9601,47900,34600
2026-10-02,9602,113400,867700
2026-10-02,9603,148500,1411400
2026-10-02,9605,17400,7000
2026-10-02,9610,0,983100
2026-10-02,9612,100,192300
2026-10-02,9616,88500,522500
2026-10-02,9619,4500,55700
2026-10-02,9621,39400,51100
2026-10-02,9622,14900,92200
2026-10-02,9625,0,257700
2026-10-02,9627,14100,78600
2026-10-02,9628,26100,285200
2026-10-02,9629,13000,32700
2026-10-02,9632,26900,196300
2026-10-02,9633,7000,126400
2026-10-02,9635,0,4400
2026-10-02,9636,0,5100
2026-10-02,9639,0,242600
2026-10-02,9640,0,62400
2026-10-02,9644,42500,107400
2026-10-02,9647,0,17800
2026-10-02,9651,0,75500
2026-10-02,9656,0,21500
2026-10-02,9658,1200,206900
2026-10-02,9661,0,29500
2026-10-02,9663,73100,60600
2026-10-02,9672,9800,101000
2026-10-02,9678,18000,61100
2026-10-02,9679,0,5400
2026-10-02,9682,52000,86200
2026-10-02,9684,144200,279400
2026-10-02,9685,0,83400
2026-10-02,9686,0,33200
2026-10-02,9687,12200,33600
2026-10-02,9691,0,1100
2026-10-02,9692,16200,110400
2026-10-02,9697,248500,529100
2026-10-02,9698,0,139300
2026-10-02,9699,19100,38400
2026-10-02,9701,0,2400
2026-10-02,9702,20600,270200
2026-10-02,9704,0,7298600
2026-10-02,9706,193900,93700
2026-10-02,9708,6900,199900
2026-10-02,9709,0,86100
2026-10-02,9713,0,54800
2026-10-02,9715,20700,17400
2026-10-02,9716,37200,274900
2026-10-02,9720,0,1700
2026-10-02,9722,214200,100200
2026-10-02,9723,0,19000
2026-10-02,9726,200,38900
2026-10-02,9729,2300,15400
2026-10-02,9731,0,24700
2026-10-02,9733,0,91800
2026-10-02,9735,13200,55700
2026-10-02,9739,0,108600
2026-10-02,9740,400,46800
2026-10-02,9742,24300,15900
2026-10-02,9743,42500,484600
2026-10-02,9744,44800,232900
2026-10-02,9746,3400,15800
2026-10-02,9753,0,316600
2026-10-02,9755,12200,125600
2026-10-02,9757,140800,250100
2026-10-02,9759,46100,82200
2026-10-02,9760,53600,490900
2026-10-02,9761,0,49000
2026-10-02,9763,2100,111500
2026-10-02,9765,3500,67800
2026-10-02,9766,104100,46700
2026-10-02,9767,0,24400
2026-10-02,9768,0,123800
2026-10-02,9769,200,69300
2026-10-02,9778,0,2600
2026-10-02,9780,0,39600
2026-10-02,9782,0,146300
2026-10-02,9788,10400,152400
2026-10-02,9790,3900,26300
2026-10-02,9791,0,276100
2026-10-02,9793,2700,53500
2026-10-02,9795,2900,29900
2026-10-02,9799,0,98400
2026-10-02,9812,0,162500
2026-10-02,9816,0,555300
2026-10-02,9818,0,4200
2026-10-02,9820,0,14600
2026-10-02,9823,0,582300
2026-10-02,9824,42300,29700
2026-10-02,9827,0,133300
2026-10-02,9828,15200,127400
2026-10-02,9830,5900,94000
2026-10-02,9831,299500,927700
2026-10-02,9832,38200,100700
2026-10-02,9835,600,11100
2026-10-02,9837,2700,84200
2026-10-02,9842,24700,177700
2026-10-02,9843,362200,1049600
2026-10-02,9845,0,61100
2026-10-02,9846,0,62200
2026-10-02,9849,0,400
2026-10-02,9850,130300,32300
2026-10-02,9853,0,31000
2026-10-02,9854,0,503800
2026-10-02,9856,300,207300
2026-10-02,9857,0,23700
2026-10-02,9861,212200,79700
2026-10-02,9867,0,7500
2026-10-02,9869,7700,1800
2026-10-02,9872,9200,56500
2026-10-02,9876,0,479300
2026-10-02,9878,0,108500
2026-10-02,9880,700,383000
2026-10-02,9882,30600,86400
2026-10-02,9885,0,237300
2026-10-02,9887,47900,56700
2026-10-02,9888,0,509500
2026-10-02,9889,34100,127500
2026-10-02,9890,0,165200
2026-10-02,9895,0,13400
2026-10-02,9896,2400,215500
2026-10-02,9900,515600,34900
2026-10-02,9902,10100,48300
2026-10-02,9903,200,28400
2026-10-02,9904,0,96600
2026-10-02,9906,0,26000
2026-10-02,9908,0,48800
2026-10-02,9913,23300,395900
2026-10-02,9928,6300,20200
2026-10-02,9929,0,6800
2026-10-02,9930,1100,691500
2026-10-02,9932,4400,76400
2026-10-02,9934,7900,72200
2026-10-02,9936,123200,63500
2026-10-02,9941,0,275100
2026-10-02,9946,153400,41800
2026-10-02,9948,20300,15900
2026-10-02,9950,0,3300
2026-10-02,9955,0,5400
2026-10-02,9956,11200,228700
2026-10-02,9959,2500,164100
2026-10-02,9960,9400,41200
2026-10-02,9962,25200,51900
2026-10-02,9969,2600,84400
2026-10-02,9972,1200,2761300
2026-10-02,9973,0,7046100
2026-10-02,9974,3500,18800
2026-10-02,9976,0,11800
2026-10-02,9978,0,2258100
2026-10-02,9979,104400,92100
2026-10-02,9980,0,1820100
2026-10-02,9982,0,41600
2026-10-02,9983,162200,444700
2026-10-02,9984,4440900,31735100
2026-10-02,9986,0,7200
2026-10-02,9987,35300,29700
2026-10-02,9989,3500,230300
2026-10-02,9990,47500,194600
2026-10-02,9991,600,90700
2026-10-02,9993,0,9300
2026-10-02,9994,2700,240500
2026-10-02,9996,500,2300
2026-10-02,9997,24600,318100
2026-10-05,1301,9500,161300
2026-10-05,1305,8440,45460
2026-10-05,1306,2583950,10323970
2026-10-05,1308,52297,58469
2026-10-05,1309,0,1518
2026-10-05,130A,0,272700
2026-10-05,1311,3323,14897
2026-10-05,1319,0,6000
2026-10-05,1320,9766,12210
2026-10-05,1321,9580580,14937020
2026-10-05,1322,0,24781
2026-10-05,1325,30630,153330
2026-10-05,1328,3870,155227
2026-10-05,1329,46660,227990
2026-10-05,1330,8482,7367
2026-10-05,1332,59100,737700
2026-10-05,1333,11700,293200
2026-10-05,133A,6044,117075
2026-10-05,1343,70310,1447500
2026-10-05,1345,349,135750
2026-10-05,1346,2762,6797
2026-10-05,1348,706,20397
2026-10-05,1356,1135780,2517110
2026-10-05,1357,1310875,5734851
2026-10-05,1358,2685,8620
2026-10-05,135A,62800,256400
2026-10-05,1360,9471950,46567170
2026-10-05,1364,1,5334
2026-10-05,1365,32477,220239
2026-10-05,1366,5613,2607675
2026-10-05,1367,3402,110906
2026-10-05,1368,24781,75895
2026-10-05,1369,28,651
2026-10-05,1375,17900,63300
2026-10-05,1376,0,39300
2026-10-05,1377,25000,49600
2026-10-05,1379,5600,23900
2026-10-05,137A,0,102200
2026-10-05,1380,0,5300
2026-10-05,1381,0,54800
2026-10-05,1382,0,6400
2026-10-05,1383,0,11000
2026-10-05,1384,0,123200
2026-10-05,138A,0,67400
2026-10-05,1397,34,25
2026-10-05,1398,200,6960
2026-10-05,1399,30,1154
2026-10-05,1401,0,83300
2026-10-05,1407,12600,755600
2026-10-05,140A,0,294
2026-10-05,1414,209400,848300
2026-10-05,1417,12800,109000
2026-10-05,1418,22700,619200
2026-10-05,1419,662100,196800
2026-10-05,141A,486100,1021300
2026-10-05,1420,9800,113300
2026-10-05,1429,35100,506100
2026-10-05,142A,0,239900
2026-10-05,1430,900,339500
2026-10-05,1431,148000,88800
2026-10-05,1433,107500,248800
2026-10-05,1434,11500,379500
2026-10-05,1435,7200,4146300
2026-10-05,1436,0,277500
2026-10-05,1438,0,47000
2026-10-05,143A,0,106600
2026-10-05,1443,0,935700
2026-10-05,1444,0,24500
2026-10-05,1446,19500,42400
2026-10-05,1447,0,1700100
2026-10-05,1450,0,66500
2026-10-05,1456,1332,43690
2026-10-05,1457,68,32949
2026-10-05,1458,15802,52063
2026-10-05,1459,430779,7998621
2026-10-05,145A,0,265500
2026-10-05,1466,0,1918
2026-10-05,1469,0,32940
2026-10-05,146A,0,534300
2026-10-05,1472,0,22554
2026-10-05,1473,2010,6150
2026-10-05,1474,1,11
2026-10-05,1475,25880,1660030
2026-10-05,1476,530,105233
2026-10-05,1477,0,555
2026-10-05,1478,530,14735
2026-10-05,1479,0,14
2026-10-05,147A,125100,636200
2026-10-05,1480,0,0
2026-10-05,1481,0,16
2026-10-05,1482,550,47299
2026-10-05,1483,0,0
2026-10-05,1484,0,310
2026-10-05,1485,0,0
2026-10-05,1486,32,3744
2026-10-05,1487,0,2545
2026-10-05,1488,115,43927
2026-10-05,1489,126960,502317
2026-10-05,148A,0,101100
2026-10-05,1490,0,4
2026-10-05,1491,0,84900
2026-10-05,1493,0,60
2026-10-05,1494,33,2196
2026-10-05,1495,0,925
2026-10-05,1496,8,2860
2026-10-05,1497,68,44725
2026-10-05,1498,0,242
2026-10-05,1499,0,17
2026-10-05,149A,0,125500
2026-10-05,150A,0,778600
2026-10-05,1514,649500,1576600
2026-10-05,1515,78500,893400
2026-10-05,1518,137100,486700
2026-10-05,151A,0,174000
2026-10-05,153A,36100,215100
2026-10-05,1540,16252,1100662
2026-10-05,1541,3677,197772
2026-10-05,1542,3249,411294
2026-10-05,1543,0,2712
2026-10-05,1545,2043650,23285180
2026-10-05,1546,247,3457
2026-10-05,1547,1776,122880
2026-10-05,1550,180,33914
2026-10-05,1551,0,1160
2026-10-05,1554,181,7757
2026-10-05,1555,166,1783
2026-10-05,1559,93,1171
2026-10-05,155A,5200,549400
2026-10-05,1560,0,2003
2026-10-05,1563,3331,26923
2026-10-05,1566,154,2101
2026-10-05,1568,405940,2621010
2026-10-05,1569,5670,677360
2026-10-05,156A,2400,573800
2026-10-05,1570,358881,1285731
2026-10-05,1571,12644,2329085
2026-10-05,1572,0,23320
2026-10-05,1573,140,4850
2026-10-05,1577,3109,3812
2026-10-05,1578,499,4209
2026-10-05,1579,1280100,7742720
2026-10-05,157A,0,383800
2026-10-05,1580,8290,1541870
2026-10-05,1585,0,40
2026-10-05,1586,0,360
2026-10-05,1591,4138,293
2026-10-05,1592,10,238
2026-10-05,1593,3,56
2026-10-05,1595,9,749692
2026-10-05,1596,0,25
2026-10-05,1597,408,253644
2026-10-05,1599,0,5
2026-10-05,159A,0,6620
2026-10-05,1605,148800,3393900
2026-10-05,160A,0,137100
2026-10-05,1615,82420,2904910
2026-10-05,1617,22,761
2026-10-05,1618,4,1571
2026-10-05,1619,52,903
2026-10-05,1620,98,555
2026-10-05,1621,23,1028
2026-10-05,1622,49,1733
2026-10-05,1623,34,9075
2026-10-05,1624,56,265
2026-10-05,1625,141,1100
2026-10-05,1626,26,557
2026-10-05,1627,7,4002
2026-10-05,1628,27,352
2026-10-05,1629,3620,888270
2026-10-05,162A,0,321
2026-10-05,1630,4,1493
2026-10-05,1631,194,6971
2026-10-05,1632,72,2536
2026-10-05,1633,266,491
2026-10-05,163A,0,7504
2026-10-05,1651,0,45954
2026-10-05,1652,0,20
2026-10-05,1653,0,60
2026-10-05,1654,0,0
2026-10-05,1655,117650,6381800
2026-10-05,1656,860,128820
2026-10-05,1657,0,6924
2026-10-05,1658,81,18873
2026-10-05,1659,103,8381
2026-10-05,1660,28,2826
2026-10-05,1662,32600,1014500
2026-10-05,1663,42400,457800
2026-10-05,166A,143300,2138800
2026-10-05,1671,353926,394972
2026-10-05,1677,0,290
2026-10-05,1678,66570,3524090
2026-10-05,1679,0,340
2026-10-05,167A,19500,137700
2026-10-05,1680,25,4010
2026-10-05,1681,175,26344
2026-10-05,168A,0,45100
2026-10-05,1698,50,11719
2026-10-05,1699,874320,584810
2026-10-05,170A,0,48
2026-10-05,1711,0,424000
2026-10-05,1716,7600,623400
2026-10-05,1717,0,124000
2026-10-05,1718,0,245000
2026-10-05,1719,62200,608000
2026-10-05,1720,25600,154600
2026-10-05,1721,37100,43700
2026-10-05,1723,120600,345400
2026-10-05,1724,0,173800
2026-10-05,1736,0,34600
2026-10-05,173A,0,42300
2026-10-05,1758,0,91500
2026-10-05,175A,0,158200
2026-10-05,1762,12400,30500
2026-10-05,1764,0,20900
2026-10-05,1766,8900,29400
2026-10-05,1768,1500,79800
2026-10-05,1770,0,111700
2026-10-05,177A,0,223100
2026-10-05,1780,47900,61000
2026-10-05,1783,0,3957200
2026-10-05,1786,63000,610600
2026-10-05,1787,0,6200
2026-10-05,1788,0,5100
2026-10-05,178A,1,22903
2026-10-05,1793,0,63600
2026-10-05,1795,0,400
2026-10-05,1798,0,609500
2026-10-05,1799,17000,86700
2026-10-05,179A,0,186000
2026-10-05,1801,32600,472200
2026-10-05,1802,83400,786200
2026-10-05,1803,76200,3223100
2026-10-05,1807,100,21400
2026-10-05,1808,54400,272500
2026-10-05,180A,0,104970
2026-10-05,1810,6200,250300
2026-10-05,1811,3700,133600
2026-10-05,1812,35900,1280500
2026-10-05,1813,26500,107700
2026-10-05,1814,2200,321700
2026-10-05,1815,81000,349100
2026-10-05,181A,0,0
2026-10-05,1820,6000,187200
2026-10-05,1822,146300,269500
2026-10-05,1826,19100,148000
2026-10-05,1827,27900,946700
2026-10-05,1828,0,71900
2026-10-05,182A,0,7700
2026-10-05,1833,21400,217400
2026-10-05,1835,6600,99400
2026-10-05,183A,0,1040
2026-10-05,1840,0,242500
2026-10-05,1844,0,575400
2026-10-05,1847,900,335900
2026-10-05,1848,29300,58100
2026-10-05,184A,0,154300
2026-10-05,1850,0,694600
2026-10-05,1852,89000,845400
2026-10-05,1853,0,611400
2026-10-05,1860,53400,149000
2026-10-05,1861,42300,940000
2026-10-05,1866,500,254200
2026-10-05,1867,1800,43500
2026-10-05,186A,3423900,6846700
2026-10-05,1870,17700,184500
2026-10-05,1871,6900,245800
2026-10-05,1873,16800,234800
2026-10-05,1878,77900,730400
2026-10-05,1879,17900,564500
2026-10-05,1882,77200,486100
2026-10-05,1885,27100,609800
2026-10-05,1887,41100,1182800
2026-10-05,1888,2600,61300
2026-10-05,188A,0,28831
2026-10-05,1893,40400,1740300
2026-10-05,1897,0,12800
2026-10-05,1898,22200,312400
2026-10-05,1899,11400,63000
2026-10-05,189A,0,187300
2026-10-05,1904,40400,276300
2026-10-05,1905,0,68600
2026-10-05,190A,0,4119500
2026-10-05,1911,121800,4640500
2026-10-05,1914,27500,155900
2026-10-05,1921,25400,2100100
2026-10-05,1925,97100,1307500
2026-10-05,1926,53200,484800
2026-10-05,1928,558500,918000
2026-10-05,1929,24000,192600
2026-10-05,192A,0,97500
2026-10-05,1930,2600,246600
2026-10-05,1934,4500,151500
2026-10-05,1938,0,140800
2026-10-05,1939,18500,111000
2026-10-05,1941,16100,24800
2026-10-05,1942,66600,446800
2026-10-05,1944,10900,272100
2026-10-05,1945,14500,334900
2026-10-05,1946,1300,100100
2026-10-05,194A,0,148800
2026-10-05,1950,22700,72600
2026-10-05,1951,9600,136000
2026-10-05,1952,3700,184100
2026-10-05,1959,10200,82900
2026-10-05,195A,0,271400
2026-10-05,1960,0,377900
2026-10-05,1961,51400,173600
2026-10-05,1963,65700,1342300
2026-10-05,1964,1400,69600
2026-10-05,1965,29600,219100
2026-10-05,1966,5200,100500
2026-10-05,1967,29400,90200
2026-10-05,1968,9300,158800
2026-10-05,1969,35600,272000
2026-10-05,196A,0,651900
2026-10-05,1972,1500,438300
2026-10-05,1975,2100,82200
2026-10-05,1976,39300,68300
2026-10-05,1979,5800,51900
2026-10-05,197A,145800,1589500
2026-10-05,1980,27800,497100
2026-10-05,1981,0,22700
2026-10-05,1982,15300,108500
2026-10-05,198A,0,1180800
2026-10-05,1992,0,500
2026-10-05,1994,0,130600
2026-10-05,1997,0,13700
2026-10-05,2001,18100,53900
2026-10-05,2002,61600,111600
2026-10-05,2003,11100,31000
2026-10-05,2004,6500,128200
2026-10-05,2009,0,84700
2026-10-05,200A,109533,2432367
2026-10-05,2011,0,1300
2026-10-05,2012,0,108360
2026-10-05,2013,2720,445610
2026-10-05,2014,40,248560
2026-10-05,2015,0,231
2026-10-05,2016,55,33600
2026-10-05,2017,160,42872
2026-10-05,2018,0,26
2026-10-05,2019,0,5845
2026-10-05,201A,45490,348360
2026-10-05,2031,0,6973
2026-10-05,2032,0,1426
2026-10-05,2033,0,12475
2026-10-05,2034,0,36421
2026-10-05,2036,0,39149
2026-10-05,2037,0,16102
2026-10-05,2038,0,115507
2026-10-05,2039,0,3006741
2026-10-05,2040,0,2500
2026-10-05,2041,0,39820
2026-10-05,2042,0,1701
2026-10-05,2043,0,21
2026-10-05,2044,0,4429
2026-10-05,2045,0,0
2026-10-05,2046,0,13862
2026-10-05,2047,0,2016
2026-10-05,2048,0,40
2026-10-05,2050,0,70
2026-10-05,2053,17300,130500
2026-10-05,2055,400,1385600
2026-10-05,205A,0,195100
2026-10-05,2060,19800,346400
2026-10-05,2065,0,0
2026-10-05,2066,0,0
2026-10-05,2067,0,1
2026-10-05,2068,0,0
2026-10-05,2069,0,1
2026-10-05,206A,0,1012500
2026-10-05,2070,0,0
2026-10-05,2071,0,41
2026-10-05,2072,0,35
2026-10-05,2073,0,2
2026-10-05,2080,4100,156815
2026-10-05,2081,12,2349
2026-10-05,2082,6,38
2026-10-05,2083,20,15716
2026-10-05,2084,1107,11257
2026-10-05,2085,610,39730
2026-10-05,2086,0,0
2026-10-05,2087,0,0
2026-10-05,2088,0,346
2026-10-05,2089,0,116
2026-10-05,208A,0,98800
2026-10-05,2090,0,10
2026-10-05,2091,0,0
2026-10-05,2092,0,0
2026-10-05,2093,0,1720
2026-10-05,2094,0,4896
2026-10-05,2095,0,2914
2026-10-05,2096,0,15434
2026-10-05,2097,0,22352
2026-10-05,2098,0,30386
2026-10-05,2108,95700,1360300
2026-10-05,2109,15600,17600
2026-10-05,210A,11,329669
2026-10-05,2112,1700,474400
2026-10-05,2114,23500,22200
2026-10-05,2117,5300,20400
2026-10-05,211A,0,63100
2026-10-05,2120,333700,3165300
2026-10-05,2121,36000,194000
2026-10-05,2122,0,44800
2026-10-05,2124,32200,114500
2026-10-05,2127,1186000,3622500
2026-10-05,212A,100700,633600
2026-10-05,2130,89400,382800
2026-10-05,2134,0,10617100
2026-10-05,2136,0,69100
2026-10-05,2138,100500,1240200
2026-10-05,2139,900,70400
2026-10-05,213A,81030,1282250
2026-10-05,2146,1141600,2234800
2026-10-05,2148,0,156500
2026-10-05,2152,0,24300
2026-10-05,2153,100,204100
2026-10-05,2154,26000,46500
2026-10-05,2156,0,168100
2026-10-05,2157,33000,967800
2026-10-05,2158,0,1776400
2026-10-05,215A,189000,4777700
2026-10-05,2160,722200,8477400
2026-10-05,2163,0,185800
2026-10-05,2164,0,128400
2026-10-05,2168,44600,421700
2026-10-05,2169,1000,16200
2026-10-05,2170,1059000,590500
2026-10-05,2173,8500,188500
2026-10-05,2175,60300,99000
2026-10-05,2179,300,244700
2026-10-05,2181,243600,2266500
2026-10-05,2183,0,382100
2026-10-05,2185,0,21800
2026-10-05,2186,0,83400
2026-10-05,218A,0,907300
2026-10-05,2193,646600,1453200
2026-10-05,2195,0,216000
2026-10-05,2198,28000,57100
2026-10-05,219A,507600,1710100
2026-10-05,2201,29900,181000
2026-10-05,2204,6200,8900
2026-10-05,2206,86600,50000
2026-10-05,2207,224300,521000
2026-10-05,2208,0,17000
2026-10-05,2209,3800,13000
2026-10-05,220A,0,171800
2026-10-05,2211,79700,65900
2026-10-05,2212,60600,86100
2026-10-05,2215,0,99300
2026-10-05,2216,35800,114800
2026-10-05,2217,117500,27700
2026-10-05,221A,14660,275730
2026-10-05,2220,26200,89400
2026-10-05,2221,0,14800
2026-10-05,2222,44900,87700
2026-10-05,2224,0,12200
2026-10-05,2226,9800,2400
2026-10-05,2229,30700,32500
2026-10-05,2235,0,4161
2026-10-05,2236,0,145704
2026-10-05,2237,425,131109
2026-10-05,2238,0,573
2026-10-05,2239,0,4569
2026-10-05,223A,1,28051
2026-10-05,2240,0,4043
2026-10-05,2241,3940,26000
2026-10-05,2242,40,8780
2026-10-05,2243,31084,842519
2026-10-05,2244,1986,552192
2026-10-05,2245,0,10
2026-10-05,2247,0,9195
2026-10-05,2248,0,1741
2026-10-05,2249,0,3363
2026-10-05,224A,158,55686
2026-10-05,2250,0,1150
2026-10-05,2251,340,20140
2026-10-05,2252,0,507
2026-10-05,2253,0,10241
2026-10-05,2254,0,12235
2026-10-05,2255,0,575980
2026-10-05,2256,0,62850
2026-10-05,2257,0,4890
2026-10-05,2258,0,203290
2026-10-05,2259,40,6450
2026-10-05,2264,85200,701500
2026-10-05,2266,75700,111700
2026-10-05,2267,63700,455900
2026-10-05,2268,0,18600
2026-10-05,2269,51100,82400
2026-10-05,2270,7000,103000
2026-10-05,2281,17000,550400
2026-10-05,2282,35900,458300
2026-10-05,2286,5400,218600
2026-10-05,2288,18000,57300
2026-10-05,228A,0,66400
2026-10-05,2291,5200,53600
2026-10-05,2292,4100,64600
2026-10-05,2293,0,3700
2026-10-05,2294,48000,63800
2026-10-05,2296,11500,65900
2026-10-05,2300,1100,25900
2026-10-05,2301,85800,133700
2026-10-05,2303,0,95600
2026-10-05,2304,500,74000
2026-10-05,2305,41400,15400
2026-10-05,2307,400,77800
2026-10-05,2311,0,205400
2026-10-05,2315,1534700,8214000
2026-10-05,2317,218700,919600
2026-10-05,2321,0,1984000
2026-10-05,2323,0,1235700
2026-10-05,2325,20700,79800
2026-10-05,2326,15900,201700
2026-10-05,2327,23400,72300
2026-10-05,2329,0,574200
2026-10-05,2330,0,3544300
2026-10-05,2331,5900,105100
2026-10-05,2332,200,116200
2026-10-05,2334,100,12608300
2026-10-05,2335,13600,48900
2026-10-05,2337,56000,1714900
2026-10-05,2338,0,24600
2026-10-05,233A,707,18533
2026-10-05,2340,0,33700
2026-10-05,2341,0,337100
2026-10-05,2342,0,917900
2026-10-05,2345,0,1413100
2026-10-05,2349,0,35600
2026-10-05,234A,0,1337
2026-10-05,2351,0,185500
2026-10-05,2353,27300,1559700
2026-10-05,2354,0,1633500
2026-10-05,2359,1500,41600
2026-10-05,235A,1,25486
2026-10-05,236A,2340,11100
2026-10-05,2370,0,9180800
2026-10-05,2371,46700,85200
2026-10-05,2373,0,119800
2026-10-05,2375,0,569900
2026-10-05,2376,0,13200
2026-10-05,2378,135500,78900
2026-10-05,2379,103700,231800
2026-10-05,237A,500,1770160
2026-10-05,2384,15800,457300
2026-10-05,2385,0,996200
2026-10-05,2388,0,1126300
2026-10-05,238A,4510,1641820
2026-10-05,2391,0,20400
2026-10-05,2393,100,56900
2026-10-05,2395,14300,767800
2026-10-05,2404,45700,45500
2026-10-05,2408,0,53600
2026-10-05,2410,4600,169500
2026-10-05,2411,7900,194800
2026-10-05,2413,880800,2908800
2026-10-05,2415,0,304500
2026-10-05,2418,3800,1206500
2026-10-05,241A,18900,188900
2026-10-05,2424,0,59600
2026-10-05,2425,0,24100
2026-10-05,2428,12700,484300
2026-10-05,2429,1400,158900
2026-10-05,2432,34600,1784900
2026-10-05,2433,84400,38900
2026-10-05,2435,0,286200
2026-10-05,2436,0,347400
2026-10-05,2437,0,2941200
2026-10-05,2438,142200,457200
2026-10-05,2440,566500,1547700
2026-10-05,2445,10200,514800
2026-10-05,2449,0,106700
2026-10-05,244A,0,166200
2026-10-05,2454,0,496800
2026-10-05,2459,0,473400
2026-10-05,245A,0,207700
2026-10-05,2461,114800,631800
2026-10-05,2462,96200,72800
2026-10-05,2464,2500,81300
2026-10-05,2469,0,83100
2026-10-05,246A,0,252700
2026-10-05,2471,74600,1075800
2026-10-05,2475,2800,89200
2026-10-05,2477,13900,24800
2026-10-05,2479,0,523700
2026-10-05,247A,714600,6087000
2026-10-05,2480,0,7100
2026-10-05,2481,0,11400
2026-10-05,2483,0,309900
2026-10-05,2484,1619500,3257800
2026-10-05,2485,12300,561400
2026-10-05,2488,0,171400
2026-10-05,2489,176700,763500
2026-10-05,248A,0,226800
2026-10-05,2491,286300,677700
2026-10-05,2492,658100,1497500
2026-10-05,2493,0,22000
2026-10-05,2497,9900,183000
2026-10-05,2498,0,63200
2026-10-05,2499,0,154200
2026-10-05,2501,348000,281700
2026-10-05,2502,78500,3527000
2026-10-05,2503,77200,481600
2026-10-05,250A,8000,56600
2026-10-05,2510,8080,5480
2026-10-05,2511,0,1850
2026-10-05,2512,1200,4820
2026-10-05,2513,5,99066
2026-10-05,2514,90,889
2026-10-05,2515,255,12400
2026-10-05,2516,774070,1047430
2026-10-05,2517,160,2400
2026-10-05,2518,0,765
2026-10-05,2519,10,990
2026-10-05,2520,298,16084
2026-10-05,2521,100,67104
2026-10-05,2522,166,14663
2026-10-05,2523,0,0
2026-10-05,2524,0,35
2026-10-05,2525,0,2
2026-10-05,2526,0,4
2026-10-05,2527,13,107
2026-10-05,2528,28,26414
2026-10-05,2529,1,1002
2026-10-05,2530,0,640
2026-10-05,2531,289600,49200
2026-10-05,2533,18700,539200
2026-10-05,253A,3200,253900
2026-10-05,254A,0,1273200
2026-10-05,2552,0,9459
2026-10-05,2553,0,100540
2026-10-05,2554,0,990
2026-10-05,2555,10,9150
2026-10-05,2556,5570,35320
2026-10-05,2557,10,15030
2026-10-05,2558,4769,863199
2026-10-05,2559,3029,1762087
2026-10-05,255A,1800,224000
2026-10-05,2560,0,0
2026-10-05,2561,3482,10617
2026-10-05,2562,3142,7855
2026-10-05,2563,58000,253960
2026-10-05,2564,3618,7465
2026-10-05,2565,19,1571
2026-10-05,2566,17,431
2026-10-05,2567,10,160
2026-10-05,2568,669,64795
2026-10-05,2569,1474,12424
2026-10-05,256A,12100,862500
2026-10-05,2573,0,28900
2026-10-05,2579,28300,206800
2026-10-05,257A,0,971
2026-10-05,2585,28700,1044400
2026-10-05,2586,0,9008800
2026-10-05,2587,28900,102400
2026-10-05,2588,0,50800
2026-10-05,258A,0,572
2026-10-05,2590,61100,35400
2026-10-05,2593,77900,246500
2026-10-05,2594,180200,31900
2026-10-05,2597,0,42700
2026-10-05,2602,7400,52600
2026-10-05,2607,51800,45900
2026-10-05,2612,0,311600
2026-10-05,2613,7500,27100
2026-10-05,261A,0,160500
2026-10-05,2620,0,79090
2026-10-05,2621,5242,1339919
2026-10-05,2622,50,1239
2026-10-05,2623,0,1550
2026-10-05,2624,508,7292
2026-10-05,2625,2,481
2026-10-05,2626,16,921
2026-10-05,2627,1,15
2026-10-05,2628,0,136378
2026-10-05,2629,0,68284
2026-10-05,262A,0,428000
2026-10-05,2630,25,8113
2026-10-05,2631,3215,99427
2026-10-05,2632,327,6355
2026-10-05,2633,13770,451790
2026-10-05,2634,624,9337
2026-10-05,2636,18,31
2026-10-05,2637,13,5561
2026-10-05,2638,563,72810
2026-10-05,2639,0,1272
2026-10-05,2640,257,21017
2026-10-05,2641,22,1546
2026-10-05,2642,0,2
2026-10-05,2644,41625,981912
2026-10-05,2645,0,6
2026-10-05,2646,202,21662
2026-10-05,2647,0,40
2026-10-05,2648,0,8094
2026-10-05,2649,0,0
2026-10-05,264A,0,796900
2026-10-05,2652,51800,920000
2026-10-05,2653,0,27700
2026-10-05,2654,0,18200
2026-10-05,2656,0,5341400
2026-10-05,2659,14700,26800
2026-10-05,265A,0,172000
2026-10-05,2664,25400,16600
2026-10-05,2666,0,1296600
2026-10-05,2667,316500,2084500
2026-10-05,2668,0,8400
2026-10-05,2669,8300,15100
2026-10-05,2670,11800,78800
2026-10-05,2673,0,683500
2026-10-05,2674,6300,94600
2026-10-05,2676,14500,28600
2026-10-05,2678,226400,603300
2026-10-05,2681,86800,375600
2026-10-05,2683,0,7600
2026-10-05,2685,13500,142000
2026-10-05,2687,200,56800
2026-10-05,2689,300,121200
2026-10-05,268A,1400,1486400
2026-10-05,2693,0,856200
2026-10-05,2694,7700,284100
2026-10-05,2695,910100,253500
2026-10-05,2698,0,17200
2026-10-05,269A,0,58100
2026-10-05,2700,0,60500
2026-10-05,2702,61900,470900
2026-10-05,2705,20600,29900
2026-10-05,2708,0,50000
2026-10-05,2721,0,1452600
2026-10-05,2722,3200,65000
2026-10-05,2726,71400,766200
2026-10-05,2730,44700,45300
2026-10-05,2733,29800,48500
2026-10-05,2734,4300,84700
2026-10-05,2735,2600,382100
2026-10-05,2736,0,18100
2026-10-05,2737,500,197200
2026-10-05,273A,0,188
2026-10-05,2742,1800,43100
2026-10-05,2747,0,9400
2026-10-05,2749,458200,288100
2026-10-05,274A,0,127600
2026-10-05,2750,700,28100
2026-10-05,2751,8900,20000
2026-10-05,2752,625400,119900
2026-10-05,2753,600,70000
2026-10-05,2760,15000,192400
2026-10-05,2762,0,2133600
2026-10-05,2764,0,1117200
2026-10-05,2767,23300,403900
2026-10-05,2768,38900,2795500
2026-10-05,2769,0,71200
2026-10-05,276A,0,224300
2026-10-05,2776,0,2721600
2026-10-05,2778,0,1175200
2026-10-05,277A,0,588200
2026-10-05,2780,1500,476300
2026-10-05,2782,40100,74500
2026-10-05,2784,22500,11700
2026-10-05,2788,0,1275100
2026-10-05,2789,0,39100
2026-10-05,278A,600,2609900
2026-10-05,2790,0,52800
2026-10-05,2791,10500,105700
2026-10-05,2792,69600,133800
2026-10-05,2795,0,29500
2026-10-05,2796,600,21200
2026-10-05,2798,0,9100
2026-10-05,2801,118900,702400
2026-10-05,2802,81400,1231000
2026-10-05,2804,23000,11500
2026-10-05,2805,0,37800
2026-10-05,2806,0,20400
2026-10-05,2809,42600,93600
2026-10-05,280A,0,169500
2026-10-05,2810,41400,58700
2026-10-05,2811,69200,192800
2026-10-05,2813,0,139700
2026-10-05,2814,0,14100
2026-10-05,2815,22800,78200
2026-10-05,2816,4100,2300
2026-10-05,2818,1900,1200
2026-10-05,2819,5600,15500
2026-10-05,281A,0,841000
2026-10-05,2820,100,18000
2026-10-05,282A,10881,509520
2026-10-05,2831,0,4300
2026-10-05,2836,0,28
2026-10-05,2837,48,27804
2026-10-05,2838,0,0
2026-10-05,2839,0,0
2026-10-05,283A,0,1209
2026-10-05,2840,10719,549800
2026-10-05,2841,418,39109
2026-10-05,2842,1738,10327
2026-10-05,2843,0,226
2026-10-05,2844,9,2225
2026-10-05,2845,5103,22046
2026-10-05,2846,420,5204
2026-10-05,2847,0,547
2026-10-05,2848,0,210
2026-10-05,2849,15,886
2026-10-05,2851,0,3040
2026-10-05,2852,0,30
2026-10-05,2853,0,0
2026-10-05,2854,113,201743
2026-10-05,2855,0,4942
2026-10-05,2856,10,7300
2026-10-05,2857,10,320
2026-10-05,2858,0,3215
2026-10-05,2859,0,14
2026-10-05,285A,2391100,42605100
2026-10-05,2860,4,1691
2026-10-05,2861,0,54
2026-10-05,2862,0,0
2026-10-05,2864,0,33
2026-10-05,2865,37888,1964921
2026-10-05,2866,30,61962
2026-10-05,2867,0,4525
2026-10-05,2868,1326,306153
2026-10-05,2869,3947,684877
2026-10-05,286A,161200,1217800
2026-10-05,2870,15782,216331
2026-10-05,2871,99400,172500
2026-10-05,2872,0,10500
2026-10-05,2874,57500,136800
2026-10-05,2875,17500,47600
2026-10-05,2876,0,153100
2026-10-05,2877,0,4800
2026-10-05,287A,100,2142700
2026-10-05,2882,34700,21700
2026-10-05,2883,0,6000
2026-10-05,2884,152000,1440200
2026-10-05,288A,0,1569100
2026-10-05,2892,0,111900
2026-10-05,2894,0,16400
2026-10-05,2897,221500,400400
2026-10-05,2901,0,717900
2026-10-05,2903,0,8300
2026-10-05,2904,1600,9500
2026-10-05,2907,0,20700
2026-10-05,2908,106600,55300
2026-10-05,290A,0,2578900
2026-10-05,2910,238600,39100
2026-10-05,2911,0,2200
2026-10-05,2914,205400,2191300
2026-10-05,2915,1300,16900
2026-10-05,2916,0,15300
2026-10-05,2917,0,1700
2026-10-05,2918,12100,166700
2026-10-05,291A,0,114800
2026-10-05,2922,12600,4800
2026-10-05,2923,0,11800
2026-10-05,2924,1100,253800
2026-10-05,2926,48100,470600
2026-10-05,2927,0,124400
2026-10-05,2929,52800,770600
2026-10-05,2930,1176000,2826600
2026-10-05,2931,2595800,3280900
2026-10-05,2932,0,76300
2026-10-05,2933,73600,44600
2026-10-05,2934,0,107800
2026-10-05,2935,5000,39200
2026-10-05,2936,723700,18436200
2026-10-05,2937,2300,18600
2026-10-05,2938,105500,167800
2026-10-05,294A,0,100
2026-10-05,295A,0,143
2026-10-05,2961,0,5400
2026-10-05,2962,1300,418900
2026-10-05,296A,31500,131700
2026-10-05,2970,0,1774600
2026-10-05,2971,16,4939
2026-10-05,2972,0,3579
2026-10-05,2975,31700,820100
2026-10-05,2978,0,284700
2026-10-05,2979,2,2781
2026-10-05,297A,0,305500
2026-10-05,2980,29100,1593900
2026-10-05,2981,0,75600
2026-10-05,2982,69200,2693800
2026-10-05,2983,0,396300
2026-10-05,2984,1100,236700
2026-10-05,2986,18000,2504200
2026-10-05,2989,0,9108
2026-10-05,298A,0,346500
2026-10-05,2991,0,636800
2026-10-05,2993,0,82800
2026-10-05,2997,0,12400
2026-10-05,2998,0,799100
2026-10-05,2999,0,535900
2026-10-05,299A,117500,2965100
2026-10-05,3001,13800,19200
2026-10-05,3002,22800,142400
2026-10-05,3003,134300,986000
2026-10-05,3004,0,121000
2026-10-05,300A,0,79700
2026-10-05,3010,0,742200
2026-10-05,3011,0,102800
2026-10-05,3020,0,115100
2026-10-05,3021,0,181600
2026-10-05,3023,4400,50400
2026-10-05,3024,0,9300
2026-10-05,3028,22400,29300
2026-10-05,302A,0,150700
2026-10-05,3030,0,144800
2026-10-05,3031,502000,330600
2026-10-05,3034,6100,77100
2026-10-05,3035,9800,61700
2026-10-05,3036,37300,327100
2026-10-05,3038,1835900,1296100
2026-10-05,303A,0,80100
2026-10-05,3040,100,315600
2026-10-05,3041,23400,33400
2026-10-05,3042,355800,759800
2026-10-05,3045,0,8900
2026-10-05,3046,12900,273800
2026-10-05,3048,109800,133900
2026-10-05,304A,0,44800
2026-10-05,3050,69300,110500
2026-10-05,3053,577700,1335900
2026-10-05,3054,0,120900
2026-10-05,3058,1300,3000
2026-10-05,3059,2200,19600
2026-10-05,3063,114400,26800
2026-10-05,3064,140400,647800
2026-10-05,3065,0,8000
2026-10-05,3067,16800,73200
2026-10-05,3068,0,23500
2026-10-05,3069,12000,1207300
2026-10-05,3070,0,6137700
2026-10-05,3071,0,224900
2026-10-05,3075,0,32200
2026-10-05,3076,10800,105400
2026-10-05,3077,0,541900
2026-10-05,3080,0,34100
2026-10-05,3082,8800,45900
2026-10-05,3083,0,3205600
2026-10-05,3086,160900,212200
2026-10-05,3087,14000,39500
2026-10-05,3088,33400,193000
2026-10-05,3089,5900,99600
2026-10-05,3091,37300,44700
2026-10-05,3092,282900,583600
2026-10-05,3093,21800,551900
2026-10-05,3096,0,5000
2026-10-05,3097,42200,192500
2026-10-05,3099,569000,1407600
2026-10-05,3101,41100,640300
2026-10-05,3103,2622700,7706300
2026-10-05,3104,6900,119700
2026-10-05,3105,130000,297400
2026-10-05,3106,35700,98500
2026-10-05,3107,18700,49700
2026-10-05,3109,6200,179100
2026-10-05,3110,1452700,5512900
2026-10-05,3111,0,205200
2026-10-05,3113,0,2939400
2026-10-05,3116,68400,253400
2026-10-05,3121,65600,1117700
2026-10-05,3123,0,65200
2026-10-05,3131,0,92700
2026-10-05,3132,45800,322400
2026-10-05,3133,0,1751100
2026-10-05,3134,78100,330800
2026-10-05,3135,0,118200
2026-10-05,3137,203300,271600
2026-10-05,3138,0,38100
2026-10-05,3139,4200,63500
2026-10-05,313A,3200,207430
2026-10-05,3140,23000,16500
2026-10-05,3143,100,275900
2026-10-05,3148,19400,45000
2026-10-05,314A,100980,9111610
2026-10-05,3150,5600,118700
2026-10-05,3151,6100,49200
2026-10-05,3153,9300,55900
2026-10-05,3154,59400,44700
2026-10-05,3156,30600,94200
2026-10-05,3157,0,94600
2026-10-05,3159,88100,299700
2026-10-05,315A,4786,105089
2026-10-05,3160,29100,52800
2026-10-05,3161,0,347400
2026-10-05,3166,700,61600
2026-10-05,3167,47400,23700
2026-10-05,3168,123100,400900
2026-10-05,3169,200,55900
2026-10-05,316A,26735,862371
2026-10-05,3172,1600,25200
2026-10-05,3173,0,82800
2026-10-05,3174,0,141300
2026-10-05,3175,0,66800
2026-10-05,3176,70500,514100
2026-10-05,3177,0,59700
2026-10-05,3178,102700,24600
2026-10-05,3179,5500,265800
2026-10-05,3180,30500,285300
2026-10-05,3181,0,296500
2026-10-05,3182,48700,230400
2026-10-05,3183,4300,26100
2026-10-05,3184,0,137000
2026-10-05,3185,0,1236900
2026-10-05,3186,193700,944000
2026-10-05,3187,152800,642400
2026-10-05,3189,0,1450000
2026-10-05,318A,0,3873390
2026-10-05,3190,0,5800
2026-10-05,3191,142000,49800
2026-10-05,3192,0,1113100
2026-10-05,3193,79200,252100
2026-10-05,3195,127800,624300
2026-10-05,3196,126800,136700
2026-10-05,3197,291800,289200
2026-10-05,3199,11500,20300
2026-10-05,319A,0,263400
2026-10-05,3201,16300,26800
2026-10-05,3202,0,670700
2026-10-05,3204,0,236400
2026-10-05,3205,21600,467800
2026-10-05,3221,13300,36300
2026-10-05,3222,52300,198700
2026-10-05,3223,0,170500
2026-10-05,3224,0,23800
2026-10-05,3226,26,700
2026-10-05,3231,96600,5840300
2026-10-05,3232,111000,143000
2026-10-05,3234,143,2640
2026-10-05,3236,0,2756000
2026-10-05,3237,0,5989500
2026-10-05,3238,0,478900
2026-10-05,323A,0,224600
2026-10-05,3241,200,57000
2026-10-05,3242,78000,201600
2026-10-05,3245,86600,1472600
2026-10-05,3246,0,126900
2026-10-05,3248,0,102500
2026-10-05,3249,58,13654
2026-10-05,324A,0,211600
2026-10-05,3252,28300,339400
2026-10-05,325A,337400,1023400
2026-10-05,3261,0,102100
2026-10-05,3266,0,1233900
2026-10-05,3267,0,333100
2026-10-05,3269,58,4799
2026-10-05,3276,2900,4700
2026-10-05,3277,1900,177300
2026-10-05,3279,9,1004
2026-10-05,3280,1100,316400
2026-10-05,3281,386,3215
2026-10-05,3282,193,4573
2026-10-05,3283,151,2472
2026-10-05,3284,82800,1414200
2026-10-05,3286,0,21400
2026-10-05,3287,5,1706
2026-10-05,3288,41800,259800
2026-10-05,3289,93300,1271500
2026-10-05,328A,0,40
2026-10-05,3290,10,5317
2026-10-05,3291,32200,188100
2026-10-05,3292,34,6957
2026-10-05,3293,0,184600
2026-10-05,3295,40,1641
2026-10-05,3296,18,2524
2026-10-05,3297,0,23600
2026-10-05,3299,188100,509300
2026-10-05,3300,0,603600
2026-10-05,3302,7000,57300
2026-10-05,3306,0,1074300
2026-10-05,3309,80,18283
2026-10-05,330A,0,266500
2026-10-05,3315,150700,6935100
2026-10-05,3317,0,34400
2026-10-05,331A,0,174000
2026-10-05,3320,1800,62100
2026-10-05,3321,7700,249200
2026-10-05,3323,0,5358300
2026-10-05,3326,0,44000
2026-10-05,3329,18200,19600
2026-10-05,332A,36300,354900
2026-10-05,3333,35600,115500
2026-10-05,3349,31200,215100
2026-10-05,334A,0,134300
2026-10-05,3350,1027200,41986800
2026-10-05,3352,0,22300
2026-10-05,3353,0,35700
2026-10-05,3355,0,159100
2026-10-05,3358,0,1550900
2026-10-05,3359,24800,472500
2026-10-05,335A,81200,338600
2026-10-05,3360,12700,18500
2026-10-05,3361,11900,17000
2026-10-05,336A,700,2837700
2026-10-05,3370,0,182800
2026-10-05,3371,7500,25800
2026-10-05,3372,0,25500
2026-10-05,3374,12300,127100
2026-10-05,3375,0,25800
2026-10-05,3377,0,302300
2026-10-05,3382,749800,4459600
2026-10-05,3386,1000,55300
2026-10-05,3387,2184300,318400
2026-10-05,3388,4400,111800
2026-10-05,338A,1200,504600
2026-10-05,3391,38600,298500
2026-10-05,3392,0,170100
2026-10-05,3393,12000,101300
2026-10-05,3395,26400,58800
2026-10-05,3396,0,26100
2026-10-05,3397,111200,108900
2026-10-05,3399,44200,203500
2026-10-05,339A,0,285700
2026-10-05,3401,54200,229000
2026-10-05,3402,447800,1581200
2026-10-05,3405,86000,280800
2026-10-05,3407,145800,1167300
2026-10-05,3409,0,1754000
2026-10-05,340A,0,372500
2026-10-05,3415,75500,2213600
2026-10-05,3416,0,79300
2026-10-05,3417,0,791300
2026-10-05,3418,0,55000
2026-10-05,341A,9100,357700
2026-10-05,3420,0,71100
2026-10-05,3421,5100,36200
2026-10-05,3422,4600,380200
2026-10-05,3423,3500,212100
2026-10-05,3426,0,19900
2026-10-05,3431,79400,234700
2026-10-05,3433,17200,545800
2026-10-05,3434,0,49100
2026-10-05,3435,0,18300
2026-10-05,3436,1020600,3226100
2026-10-05,3437,0,4700
2026-10-05,3439,0,30200
2026-10-05,343A,0,59600
2026-10-05,3440,0,177100
2026-10-05,3441,0,364600
2026-10-05,3443,15300,1238100
2026-10-05,3444,247100,670400
2026-10-05,3445,7800,368000
2026-10-05,3446,56700,145900
2026-10-05,3447,0,109100
2026-10-05,3449,15200,311600
2026-10-05,3451,0,1626
2026-10-05,3452,9800,530200
2026-10-05,3454,600,129700
2026-10-05,3455,202,15239
2026-10-05,3457,222500,971000
2026-10-05,3459,125,5269
2026-10-05,345A,0,427
2026-10-05,3461,0,30200
2026-10-05,3462,130,2899
2026-10-05,3463,4,4563
2026-10-05,3465,41600,352800
2026-10-05,3466,36,1146
2026-10-05,3467,0,55400
2026-10-05,3468,349,7196
2026-10-05,3469,0,236400
2026-10-05,346A,2726,39891
2026-10-05,3470,0,4508
2026-10-05,3471,36,5675
2026-10-05,3472,5,9410
2026-10-05,3474,0,84800
2026-10-05,3475,385200,507100
2026-10-05,3476,118,12682
2026-10-05,3477,0,38500
2026-10-05,3479,138200,268900
2026-10-05,3481,251,4046
2026-10-05,3482,16900,607300
2026-10-05,3484,6400,67700
2026-10-05,3486,3300,415800
2026-10-05,3487,26,2518
2026-10-05,3488,1,4404
2026-10-05,3489,3100,479400
2026-10-05,348A,1510,118550
2026-10-05,3490,0,17800
2026-10-05,3491,14200,1433400
2026-10-05,3492,124,27363
2026-10-05,3494,0,61900
2026-10-05,3495,0,108600
2026-10-05,3496,0,363400
2026-10-05,3498,209300,1200600
2026-10-05,349A,0,1570
2026-10-05,3501,600,48300
2026-10-05,350A,404200,2898500
2026-10-05,3512,0,2003400
2026-10-05,3513,0,442900
2026-10-05,3521,0,340700
2026-10-05,3524,0,94400
2026-10-05,3529,116100,540100
2026-10-05,352A,0,915600
2026-10-05,3536,0,470400
2026-10-05,3537,0,21800
2026-10-05,3538,700,866700
2026-10-05,3539,33000,227400
2026-10-05,3542,25700,112800
2026-10-05,3543,13000,113000
2026-10-05,3544,900,12400
2026-10-05,3547,85500,206200
2026-10-05,3548,203200,280300
2026-10-05,3549,6400,50500
2026-10-05,354A,807,6388
2026-10-05,3550,0,259300
2026-10-05,3551,0,119600
2026-10-05,3553,28900,273000
2026-10-05,3556,300,864000
2026-10-05,3557,0,52600
2026-10-05,3558,0,2295500
2026-10-05,3559,26000,222900
2026-10-05,3560,800,19600
2026-10-05,3561,215200,135600
2026-10-05,3562,0,201100
2026-10-05,3563,283200,1094000
2026-10-05,3565,38700,1322700
2026-10-05,3566,0,218600
2026-10-05,3569,1200,113000
2026-10-05,356A,0,3438
2026-10-05,3571,1300,34100
2026-10-05,3577,0,5100
2026-10-05,3580,13200,133600
2026-10-05,3583,0,36800
2026-10-05,3591,49400,131600
2026-10-05,3597,0,10900
2026-10-05,3598,0,246600
2026-10-05,3600,0,2900
2026-10-05,3607,0,270300
2026-10-05,3608,25000,495200
2026-10-05,360A,0,0
2026-10-05,3611,600,616000
2026-10-05,3612,25600,222800
2026-10-05,3622,0,160400
2026-10-05,3623,0,300700
2026-10-05,3624,0,3180800
2026-10-05,3625,0,361400
2026-10-05,3626,18200,154900
2026-10-05,3627,18900,557600
2026-10-05,3628,0,408900
2026-10-05,3632,68000,3639100
2026-10-05,3633,0,114400
2026-10-05,3634,0,166600
2026-10-05,3635,37300,863100
2026-10-05,3636,1000,13800
2026-10-05,3639,14100,469300
2026-10-05,363A,0,895
2026-10-05,3640,200,61500
2026-10-05,3641,0,128400
2026-10-05,3645,3100,372300
2026-10-05,3646,0,48200
2026-10-05,3647,0,634900
2026-10-05,3648,2700,40400
2026-10-05,3649,34300,366700
2026-10-05,364A,0,7859
2026-10-05,3652,0,289000
2026-10-05,3653,120600,652100
2026-10-05,3656,5418600,18375100
2026-10-05,3657,41800,1289700
2026-10-05,3659,36400,571700
2026-10-05,365A,0,133000
2026-10-05,3660,586000,3404400
2026-10-05,3661,39900,1049800
2026-10-05,3662,466100,181100
2026-10-05,3663,87700,878200
2026-10-05,3664,506100,8641300
2026-10-05,3665,314600,1042100
2026-10-05,3667,657500,4889700
2026-10-05,3668,105100,727400
2026-10-05,366A,0,343500
2026-10-05,3671,0,1240400
2026-10-05,3672,0,4081400
2026-10-05,3673,34900,2216500
2026-10-05,3674,2200,183600
2026-10-05,3675,6100,1694600
2026-10-05,3676,0,24600
2026-10-05,3678,300,132600
2026-10-05,3679,43400,1078800
2026-10-05,367A,0,126000
2026-10-05,3680,100,801000
2026-10-05,3682,2100,100700
2026-10-05,3683,1100,149600
2026-10-05,3686,0,2810900
2026-10-05,3687,868000,2072300
2026-10-05,368A,0,436200
2026-10-05,3690,16500,43100
2026-10-05,3691,0,397500
2026-10-05,3692,171600,476100
2026-10-05,3694,393100,925800
2026-10-05,3695,0,100900
2026-10-05,3696,87400,562400
2026-10-05,3697,2791000,9091600
2026-10-05,3698,7700,179700
2026-10-05,369A,100,204100
2026-10-05,3708,27700,30500
2026-10-05,3710,14400,34300
2026-10-05,3712,12900,179000
2026-10-05,3719,0,3016500
2026-10-05,3723,0,222300
2026-10-05,3726,0,298900
2026-10-05,3727,0,1276400
2026-10-05,372A,0,78500
2026-10-05,3733,600,18700
2026-10-05,373A,0,272500
2026-10-05,3741,190500,321600
2026-10-05,3744,5100,286000
2026-10-05,3747,162900,651700
2026-10-05,3750,0,1525600
2026-10-05,3753,0,928000
2026-10-05,3758,5200,611800
2026-10-05,3760,200,482000
2026-10-05,3762,32000,246400
2026-10-05,3763,13400,84900
2026-10-05,3765,14800,238800
2026-10-05,3766,0,42700
2026-10-05,3768,600,44100
2026-10-05,3769,15200,130700
2026-10-05,376A,0,0
2026-10-05,3771,5100,160200
2026-10-05,3772,0,27400
2026-10-05,3773,12100,306500
2026-10-05,3774,47400,62700
2026-10-05,3776,0,2040200
2026-10-05,3777,0,23138000
2026-10-05,3778,604900,1215100
2026-10-05,3779,0,750300
2026-10-05,3788,26400,135500
2026-10-05,378A,0,908200
2026-10-05,3791,189800,285800
2026-10-05,3793,130400,1465600
2026-10-05,3796,18700,130400
2026-10-05,3798,0,1355300
2026-10-05,3799,3300,49700
2026-10-05,379A,0,165
2026-10-05,3800,0,5700
2026-10-05,3802,0,16000
2026-10-05,3803,0,194700
2026-10-05,3804,0,123300
2026-10-05,3807,317000,1507300
2026-10-05,380A,0,61113
2026-10-05,3810,0,13331200
2026-10-05,3815,0,31600
2026-10-05,3816,0,69600
2026-10-05,3817,900,63200
2026-10-05,381A,0,4500
2026-10-05,3823,0,13367900
2026-10-05,3825,0,4453400
2026-10-05,3826,600,218100
2026-10-05,382A,0,2001
2026-10-05,3834,9300,90900
2026-10-05,3835,184200,774700
2026-10-05,3836,53700,257500
2026-10-05,3837,16900,240700
2026-10-05,3839,1800,4200
2026-10-05,383A,0,1526
2026-10-05,3840,0,1488900
2026-10-05,3841,0,77700
2026-10-05,3842,0,71100
2026-10-05,3843,27500,600900
2026-10-05,3844,54500,503200
2026-10-05,3845,0,1932400
2026-10-05,3848,3500,22200
2026-10-05,3850,0,48800
2026-10-05,3851,49100,522000
2026-10-05,3853,432700,1727600
2026-10-05,3854,100,223700
2026-10-05,3858,0,754500
2026-10-05,3861,201800,1533400
2026-10-05,3863,87200,334600
2026-10-05,3864,86500,1614000
2026-10-05,3865,29100,88400
2026-10-05,386A,0,73300
2026-10-05,3877,1300,150400
2026-10-05,3878,15200,264800
2026-10-05,387A,0,57200
2026-10-05,3880,97600,111200
2026-10-05,3891,12500,159300
2026-10-05,3892,900,13500
2026-10-05,3895,0,274000
2026-10-05,3896,0,129700
2026-10-05,3900,245600,2637000
2026-10-05,3901,2900,351900
2026-10-05,3903,1107300,4099100
2026-10-05,3904,0,293500
2026-10-05,3905,1840300,10363500
2026-10-05,3907,0,308200
2026-10-05,3908,0,102700
2026-10-05,3909,0,372000
2026-10-05,3910,0,178600
2026-10-05,3911,0,4141100
2026-10-05,3912,16000,67500
2026-10-05,3913,0,292800
2026-10-05,3914,0,193900
2026-10-05,3915,51000,552200
2026-10-05,3916,6600,148600
2026-10-05,3917,8500,255300
2026-10-05,3918,0,155400
2026-10-05,3920,11200,71600
2026-10-05,3921,2400,37200
2026-10-05,3922,19900,153800
2026-10-05,3923,206000,1417200
2026-10-05,3925,0,404600
2026-10-05,3926,0,311600
2026-10-05,3927,0,835600
2026-10-05,3928,26000,908100
2026-10-05,3929,0,802900
2026-10-05,392A,0,1372330
2026-10-05,3930,0,156700
2026-10-05,3931,0,16200
2026-10-05,3932,48800,389000
2026-10-05,3933,700,100700
2026-10-05,3934,0,43300
2026-10-05,3935,0,398300
2026-10-05,3936,0,4051000
2026-10-05,3937,2900,508400
2026-10-05,3939,27500,522100
2026-10-05,3940,26300,841700
2026-10-05,3941,12700,795300
2026-10-05,3943,0,19400
2026-10-05,3944,0,12400
2026-10-05,3945,0,45400
2026-10-05,3946,6300,84100
2026-10-05,3947,0,28600
2026-10-05,3948,0,10800
2026-10-05,394A,0,110
2026-10-05,3950,56800,15400
2026-10-05,3951,0,70500
2026-10-05,3953,0,42100
2026-10-05,3954,0,359400
2026-10-05,3955,1400,77200
2026-10-05,3958,0,110600
2026-10-05,395A,0,202100
2026-10-05,3962,60300,1189000
2026-10-05,3963,54600,511700
2026-10-05,3964,160800,419500
2026-10-05,3965,0,199100
2026-10-05,3967,800,299700
2026-10-05,3968,14900,787000
2026-10-05,3969,0,81700
2026-10-05,396A,0,2010
2026-10-05,3970,0,109700
2026-10-05,3974,0,31800
2026-10-05,3976,0,245700
2026-10-05,3979,0,181700
2026-10-05,3981,0,487500
2026-10-05,3983,8500,81100
2026-10-05,3984,50300,293700
2026-10-05,3985,0,189000
2026-10-05,3986,0,91500
2026-10-05,3987,15300,59800
2026-10-05,3988,0,93500
2026-10-05,3989,0,299400
2026-10-05,3991,0,65100
2026-10-05,3992,195100,459000
2026-10-05,3993,272600,1527400
2026-10-05,3994,526400,125100
2026-10-05,3996,201300,540900
2026-10-05,3997,353000,1812700
2026-10-05,3998,7900,243500
2026-10-05,399A,0,76741
2026-10-05,4004,119400,798300
2026-10-05,4005,351200,10234900
2026-10-05,4008,11600,281400
2026-10-05,4011,100,206800
2026-10-05,4012,0,105400
2026-10-05,4013,6600,255600
2026-10-05,4014,0,423900
2026-10-05,4015,0,444700
2026-10-05,4016,0,90800
2026-10-05,4017,0,454300
2026-10-05,4019,900,478300
2026-10-05,401A,0,4388
2026-10-05,4020,0,92800
2026-10-05,4021,42900,55300
2026-10-05,4022,170000,3000200
2026-10-05,4023,212300,501400
2026-10-05,4025,3700,17600
2026-10-05,4026,23300,345600
2026-10-05,4027,25300,2183600
2026-10-05,4028,2600,527900
2026-10-05,402A,0,8034400
2026-10-05,4031,3600,159100
2026-10-05,4040,0,65700
2026-10-05,4041,12300,81000
2026-10-05,4042,119600,1066600
2026-10-05,4043,18700,1425300
2026-10-05,4044,11300,50900
2026-10-05,4045,84200,215800
2026-10-05,4046,25900,127000
2026-10-05,4047,40100,1073400
2026-10-05,404A,0,46710
2026-10-05,4051,800,199600
2026-10-05,4052,0,704500
2026-10-05,4053,411100,939400
2026-10-05,4054,9000,136100
2026-10-05,4055,175400,407400
2026-10-05,4056,0,1230600
2026-10-05,4057,0,108000
2026-10-05,4058,5300,104100
2026-10-05,4059,0,84700
2026-10-05,4060,5300,589200
2026-10-05,4061,37800,479200
2026-10-05,4062,1445200,3463100
2026-10-05,4063,224600,3461500
2026-10-05,4064,7600,115200
2026-10-05,4068,0,17000
2026-10-05,4069,0,184700
2026-10-05,4071,101600,254900
2026-10-05,4072,3600,137400
2026-10-05,4073,14100,190500
2026-10-05,4074,51300,52300
2026-10-05,4075,0,308500
2026-10-05,4076,0,84700
2026-10-05,4078,19200,492300
2026-10-05,407A,0,240000
2026-10-05,4082,462100,988700
2026-10-05,4088,444900,685600
2026-10-05,408A,0,2365220
2026-10-05,4091,31700,162500
2026-10-05,4092,47600,227500
2026-10-05,4093,0,215800
2026-10-05,4094,0,645400
2026-10-05,4095,60000,961500
2026-10-05,4097,381100,47000
2026-10-05,4098,0,126500
2026-10-05,4099,43900,450400
2026-10-05,409A,232300,754600
2026-10-05,4100,57700,109600
2026-10-05,4102,0,4500
2026-10-05,4107,0,1262300
2026-10-05,4109,28500,172200
2026-10-05,410A,0,169500
2026-10-05,4112,8400,2590600
2026-10-05,4113,0,610300
2026-10-05,4114,51200,455400
2026-10-05,4116,13200,222000
2026-10-05,4118,5800,212600
2026-10-05,4119,0,59900
2026-10-05,4120,0,34300
2026-10-05,4124,0,2100
2026-10-05,4125,0,88000
2026-10-05,412A,0,139283
2026-10-05,413A,0,38786
2026-10-05,414A,800,456500
2026-10-05,4151,35900,536800
2026-10-05,415A,0,34900
2026-10-05,4165,799400,2408300
2026-10-05,4166,0,134100
2026-10-05,4167,50500,331400
2026-10-05,4168,85300,966300
2026-10-05,4169,547100,3864700
2026-10-05,416A,7900,185800
2026-10-05,4170,481900,1838200
2026-10-05,4172,0,20800
2026-10-05,4174,0,215900
2026-10-05,4175,0,144000
2026-10-05,4176,49800,1522400
2026-10-05,4177,0,46400
2026-10-05,4178,400,142500
2026-10-05,4179,0,775500
2026-10-05,417A,20300,80800
2026-10-05,4180,35800,2044100
2026-10-05,4182,7300,669400
2026-10-05,4183,63600,662900
2026-10-05,4186,43100,537700
2026-10-05,4187,14700,536400
2026-10-05,4188,98100,1448700
2026-10-05,4189,26000,318000
2026-10-05,4192,452700,914900
2026-10-05,4193,0,33400
2026-10-05,4194,20300,79300
2026-10-05,4196,0,127500
2026-10-05,4197,0,20600
2026-10-05,4198,0,126000
2026-10-05,4199,0,225300
2026-10-05,4202,81200,708200
2026-10-05,4203,53300,285400
2026-10-05,4204,261700,1274000
2026-10-05,4205,85400,323700
2026-10-05,4206,23000,41700
2026-10-05,4208,43500,796100
2026-10-05,4212,13100,29100
2026-10-05,4216,15900,288400
2026-10-05,4218,22200,5800
2026-10-05,421A,0,287600
2026-10-05,4220,18600,63300
2026-10-05,4221,323700,151600
2026-10-05,4222,0,2352900
2026-10-05,4224,0,133700
2026-10-05,4228,47500,535500
2026-10-05,4229,14800,751000
2026-10-05,4231,800,100200
2026-10-05,4234,0,180900
2026-10-05,4235,0,442100
2026-10-05,4237,148600,365900
2026-10-05,4238,0,326300
2026-10-05,423A,0,261500
2026-10-05,4240,0,305800
2026-10-05,4241,0,241600
2026-10-05,4242,700,36900
2026-10-05,4243,0,59300
2026-10-05,4245,3800,155600
2026-10-05,4246,45300,881800
2026-10-05,4247,0,5500
2026-10-05,4248,200,190400
2026-10-05,4249,1700,40600
2026-10-05,424A,0,558440
2026-10-05,4251,40000,319200
2026-10-05,4255,0,183800
2026-10-05,4256,0,62900
2026-10-05,4258,75500,67200
2026-10-05,4259,6600,6259500
2026-10-05,425A,0,1474810
2026-10-05,4260,0,235000
2026-10-05,4261,0,51800
2026-10-05,4262,1500,36500
2026-10-05,4263,269900,1574200
2026-10-05,4264,0,141900
2026-10-05,4265,0,619400
2026-10-05,426A,0,3861
2026-10-05,4270,0,120300
2026-10-05,4272,15900,135600
2026-10-05,4274,0,203100
2026-10-05,4275,71300,501200
2026-10-05,4284,0,248900
2026-10-05,4286,11400,45700
2026-10-05,4287,0,142200
2026-10-05,4288,466700,676400
2026-10-05,428A,0,319700
2026-10-05,4290,289700,411800
2026-10-05,4293,39300,1585900
2026-10-05,4299,0,23900
2026-10-05,429A,20500,1169400
2026-10-05,4301,6100,374000
2026-10-05,4307,32300,716500
2026-10-05,4308,0,505900
2026-10-05,4310,5600,156800
2026-10-05,4317,0,539400
2026-10-05,4318,35800,78500
2026-10-05,431A,0,301900
2026-10-05,4320,0,190000
2026-10-05,4323,17800,59200
2026-10-05,4324,578900,213600
2026-10-05,4326,28600,18000
2026-10-05,4331,74000,1147400
2026-10-05,4334,0,124200
2026-10-05,4335,0,33200
2026-10-05,4337,43800,112700
2026-10-05,4341,0,34900
2026-10-05,4343,20500,119700
2026-10-05,4344,1560300,6947300
2026-10-05,4345,63900,147800
2026-10-05,4346,3300,879700
2026-10-05,4347,0,286000
2026-10-05,4350,0,157100
2026-10-05,4351,0,65200
2026-10-05,4356,0,43400
2026-10-05,435A,64248,279173
2026-10-05,4360,0,126000
2026-10-05,4361,0,87200
2026-10-05,4362,2700,20300
2026-10-05,4365,0,8500
2026-10-05,4366,0,811900
2026-10-05,4368,20900,1148100
2026-10-05,4369,32300,1182100
2026-10-05,436A,0,181800
2026-10-05,4370,0,300300
2026-10-05,4371,15300,89600
2026-10-05,4372,0,89800
2026-10-05,4373,99400,237700
2026-10-05,4374,0,139300
2026-10-05,4375,328600,929100
2026-10-05,4376,0,1218500
2026-10-05,4377,22200,374700
2026-10-05,4378,0,131200
2026-10-05,4379,0,577800
2026-10-05,4380,0,195800
2026-10-05,4381,0,228500
2026-10-05,4382,378600,505400
2026-10-05,4385,109600,1606900
2026-10-05,4386,1100,95400
2026-10-05,4387,0,108600
2026-10-05,4388,5000,322400
2026-10-05,4389,0,73300
2026-10-05,438A,0,600500
2026-10-05,4390,17100,591200
2026-10-05,4391,0,156200
2026-10-05,4392,907400,3631800
2026-10-05,4393,49800,313900
2026-10-05,4394,0,178500
2026-10-05,4395,0,693400
2026-10-05,4396,5500,151700
2026-10-05,4397,4200,439400
2026-10-05,4398,0,77900
2026-10-05,4401,16900,174900
2026-10-05,4403,10500,343800
2026-10-05,4404,0,993900
2026-10-05,4406,48600,1788500
2026-10-05,4409,0,69400
2026-10-05,4410,1700,156300
2026-10-05,4412,0,371100
2026-10-05,4413,0,23600
2026-10-05,4414,0,138700
2026-10-05,4415,0,267900
2026-10-05,4416,0,181900
2026-10-05,4417,0,117100
2026-10-05,4418,164500,730400
2026-10-05,4419,0,2482500
2026-10-05,441A,11400,242900
2026-10-05,4420,3600,1315700
2026-10-05,4421,0,28000
2026-10-05,4422,0,422800
2026-10-05,4424,72000,316900
2026-10-05,4425,253300,652300
2026-10-05,4427,0,466300
2026-10-05,4428,0,146200
2026-10-05,4429,700,79700
2026-10-05,442A,0,95500
2026-10-05,4430,0,115700
2026-10-05,4431,66000,197100
2026-10-05,4432,11400,212800
2026-10-05,4433,11700,110500
2026-10-05,4434,16700,135100
2026-10-05,4436,47000,848100
2026-10-05,4437,0,340300
2026-10-05,4438,0,271100
2026-10-05,4439,200,121100
2026-10-05,443A,0,0
2026-10-05,4440,31100,246400
2026-10-05,4441,0,26300
2026-10-05,4442,16500,480300
2026-10-05,4443,137200,597500
2026-10-05,4444,0,18900
2026-10-05,4445,0,9600
2026-10-05,4446,312200,1021500
2026-10-05,4447,8500,60400
2026-10-05,4448,68300,651300
2026-10-05,4450,0,59300
2026-10-05,4452,143600,310700
2026-10-05,4461,33300,650200
2026-10-05,4462,67800,59000
2026-10-05,4463,300,105400
2026-10-05,4464,0,1200
2026-10-05,4465,5000,33800
2026-10-05,446A,38700,1196200
2026-10-05,4471,32500,125600
2026-10-05,4475,888300,1596100
2026-10-05,4476,0,289600
2026-10-05,4477,22900,26812900
2026-10-05,4478,232300,304500
2026-10-05,4479,0,559500
2026-10-05,447A,0,452860
2026-10-05,4480,133900,408000
2026-10-05,4481,28800,164000
2026-10-05,4482,4400,78800
2026-10-05,4483,71100,168900
2026-10-05,4484,0,325700
2026-10-05,4486,600,119900
2026-10-05,4487,0,331300
2026-10-05,4488,0,162100
2026-10-05,448A,0,115000
2026-10-05,4490,0,361900
2026-10-05,4491,0,9500
2026-10-05,4492,0,604000
2026-10-05,4493,136200,487000
2026-10-05,4495,1000,90900
2026-10-05,4496,0,30300
2026-10-05,4498,8900,355200
2026-10-05,4499,180900,615400
2026-10-05,449A,0,96830
2026-10-05,4502,574100,691500
2026-10-05,4503,442800,890500
2026-10-05,4506,230300,5713300
2026-10-05,4507,77600,954300
2026-10-05,450A,0,1070
2026-10-05,4512,122300,524200
2026-10-05,4516,50700,215300
2026-10-05,4519,42700,2121400
2026-10-05,451A,0,6600
2026-10-05,4521,18100,139000
2026-10-05,4523,78800,958000
2026-10-05,4524,0,6300
2026-10-05,4526,8400,22300
2026-10-05,4527,17600,214400
2026-10-05,4528,32400,407600
2026-10-05,452A,0,2492750
2026-10-05,4531,6600,551400
2026-10-05,4534,2100,51400
2026-10-05,4536,20500,140300
2026-10-05,4538,5100,34700
2026-10-05,4539,0,182900
2026-10-05,453A,0,359670
2026-10-05,4540,27700,289200
2026-10-05,4543,114200,763200
2026-10-05,4544,22400,40700
2026-10-05,4547,32500,33500
2026-10-05,4548,434800,2572300
2026-10-05,4549,34700,300600
2026-10-05,4552,770500,2688300
2026-10-05,4553,32400,174200
2026-10-05,4554,12100,307200
2026-10-05,4558,0,464500
2026-10-05,4559,26800,177700
2026-10-05,4563,0,18009400
2026-10-05,4564,5849200,17509200
2026-10-05,4565,84000,8353700
2026-10-05,4568,105400,4518600
2026-10-05,4569,46300,198700
2026-10-05,456A,552400,1055300
2026-10-05,4570,0,572400
2026-10-05,4571,0,6750500
2026-10-05,4572,0,2328900
2026-10-05,4574,566600,676400
2026-10-05,4575,0,1093800
2026-10-05,4576,0,4585000
2026-10-05,4577,5200,41400
2026-10-05,4578,9800,93900
2026-10-05,4579,0,1790100
2026-10-05,4582,0,4911400
2026-10-05,4583,0,6442600
2026-10-05,4584,0,3033600
2026-10-05,4586,0,8481800
2026-10-05,4587,90800,2458600
2026-10-05,4588,8500,3078900
2026-10-05,4591,0,8664100
2026-10-05,4592,0,4771300
2026-10-05,4593,2155100,9550400
2026-10-05,4594,0,13618300
2026-10-05,4595,0,621900
2026-10-05,4596,0,4430000
2026-10-05,4597,3915700,17265800
2026-10-05,4598,0,3608500
2026-10-05,4599,0,4263600
2026-10-05,459A,0,335
2026-10-05,460A,0,190600
2026-10-05,4611,10900,98900
2026-10-05,4612,63000,239900
2026-10-05,4613,110900,118400
2026-10-05,4615,0,842100
2026-10-05,4616,0,56700
2026-10-05,4617,11300,216800
2026-10-05,4619,1100,197900
2026-10-05,461A,0,861
2026-10-05,4620,21500,4041500
2026-10-05,4623,0,75500
2026-10-05,4624,0,91300
2026-10-05,4625,0,61200
2026-10-05,4626,46100,93800
2026-10-05,4627,0,60000
2026-10-05,4628,0,23500
2026-10-05,4629,0,76100
2026-10-05,462A,0,1208000
2026-10-05,4631,12900,526700
2026-10-05,4633,22100,74100
2026-10-05,4634,8100,31400
2026-10-05,4635,0,90800
2026-10-05,463A,10500,257900
2026-10-05,4641,9500,93000
2026-10-05,4642,0,34700
2026-10-05,4644,2900,759400
2026-10-05,4645,0,10300
2026-10-05,464A,88900,3668400
2026-10-05,4650,0,113200
2026-10-05,4651,107000,2512900
2026-10-05,4657,0,254500
2026-10-05,4658,10400,52400
2026-10-05,465A,0,10442
2026-10-05,4661,2413800,2542300
2026-10-05,4662,0,114200
2026-10-05,4664,0,306000
2026-10-05,4665,34000,22600
2026-10-05,4666,316400,1666400
2026-10-05,4667,0,803000
2026-10-05,4668,89500,47700
2026-10-05,466A,0,195440
2026-10-05,4671,2200,21900
2026-10-05,4673,0,62700
2026-10-05,4674,2700,44200
2026-10-05,4676,102900,245700
2026-10-05,4678,4600,34000
2026-10-05,4679,2000,87700
2026-10-05,467A,0,300
2026-10-05,4680,330200,1611200
2026-10-05,4681,43000,96700
2026-10-05,4684,32800,167300
2026-10-05,4685,0,86200
2026-10-05,4686,29800,247100
2026-10-05,4687,9200,86200
2026-10-05,4689,774700,6690300
2026-10-05,468A,0,0
2026-10-05,4691,0,638200
2026-10-05,4694,9900,7000
2026-10-05,469A,0,101700
2026-10-05,4704,52500,363700
2026-10-05,4705,0,16200
2026-10-05,4707,0,91800
2026-10-05,4709,6500,177400
2026-10-05,4712,0,169700
2026-10-05,4714,113900,1812300
2026-10-05,4716,11600,177300
2026-10-05,4718,20000,27000
2026-10-05,4719,1400,44800
2026-10-05,471A,0,672500
2026-10-05,4720,0,26700
2026-10-05,4722,3800,44100
2026-10-05,4725,4600,191800
2026-10-05,4728,0,127900
2026-10-05,472A,0,2030700
2026-10-05,4732,71200,214900
2026-10-05,4733,6600,18700
2026-10-05,4735,0,86500
2026-10-05,4736,0,182300
2026-10-05,473A,0,2341
2026-10-05,4743,6200,185000
2026-10-05,4746,135300,231700
2026-10-05,4750,1000,51500
2026-10-05,4751,77800,5548900
2026-10-05,4752,0,28100
2026-10-05,4754,0,5700
2026-10-05,4755,1434000,39920300
2026-10-05,475A,0,167200
2026-10-05,4760,0,25200
2026-10-05,4761,0,59100
2026-10-05,4762,0,19100
2026-10-05,4763,3700,103600
2026-10-05,4765,33600,524300
2026-10-05,4766,0,122800
2026-10-05,4767,6500,251000
2026-10-05,4768,29500,29100
2026-10-05,4769,0,800
2026-10-05,476A,1000,84400
2026-10-05,4771,400,97600
2026-10-05,4772,0,2448100
2026-10-05,4776,268400,700400
2026-10-05,4777,0,776700
2026-10-05,477A,0,655800
2026-10-05,4783,1800,66200
2026-10-05,4784,0,5721900
2026-10-05,478A,11700,680100
2026-10-05,4792,4300,91800
2026-10-05,479A,0,579200
2026-10-05,4801,17000,8900
2026-10-05,4809,0,49800
2026-10-05,480A,0,399600
2026-10-05,4811,0,118400
2026-10-05,4812,256400,229300
2026-10-05,4813,525600,3090400
2026-10-05,4814,0,843200
2026-10-05,4816,18000,217400
2026-10-05,4819,39100,410100
2026-10-05,4820,24700,272000
2026-10-05,4825,62500,393900
2026-10-05,4826,28200,395000
2026-10-05,4828,15800,408900
2026-10-05,4829,124600,932700
2026-10-05,4832,0,69400
2026-10-05,4833,0,8826800
2026-10-05,4838,0,489400
2026-10-05,4839,80000,565900
2026-10-05,483A,0,47400
2026-10-05,4840,500,318700
2026-10-05,4845,12300,355700
2026-10-05,4847,97800,343300
2026-10-05,4848,18600,174000
2026-10-05,4849,99100,84000
2026-10-05,485A,6700,7101200
2026-10-05,486A,0,6521
2026-10-05,487A,0,4115
2026-10-05,4880,237200,479100
2026-10-05,4881,0,3499200
2026-10-05,4882,0,1583600
2026-10-05,4883,0,10681800
2026-10-05,4884,10000,1013200
2026-10-05,4885,1500,199000
2026-10-05,4886,600,92900
2026-10-05,4887,88900,390000
2026-10-05,4888,0,2017900
2026-10-05,4889,0,1386500
2026-10-05,488A,0,32910
2026-10-05,4890,0,650500
2026-10-05,4891,0,4107300
2026-10-05,4892,0,802900
2026-10-05,4893,358600,1073900
2026-10-05,4894,0,551300
2026-10-05,4896,0,244200
2026-10-05,489A,0,38
2026-10-05,4901,36800,2225000
2026-10-05,4902,227100,1136600
2026-10-05,4911,344800,812400
2026-10-05,4912,25300,113000
2026-10-05,4914,54300,203800
2026-10-05,4918,0,172100
2026-10-05,4919,13100,53800
2026-10-05,491A,0,0
2026-10-05,4920,0,47300
2026-10-05,4922,279100,207000
2026-10-05,4923,58300,7100
2026-10-05,4925,0,17600
2026-10-05,4926,100,8200
2026-10-05,4927,518100,200900
2026-10-05,4928,18600,60900
2026-10-05,4929,2500,12400
2026-10-05,492A,0,130
2026-10-05,4931,12900,32900
2026-10-05,4932,0,192800
2026-10-05,4933,77400,164900
2026-10-05,4934,0,241700
2026-10-05,4935,1900,4642100
2026-10-05,4936,111300,354200
2026-10-05,4937,0,200400
2026-10-05,493A,0,0
2026-10-05,494A,0,0
2026-10-05,4951,19700,18900
2026-10-05,4956,22900,19100
2026-10-05,4958,47100,17100
2026-10-05,495A,0,0
2026-10-05,4960,0,531300
2026-10-05,4966,100,23600
2026-10-05,4967,101600,92500
2026-10-05,4968,26000,345500
2026-10-05,496A,0,107330
2026-10-05,4970,400,351000
2026-10-05,4971,12900,589100
2026-10-05,4972,0,185100
2026-10-05,4973,200,165900
2026-10-05,4975,12300,161700
2026-10-05,4976,0,8300
2026-10-05,4977,1700,241200
2026-10-05,4978,0,4142200
2026-10-05,4979,2200,40000
2026-10-05,497A,0,297
2026-10-05,4980,59800,1825400
2026-10-05,4985,9100,44100
2026-10-05,498A,0,289
2026-10-05,4990,0,22100
2026-10-05,4992,7500,123900
2026-10-05,4994,2100,15500
2026-10-05,4996,168800,947300
2026-10-05,4997,27400,194500
2026-10-05,4998,26300,95400
2026-10-05,499A,0,1340
2026-10-05,500A,0,66500
2026-10-05,5010,0,1442700
2026-10-05,5011,35100,60200
2026-10-05,5013,28500,56800
2026-10-05,5015,0,49000
2026-10-05,5016,742800,22829000
2026-10-05,5018,6600,98300
2026-10-05,5019,195500,911700
2026-10-05,5020,143300,2144400
2026-10-05,5021,34500,158600
2026-10-05,5025,0,22400
2026-10-05,5026,0,165300
2026-10-05,5027,32300,1423400
2026-10-05,5028,0,374900
2026-10-05,5029,0,163700
2026-10-05,502A,0,110
2026-10-05,5031,0,1207100
2026-10-05,5032,56600,878600
2026-10-05,5033,72200,296100
2026-10-05,5034,0,157700
2026-10-05,5035,0,204300
2026-10-05,5036,14100,115000
2026-10-05,5038,0,151100
2026-10-05,504A,0,208800
2026-10-05,505A,0,127600
2026-10-05,5071,12300,245300
2026-10-05,5074,604800,3394500
2026-10-05,5076,924000,3643500
2026-10-05,5078,0,4500
2026-10-05,5079,0,84000
2026-10-05,509A,0,1239
2026-10-05,5101,36800,513100
2026-10-05,5105,27100,352900
2026-10-05,5108,499700,649200
2026-10-05,5110,32100,1618800
2026-10-05,5121,31800,76100
2026-10-05,5122,5300,1600
2026-10-05,5125,0,77400
2026-10-05,5126,0,12700
2026-10-05,5129,671700,813200
2026-10-05,512A,0,4387
2026-10-05,5131,720100,1759600
2026-10-05,5132,113700,500400
2026-10-05,5133,0,1019600
2026-10-05,5134,0,37900
2026-10-05,5136,100,419700
2026-10-05,5137,728900,1611100
2026-10-05,5138,0,108200
2026-10-05,5139,100,73900
2026-10-05,513A,5292,683986
2026-10-05,5142,37100,467500
2026-10-05,515A,0,1480
2026-10-05,5161,0,189300
2026-10-05,5162,129500,190600
2026-10-05,516A,0,952
2026-10-05,517A,0,156
2026-10-05,5184,3800,71100
2026-10-05,5185,13400,130200
2026-10-05,5186,17700,330200
2026-10-05,5187,0,65200
2026-10-05,5189,0,43500
2026-10-05,518A,0,1169
2026-10-05,5192,48900,37100
2026-10-05,5194,0,311300
2026-10-05,5195,16500,18800
2026-10-05,5199,0,24100
2026-10-05,519A,0,129500
2026-10-05,5201,16900,895300
2026-10-05,5204,400,70000
2026-10-05,5208,63500,433600
2026-10-05,520A,0,1482400
2026-10-05,5210,31800,212500
2026-10-05,5214,25200,286000
2026-10-05,5216,0,1439800
2026-10-05,5218,30100,151000
2026-10-05,521A,2281,1599823
2026-10-05,5232,64900,555600
2026-10-05,5233,36800,474100
2026-10-05,5237,0,218800
2026-10-05,523A,125500,427800
2026-10-05,5240,170900,1203800
2026-10-05,5242,0,210400
2026-10-05,5243,300,879800
2026-10-05,5244,2100,1990100
2026-10-05,5246,255300,2550500
2026-10-05,5247,0,126600
2026-10-05,5248,0,2264500
2026-10-05,5250,0,51300
2026-10-05,5252,0,449400
2026-10-05,5253,1037900,2876600
2026-10-05,5254,100,91400
2026-10-05,5255,0,3840900
2026-10-05,5256,0,68900
2026-10-05,5257,0,56800
2026-10-05,5258,54700,2618000
2026-10-05,5261,2700,17800
2026-10-05,5262,696500,1134500
2026-10-05,5268,0,474100
2026-10-05,5269,21500,432200
2026-10-05,526A,0,1506
2026-10-05,5271,0,12300
2026-10-05,5273,5300,7800
2026-10-05,5279,0,33300
2026-10-05,5280,0,410300
2026-10-05,5282,0,1283700
2026-10-05,5283,0,89500
2026-10-05,5284,0,101800
2026-10-05,5285,900,333600
2026-10-05,5287,0,165200
2026-10-05,5288,200,1105000
2026-10-05,5290,91800,169200
2026-10-05,5301,281200,571600
2026-10-05,5302,3400,39700
2026-10-05,5304,1000,219700
2026-10-05,530A,0,1002
2026-10-05,5310,40000,89200
2026-10-05,531A,0,17
2026-10-05,532A,0,445
2026-10-05,5331,14900,134800
2026-10-05,5332,64300,738800
2026-10-05,5333,34500,410500
2026-10-05,5334,141100,1239700
2026-10-05,5337,0,22000
2026-10-05,533A,0,369
2026-10-05,5341,0,727500
2026-10-05,5344,6400,56100
2026-10-05,534A,0,593
2026-10-05,5351,1100,213300
2026-10-05,5355,0,453800
2026-10-05,5356,900,64500
2026-10-05,5357,4000,108400
2026-10-05,535A,0,0
2026-10-05,5363,3100,675600
2026-10-05,5367,282300,571300
2026-10-05,5368,0,80500
2026-10-05,536A,0,0
2026-10-05,537A,0,536
2026-10-05,5380,0,33500
2026-10-05,5381,65300,618900
2026-10-05,5384,11800,156100
2026-10-05,5388,1200,51600
2026-10-05,538A,0,776
2026-10-05,5391,1300,238600
2026-10-05,5393,12000,117200
2026-10-05,539A,0,200
2026-10-05,5401,1809200,40954900
2026-10-05,5406,240300,1729400
2026-10-05,5408,52500,1007200
2026-10-05,540A,0,117403
2026-10-05,5410,51300,309300
2026-10-05,5411,1179300,5048500
2026-10-05,541A,0,1760
2026-10-05,5423,58100,246300
2026-10-05,542A,0,68400
2026-10-05,543A,396600,24789900
2026-10-05,5440,1000,142400
2026-10-05,5444,7700,38100
2026-10-05,5445,5800,202400
2026-10-05,5446,0,36700
2026-10-05,5449,177100,1740400
2026-10-05,544A,227500,1286900
2026-10-05,5451,197400,123600
2026-10-05,5458,0,74500
2026-10-05,545A,1900,51800
2026-10-05,5461,84800,157100
2026-10-05,5463,16600,102700
2026-10-05,5464,8300,167600
2026-10-05,546A,6500,615500
2026-10-05,5471,55400,512800
2026-10-05,547A,45500,17101600
2026-10-05,5480,23000,124300
2026-10-05,5482,17100,135800
2026-10-05,5484,0,600
2026-10-05,548A,0,107400
2026-10-05,5491,2200,919200
2026-10-05,549A,0,274700
2026-10-05,550A,0,49100
2026-10-05,5527,0,175400
2026-10-05,552A,0,17625
2026-10-05,5532,0,378400
2026-10-05,5533,0,5800
2026-10-05,5535,0,2664200
2026-10-05,5537,0,236100
2026-10-05,5541,177500,762700
2026-10-05,5542,0,252400
2026-10-05,554A,0,93600
2026-10-05,5563,44000,1524000
2026-10-05,556A,0,218300
2026-10-05,5570,0,167500
2026-10-05,5571,0,272900
2026-10-05,5572,100,180600
2026-10-05,5574,10000,566000
2026-10-05,5575,0,54400
2026-10-05,5576,0,24100
2026-10-05,5578,0,250600
2026-10-05,5580,0,9400
2026-10-05,5582,0,110600
2026-10-05,5586,0,391300
2026-10-05,5587,0,282900
2026-10-05,5588,0,284200
2026-10-05,5589,700,7500
2026-10-05,558A,0,122400
2026-10-05,5590,107700,1361300
2026-10-05,5591,0,195000
2026-10-05,5592,0,535400
2026-10-05,5597,0,239000
2026-10-05,5599,0,120800
2026-10-05,559A,0,80800
2026-10-05,5602,52700,343600
2026-10-05,5603,1800,195300
2026-10-05,5609,0,201600
2026-10-05,5612,0,94800
2026-10-05,5616,0,56300
2026-10-05,5618,0,50800
2026-10-05,5619,0,29000
2026-10-05,5621,0,134900
2026-10-05,5631,45000,1064000
2026-10-05,5632,13600,207800
2026-10-05,563A,8411,3539147
2026-10-05,5644,0,15700
2026-10-05,564A,0,1078
2026-10-05,5658,2400,267100
2026-10-05,5659,47300,120600
2026-10-05,566A,0,149
2026-10-05,568A,0,117690
2026-10-05,5695,0,12500
2026-10-05,5697,0,91700
2026-10-05,5698,100,627400
2026-10-05,5699,0,211800
2026-10-05,569A,0,24070
2026-10-05,5702,18600,580700
2026-10-05,5703,7000,437600
2026-10-05,5704,0,371100
2026-10-05,5706,1180900,12341700
2026-10-05,5707,381400,1510100
2026-10-05,570A,0,30
2026-10-05,5711,29500,2353400
2026-10-05,5713,146300,1760400
2026-10-05,5714,5300,359000
2026-10-05,5715,21400,350900
2026-10-05,571A,0,60
2026-10-05,5721,0,3015900
2026-10-05,5724,0,180900
2026-10-05,5726,814600,1490400
2026-10-05,5729,0,89800
2026-10-05,572A,0,80
2026-10-05,573A,0,42800
2026-10-05,5741,17100,617700
2026-10-05,5742,100,22400
2026-10-05,5753,0,102100
2026-10-05,5757,400,19600
2026-10-05,575A,1400,160400
2026-10-05,576A,0,135139
2026-10-05,577A,0,13790
2026-10-05,578A,0,107400
2026-10-05,579A,0,74240
2026-10-05,5801,1485900,16460800
2026-10-05,5802,341600,10436800
2026-10-05,5803,1785000,20893400
2026-10-05,5805,65600,1160100
2026-10-05,580A,0,92692
2026-10-05,5816,4500,468300
2026-10-05,5817,0,305600
2026-10-05,5819,0,58000
2026-10-05,581A,83400,3647400
2026-10-05,5820,0,376600
2026-10-05,5821,300,371800
2026-10-05,5830,15100,426600
2026-10-05,5831,65800,612700
2026-10-05,5832,14500,351700
2026-10-05,5834,2600,461900
2026-10-05,5838,42100,1790500
2026-10-05,5842,0,214600
2026-10-05,5843,0,222400
2026-10-05,5844,57400,273000
2026-10-05,5845,0,286700
2026-10-05,584A,0,362700
2026-10-05,5851,25400,120600
2026-10-05,5852,66000,615300
2026-10-05,5857,16400,654800
2026-10-05,5858,0,223000
2026-10-05,585A,0,762
2026-10-05,5867,0,19200
2026-10-05,5868,0,92400
2026-10-05,5869,100,37200
2026-10-05,586A,0,847850
2026-10-05,5870,0,314500
2026-10-05,5871,3300,152400
2026-10-05,5884,0,346700
2026-10-05,5885,21300,81800
2026-10-05,5888,0,41700
2026-10-05,5889,100,487300
2026-10-05,5891,0,82700
2026-10-05,5892,0,464700
2026-10-05,589A,0,205800
2026-10-05,5900,0,14800
2026-10-05,5901,56000,60600
2026-10-05,5902,3400,19800
2026-10-05,5905,0,88700
2026-10-05,5906,0,348700
2026-10-05,5909,5400,21600
2026-10-05,590A,42100,634400
2026-10-05,5911,79200,461800
2026-10-05,5915,1700,77200
2026-10-05,5918,0,23900
2026-10-05,5921,0,158800
2026-10-05,5922,0,5000
2026-10-05,5923,0,439900
2026-10-05,5928,1600,152700
2026-10-05,5929,52200,87300
2026-10-05,5930,100,55200
2026-10-05,5932,25400,560600
2026-10-05,5933,5700,46700
2026-10-05,5936,700,215300
2026-10-05,5938,438800,1870700
2026-10-05,5939,0,19800
2026-10-05,593A,38100,5155200
2026-10-05,5940,0,315800
2026-10-05,5941,100,19600
2026-10-05,5942,0,352200
2026-10-05,5943,48400,55000
2026-10-05,5945,0,175700
2026-10-05,5946,17500,2394100
2026-10-05,5947,135200,93400
2026-10-05,5949,8700,172400
2026-10-05,5950,0,191500
2026-10-05,5951,52000,20600
2026-10-05,5952,0,557100
2026-10-05,5955,76400,2962300
2026-10-05,5956,1500,42300
2026-10-05,5957,7800,184300
2026-10-05,5958,0,89600
2026-10-05,5959,6600,204100
2026-10-05,5962,0,36300
2026-10-05,5965,0,90000
2026-10-05,5966,0,1800
2026-10-05,5967,0,797200
2026-10-05,5969,0,2600
2026-10-05,5970,4300,260800
2026-10-05,5971,0,900
2026-10-05,5973,0,239200
2026-10-05,5974,0,10100
2026-10-05,5975,6400,35900
2026-10-05,5976,30400,79200
2026-10-05,5981,6300,196600
2026-10-05,5982,0,5000
2026-10-05,5983,0,7800
2026-10-05,5984,0,61200
2026-10-05,5985,251500,1545700
2026-10-05,5986,0,617200
2026-10-05,5987,0,16300
2026-10-05,5988,187900,99000
2026-10-05,5989,6500,630800
2026-10-05,598A,0,255800
2026-10-05,5990,0,54300
2026-10-05,5991,9500,1610300
2026-10-05,5992,600,751600
2026-10-05,5994,0,159300
2026-10-05,5997,0,30300
2026-10-05,5998,3600,97600
2026-10-05,6005,38200,132100
2026-10-05,600A,0,1129
2026-10-05,6013,41400,62800
2026-10-05,6016,100,229800
2026-10-05,6018,0,48700
2026-10-05,6022,0,49900
2026-10-05,6023,3200,452400
2026-10-05,6027,343100,535800
2026-10-05,6029,0,960900
2026-10-05,6030,0,141100
2026-10-05,6031,76700,1824400
2026-10-05,6033,4400,157800
2026-10-05,6034,900,120000
2026-10-05,6035,17700,634900
2026-10-05,6036,48000,301900
2026-10-05,6037,100,350500
2026-10-05,6038,1200,314100
2026-10-05,6039,0,577200
2026-10-05,603A,0,2367500
2026-10-05,6040,0,257700
2026-10-05,6042,0,18600
2026-10-05,6044,0,42700
2026-10-05,6045,14800,98100
2026-10-05,6046,204400,669600
2026-10-05,6047,158800,1107400
2026-10-05,6049,0,997100
2026-10-05,604A,0,1042500
2026-10-05,6050,60100,37600
2026-10-05,6054,52700,1249900
2026-10-05,6055,37600,492300
2026-10-05,6058,115600,3707900
2026-10-05,6059,1400,142900
2026-10-05,605A,0,111000
2026-10-05,6061,0,42700
2026-10-05,6062,31800,255600
2026-10-05,6063,0,23100
2026-10-05,6069,4000,624800
2026-10-05,606A,0,14501
2026-10-05,6070,6200,115600
2026-10-05,6071,12500,549900
2026-10-05,6072,831400,5272600
2026-10-05,6073,30100,36700
2026-10-05,6074,0,270000
2026-10-05,6078,210900,84500
2026-10-05,607A,0,2039200
2026-10-05,6080,42500,141300
2026-10-05,6081,0,1505300
2026-10-05,6082,2400,42800
2026-10-05,6083,27300,279400
2026-10-05,6085,0,3354700
2026-10-05,6086,0,66100
2026-10-05,6087,500,6000
2026-10-05,6088,31900,1180800
2026-10-05,6089,13600,78000
2026-10-05,608A,0,28324
2026-10-05,6090,0,182900
2026-10-05,6091,17200,523300
2026-10-05,6092,10000,477200
2026-10-05,6093,110700,906500
2026-10-05,6094,0,1268900
2026-10-05,6098,366200,489000
2026-10-05,6099,58200,174300
2026-10-05,609A,0,50332
2026-10-05,6101,15500,521100
2026-10-05,6103,13100,131200
2026-10-05,6104,33800,46200
2026-10-05,610A,0,105890
2026-10-05,6113,32900,208600
2026-10-05,6118,66600,150800
2026-10-05,611A,0,4220
2026-10-05,6125,0,419300
2026-10-05,612A,0,10
2026-10-05,6134,20100,556600
2026-10-05,6135,100,272500
2026-10-05,6136,14600,146600
2026-10-05,6137,700,204800
2026-10-05,6138,0,85500
2026-10-05,613A,0,15
2026-10-05,6140,14800,1131100
2026-10-05,6141,29900,2053200
2026-10-05,6143,24700,630500
2026-10-05,6144,0,62100
2026-10-05,6145,11600,161800
2026-10-05,6146,166400,769600
2026-10-05,6149,0,77000
2026-10-05,6150,0,21300
2026-10-05,6151,2100,58200
2026-10-05,6155,0,153800
2026-10-05,6156,0,13300
2026-10-05,6157,10600,139700
2026-10-05,6158,20000,51900
2026-10-05,6159,0,4900
2026-10-05,6161,0,1041400
2026-10-05,6165,2300,918200
2026-10-05,6166,0,649500
2026-10-05,6167,29400,177500
2026-10-05,6171,800,249900
2026-10-05,6176,0,396900
2026-10-05,6177,0,2005200
2026-10-05,6178,119200,500300
2026-10-05,6180,0,36200
2026-10-05,6181,0,2401600
2026-10-05,6182,130400,576100
2026-10-05,6183,13900,165900
2026-10-05,6184,190100,476700
2026-10-05,6185,17000,198800
2026-10-05,6186,0,83100
2026-10-05,6189,5900,112300
2026-10-05,618A,0,800900
2026-10-05,6190,0,231000
2026-10-05,6191,151900,803800
2026-10-05,6193,0,52100
2026-10-05,6194,1197200,544900
2026-10-05,6195,0,330200
2026-10-05,6196,43300,1222900
2026-10-05,6198,0,672000
2026-10-05,6199,20600,89300
2026-10-05,619A,0,2381100
2026-10-05,6200,48400,947300
2026-10-05,6203,164000,1491100
2026-10-05,6208,90600,411800
2026-10-05,6209,11700,117800
2026-10-05,6217,0,327700
2026-10-05,6218,2900,208800
2026-10-05,621A,100,784100
2026-10-05,6222,413500,434200
2026-10-05,6223,4800,165000
2026-10-05,6224,0,490300
2026-10-05,6226,55500,507800
2026-10-05,6227,792300,2206800
2026-10-05,6228,0,293100
2026-10-05,6229,0,81800
2026-10-05,622A,0,231000
2026-10-05,6230,0,16800
2026-10-05,6231,100,101600
2026-10-05,6232,810800,2492600
2026-10-05,6233,0,76700
2026-10-05,6235,2600,475400
2026-10-05,6237,10400,77800
2026-10-05,6238,5000,449000
2026-10-05,6239,0,654600
2026-10-05,623A,0,801100
2026-10-05,6240,170400,872000
2026-10-05,6245,23500,597300
2026-10-05,6246,2100,36400
2026-10-05,6247,20600,39400
2026-10-05,6248,0,16500
2026-10-05,6249,0,65900
2026-10-05,6250,5400,90800
2026-10-05,6254,329400,2057400
2026-10-05,6255,177000,1194000
2026-10-05,6257,5000,140800
2026-10-05,6258,79900,782300
2026-10-05,625A,2800,1100900
2026-10-05,6262,1700,3250100
2026-10-05,6264,48900,1583400
2026-10-05,6265,0,43800
2026-10-05,6266,67200,341300
2026-10-05,6267,0,5800
2026-10-05,6268,24800,903900
2026-10-05,6269,46000,1621400
2026-10-05,626A,0,8192
2026-10-05,6272,4200,93100
2026-10-05,6273,9300,51700
2026-10-05,6276,0,473500
2026-10-05,6277,44300,193800
2026-10-05,6278,17200,164600
2026-10-05,6279,36800,58600
2026-10-05,627A,8400,1313500
2026-10-05,6282,23000,23500
2026-10-05,6284,500,21500
2026-10-05,6286,0,27300
2026-10-05,6287,36700,64700
2026-10-05,6289,134300,105800
2026-10-05,6291,100,528600
2026-10-05,6292,0,137400
2026-10-05,6294,1500,137300
2026-10-05,6298,209600,1071100
2026-10-05,6301,240100,760300
2026-10-05,6302,37700,176200
2026-10-05,6305,19100,425400
2026-10-05,6306,12300,95400
2026-10-05,6307,0,174100
2026-10-05,6309,26300,163600
2026-10-05,630A,0,2
2026-10-05,6310,35900,163900
2026-10-05,6315,167900,4711200
2026-10-05,6316,0,37200
2026-10-05,6317,44400,203800
2026-10-05,6322,0,103100
2026-10-05,6323,160900,3514500
2026-10-05,6324,723000,840500
2026-10-05,6325,3600,34800
2026-10-05,6326,246400,713800
2026-10-05,6327,0,696900
2026-10-05,6328,17800,146400
2026-10-05,632A,0,107
2026-10-05,6330,1252400,5111800
2026-10-05,6331,17000,724500
2026-10-05,6332,7100,135700
2026-10-05,6333,8800,14000
2026-10-05,6334,0,99700
2026-10-05,6335,0,259500
2026-10-05,6336,100,477100
2026-10-05,6337,0,131900
2026-10-05,6338,0,241300
2026-10-05,6339,44000,88500
2026-10-05,633A,0,136317
2026-10-05,6340,17200,18100
2026-10-05,6342,0,6700
2026-10-05,6343,15800,1145500
2026-10-05,6345,38300,227700
2026-10-05,6346,0,4400
2026-10-05,6347,0,794200
2026-10-05,6349,65300,142700
2026-10-05,634A,1800,454900
2026-10-05,6351,9800,16800
2026-10-05,6356,343500,881200
2026-10-05,6357,1400,149900
2026-10-05,6358,3400,107700
2026-10-05,635A,0,10
2026-10-05,6360,0,11500
2026-10-05,6361,66300,1423600
2026-10-05,6363,14500,476500
2026-10-05,6364,23900,47200
2026-10-05,6365,0,10300
2026-10-05,6366,476100,10200100
2026-10-05,6367,14900,599000
2026-10-05,6368,141900,1157900
2026-10-05,6369,4300,149100
2026-10-05,636A,0,10
2026-10-05,6370,8800,141400
2026-10-05,6371,54100,87600
2026-10-05,6376,32900,3191800
2026-10-05,6378,13200,633900
2026-10-05,6379,235100,166600
2026-10-05,6380,0,431500
2026-10-05,6381,11200,96000
2026-10-05,6382,0,161200
2026-10-05,6383,41500,737600
2026-10-05,6384,0,89700
2026-10-05,6387,700,129700
2026-10-05,6390,13800,332300
2026-10-05,6391,0,45200
2026-10-05,6392,0,3100
2026-10-05,6393,100,29800
2026-10-05,6395,10600,287200
2026-10-05,6396,0,46400
2026-10-05,639A,0,1075750
2026-10-05,6400,800,443200
2026-10-05,6402,0,35100
2026-10-05,6405,0,459900
2026-10-05,6407,8700,200000
2026-10-05,6408,0,32000
2026-10-05,640A,0,468300
2026-10-05,6412,68300,101100
2026-10-05,6413,27900,775200
2026-10-05,6417,40000,394600
2026-10-05,6418,32400,198900
2026-10-05,6419,18300,292200
2026-10-05,641A,5100,399000
2026-10-05,6420,2900,8300
2026-10-05,6424,0,63900
2026-10-05,6425,179400,2002800
2026-10-05,6428,900,334500
2026-10-05,642A,33600,885700
2026-10-05,6430,20200,106100
2026-10-05,6432,20800,509000
2026-10-05,6433,0,635000
2026-10-05,6436,16200,37500
2026-10-05,643A,0,5689
2026-10-05,6440,153600,1012100
2026-10-05,6444,265000,914100
2026-10-05,6445,13000,82900
2026-10-05,6448,24000,97100
2026-10-05,644A,0,1087
2026-10-05,6454,38700,43300
2026-10-05,6455,10900,27200
2026-10-05,6457,8500,25400
2026-10-05,6458,2100,283800
2026-10-05,6459,36600,54100
2026-10-05,6460,97800,144400
2026-10-05,6463,4200,133600
2026-10-05,6464,62000,1271200
2026-10-05,6465,48100,242300
2026-10-05,6466,0,139600
2026-10-05,6467,0,283600
2026-10-05,6469,0,354300
2026-10-05,646A,0,17681000
2026-10-05,6470,37500,153700
2026-10-05,6471,35800,1361900
2026-10-05,6472,343400,1875100
2026-10-05,6473,40500,277400
2026-10-05,6474,20000,273100
2026-10-05,6479,46700,2544900
2026-10-05,6480,17900,1385400
2026-10-05,6481,66900,473600
2026-10-05,6482,20200,106300
2026-10-05,6484,0,9900
2026-10-05,6485,9100,22000
2026-10-05,6488,0,121900
2026-10-05,6490,15400,82600
2026-10-05,6492,100,82500
2026-10-05,6493,0,518500
2026-10-05,6494,0,3947000
2026-10-05,6495,0,261800
2026-10-05,6496,0,75600
2026-10-05,6497,0,48500
2026-10-05,6498,7800,675300
2026-10-05,6501,463200,3235600
2026-10-05,6503,95700,3400500
2026-10-05,6504,22500,418300
2026-10-05,6505,1400,144200
2026-10-05,6506,250800,5931200
2026-10-05,6507,20700,107700
2026-10-05,6508,18500,164000
2026-10-05,6513,100,284600
2026-10-05,6516,6100,131300
2026-10-05,6517,7400,33100
2026-10-05,6518,0,216500
2026-10-05,6521,0,672300
2026-10-05,6522,124800,1286700
2026-10-05,6523,38100,1495900
2026-10-05,6524,20100,506800
2026-10-05,6525,708400,1768500
2026-10-05,6526,1081500,5354300
2026-10-05,6532,160200,336400
2026-10-05,6533,112800,130200
2026-10-05,6535,22000,970800
2026-10-05,6537,59000,329800
2026-10-05,6538,800,859800
2026-10-05,6539,6900,315800
2026-10-05,6540,400,138900
2026-10-05,6543,0,22500
2026-10-05,6544,88100,447000
2026-10-05,6545,300,227600
2026-10-05,6546,400,6200
2026-10-05,6547,2300,283100
2026-10-05,6548,0,726000
2026-10-05,6549,0,100600
2026-10-05,6551,21400,280200
2026-10-05,6552,0,714600
2026-10-05,6554,0,273200
2026-10-05,6555,0,114500
2026-10-05,6557,0,214600
2026-10-05,6558,0,30500
2026-10-05,6560,1300,104200
2026-10-05,6561,0,354000
2026-10-05,6562,115900,633500
2026-10-05,6563,1900,112600
2026-10-05,6564,0,111100
2026-10-05,6566,200,32700
2026-10-05,6568,0,118000
2026-10-05,6570,68800,81200
2026-10-05,6571,5800,101500
2026-10-05,6572,150200,862800
2026-10-05,6573,0,5179700
2026-10-05,6574,0,8084200
2026-10-05,6577,0,110400
2026-10-05,6578,0,59700
2026-10-05,6579,0,314500
2026-10-05,6580,30800,209700
2026-10-05,6584,281500,1363800
2026-10-05,6586,34600,198100
2026-10-05,6588,26500,139800
2026-10-05,6590,64900,1157600
2026-10-05,6592,106700,220900
2026-10-05,6594,674600,6275700
2026-10-05,6597,0,335200
2026-10-05,6599,0,52700
2026-10-05,6612,0,85100
2026-10-05,6613,15100,3770100
2026-10-05,6614,13300,117800
2026-10-05,6615,19000,547200
2026-10-05,6616,200,226700
2026-10-05,6617,9100,160100
2026-10-05,6619,714100,7057800
2026-10-05,6620,181600,603800
2026-10-05,6622,24900,1029200
2026-10-05,6625,312300,3827800
2026-10-05,6626,0,58700
2026-10-05,6627,100,1005100
2026-10-05,6629,265600,1186500
2026-10-05,6630,424600,156500
2026-10-05,6632,69100,1299100
2026-10-05,6633,400,101200
2026-10-05,6634,0,918700
2026-10-05,6635,31800,314900
2026-10-05,6637,0,196400
2026-10-05,6638,21000,46700
2026-10-05,6643,600,27900
2026-10-05,6644,65000,392100
2026-10-05,6645,36100,377400
2026-10-05,6647,0,32400
2026-10-05,6648,0,244000
2026-10-05,6651,17600,55100
2026-10-05,6652,9800,82300
2026-10-05,6653,1300,730500
2026-10-05,6654,6500,88900
2026-10-05,6656,89900,384400
2026-10-05,6658,0,609700
2026-10-05,6659,500800,7795900
2026-10-05,6662,0,2047800
2026-10-05,6663,0,254100
2026-10-05,6664,116900,445200
2026-10-05,6666,0,454200
2026-10-05,6668,0,425300
2026-10-05,6674,19700,600800
2026-10-05,6675,16600,154400
2026-10-05,6676,99000,52700
2026-10-05,6677,1800,232300
2026-10-05,6678,0,134300
2026-10-05,6694,0,155500
2026-10-05,6696,0,380700
2026-10-05,6699,1000,493100
2026-10-05,6701,243400,4499100
2026-10-05,6702,163300,2373300
2026-10-05,6703,46000,1095300
2026-10-05,6706,15400,223500
2026-10-05,6707,30700,63000
2026-10-05,6718,3200,69300
2026-10-05,6721,0,3450100
2026-10-05,6723,812900,2766900
2026-10-05,6724,141400,91600
2026-10-05,6727,123600,740800
2026-10-05,6728,51900,218600
2026-10-05,6730,45700,446700
2026-10-05,6731,0,343400
2026-10-05,6736,42600,17900
2026-10-05,6737,17700,59500
2026-10-05,6740,8524300,42995200
2026-10-05,6741,21000,184300
2026-10-05,6742,36600,228100
2026-10-05,6743,0,124800
2026-10-05,6744,11300,120100
2026-10-05,6745,16600,75500
2026-10-05,6748,100,231400
2026-10-05,6750,50400,87800
2026-10-05,6752,468800,1632000
2026-10-05,6753,2878300,2902300
2026-10-05,6754,105300,783900
2026-10-05,6757,0,84100
2026-10-05,6758,279500,6078600
2026-10-05,6762,799500,4915900
2026-10-05,6763,19800,16200
2026-10-05,6768,84700,1385700
2026-10-05,6769,0,353500
2026-10-05,6770,91000,111100
2026-10-05,6771,11000,200100
2026-10-05,6772,0,1748900
2026-10-05,6775,0,1063000
2026-10-05,6776,0,456500
2026-10-05,6777,0,256300
2026-10-05,6778,21700,390500
2026-10-05,6779,15200,1102900
2026-10-05,6785,14000,91100
2026-10-05,6786,0,1097100
2026-10-05,6787,28500,452000
2026-10-05,6788,10100,10100
2026-10-05,6794,45300,972300
2026-10-05,6797,0,142300
2026-10-05,6798,19300,49800
2026-10-05,6800,6900,239800
2026-10-05,6803,81500,1102900
2026-10-05,6804,6100,243300
2026-10-05,6806,3400,16600
2026-10-05,6807,50600,34600
2026-10-05,6809,7100,207700
2026-10-05,6810,35500,105800
2026-10-05,6814,20500,436200
2026-10-05,6817,8600,441700
2026-10-05,6819,0,113400
2026-10-05,6820,7400,21600
2026-10-05,6822,0,59500
2026-10-05,6823,3400,97900
2026-10-05,6824,0,19200
2026-10-05,6832,0,144500
2026-10-05,6834,373800,1428900
2026-10-05,6835,0,1565000
2026-10-05,6836,0,256100
2026-10-05,6837,0,318100
2026-10-05,6838,0,938000
2026-10-05,6840,0,1309400
2026-10-05,6841,46100,171500
2026-10-05,6844,9000,204600
2026-10-05,6845,100800,141900
2026-10-05,6848,1700,39900
2026-10-05,6849,94000,74100
2026-10-05,6850,20900,28700
2026-10-05,6853,8300,85000
2026-10-05,6855,54700,749600
2026-10-05,6856,9500,50500
2026-10-05,6857,2094700,1824300
2026-10-05,6858,0,243900
2026-10-05,6859,14600,50600
2026-10-05,6861,57400,127300
2026-10-05,6862,0,968800
2026-10-05,6863,0,391200
2026-10-05,6864,0,248300
2026-10-05,6866,7400,25800
2026-10-05,6867,0,267800
2026-10-05,6869,159700,860400
2026-10-05,6870,0,55800
2026-10-05,6871,84000,610700
2026-10-05,6874,200,53200
2026-10-05,6875,13300,53200
2026-10-05,6877,13100,35500
2026-10-05,6882,28900,491100
2026-10-05,6888,200,136100
2026-10-05,6890,88500,1824800
2026-10-05,6894,0,30000
2026-10-05,6897,0,1444300
2026-10-05,6898,0,51300
2026-10-05,6899,0,143500
2026-10-05,6902,185200,4009700
2026-10-05,6904,0,611900
2026-10-05,6905,47400,167600
2026-10-05,6907,0,829400
2026-10-05,6908,30100,291600
2026-10-05,6912,0,57100
2026-10-05,6914,1900,165500
2026-10-05,6915,2500,94300
2026-10-05,6918,0,122600
2026-10-05,6919,9500,93800
2026-10-05,6920,671000,1236500
2026-10-05,6923,17300,22000
2026-10-05,6925,16800,92500
2026-10-05,6926,38500,185100
2026-10-05,6927,0,350000
2026-10-05,6928,0,116300
2026-10-05,6929,3600,100400
2026-10-05,6932,1600,267500
2026-10-05,6941,38800,318600
2026-10-05,6942,0,5800
2026-10-05,6943,0,39400
2026-10-05,6946,0,427600
2026-10-05,6947,22100,29500
2026-10-05,6951,29800,67700
2026-10-05,6952,59300,282500
2026-10-05,6954,237200,4934600
2026-10-05,6955,0,868800
2026-10-05,6958,179800,1572200
2026-10-05,6960,4300,26600
2026-10-05,6961,15100,154500
2026-10-05,6962,636900,1571500
2026-10-05,6963,179800,836200
2026-10-05,6964,0,49200
2026-10-05,6965,99000,2742900
2026-10-05,6966,287600,6360400
2026-10-05,6969,100,415500
2026-10-05,6971,116900,493600
2026-10-05,6976,1062000,3980900
2026-10-05,6977,0,110300
2026-10-05,6981,1076000,6113800
2026-10-05,6982,0,184800
2026-10-05,6986,208300,1045000
2026-10-05,6988,74900,335800
2026-10-05,6989,5200,185900
2026-10-05,6993,6768700,22512300
2026-10-05,6994,95000,617900
2026-10-05,6995,44600,30900
2026-10-05,6996,25000,466000
2026-10-05,6997,52500,1140000
2026-10-05,6998,40100,206600
2026-10-05,6999,47000,679900
2026-10-05,7003,82800,3913500
2026-10-05,7004,673200,3465900
2026-10-05,7011,879100,19767800
2026-10-05,7012,693100,19586200
2026-10-05,7013,326300,13935200
2026-10-05,7014,58300,1480200
2026-10-05,7018,500,273500
2026-10-05,7021,0,51800
2026-10-05,7022,34000,1391100
2026-10-05,7030,1700,451000
2026-10-05,7031,0,106200
2026-10-05,7033,39700,244600
2026-10-05,7034,0,514300
2026-10-05,7035,16200,344900
2026-10-05,7036,0,47700
2026-10-05,7037,0,55800
2026-10-05,7038,151800,292000
2026-10-05,7039,16400,118900
2026-10-05,7040,0,45300
2026-10-05,7041,0,83500
2026-10-05,7042,0,33400
2026-10-05,7043,0,252900
2026-10-05,7044,0,251300
2026-10-05,7046,0,78100
2026-10-05,7047,6700,2006800
2026-10-05,7048,211800,1461000
2026-10-05,7049,10200,59200
2026-10-05,7050,0,150300
2026-10-05,7057,0,170900
2026-10-05,7058,0,30300
2026-10-05,7059,3800,754700
2026-10-05,7060,1100,253400
2026-10-05,7061,36500,672500
2026-10-05,7062,0,257300
2026-10-05,7063,0,4437900
2026-10-05,7064,0,109800
2026-10-05,7065,1200,139200
2026-10-05,7066,0,288400
2026-10-05,7067,0,27500
2026-10-05,7068,4800,420900
2026-10-05,7069,0,331800
2026-10-05,7071,685900,1716600
2026-10-05,7072,0,164000
2026-10-05,7073,0,15900
2026-10-05,7074,0,259100
2026-10-05,7075,0,57100
2026-10-05,7077,0,45600
2026-10-05,7078,0,334300
2026-10-05,7079,0,82500
2026-10-05,7080,0,195300
2026-10-05,7081,0,496400
2026-10-05,7083,0,31000
2026-10-05,7084,0,95300
2026-10-05,7085,114200,264700
2026-10-05,7087,2400,36400
2026-10-05,7089,0,177900
2026-10-05,7090,0,10400
2026-10-05,7091,0,98200
2026-10-05,7093,0,270500
2026-10-05,7094,18600,1152300
2026-10-05,7095,0,592700
2026-10-05,7096,17400,243400
2026-10-05,7097,0,44300
2026-10-05,7102,8100,74000
2026-10-05,7110,500,153200
2026-10-05,7111,0,389800
2026-10-05,7112,0,321100
2026-10-05,7114,0,58900
2026-10-05,7115,0,108400
2026-10-05,7119,48600,61500
2026-10-05,7120,0,87800
2026-10-05,7122,0,44400
2026-10-05,7126,0,24400
2026-10-05,7127,0,16300
2026-10-05,7128,275000,89900
2026-10-05,7129,0,17200
2026-10-05,7130,3400,276000
2026-10-05,7131,0,59900
2026-10-05,7133,0,7300
2026-10-05,7134,1100,70100
2026-10-05,7135,12600,98600
2026-10-05,7138,0,2290800
2026-10-05,7140,0,53900
2026-10-05,7148,639400,1729600
2026-10-05,7150,72200,186000
2026-10-05,7157,63400,445700
2026-10-05,7161,84500,692600
2026-10-05,7162,0,853400
2026-10-05,7164,67400,225500
2026-10-05,7167,67700,749900
2026-10-05,7172,23700,1407200
2026-10-05,7173,118400,1660400
2026-10-05,7175,0,52400
2026-10-05,7177,100,701500
2026-10-05,7180,95300,855400
2026-10-05,7181,39200,1483600
2026-10-05,7182,192200,1151700
2026-10-05,7183,0,2100
2026-10-05,7184,24100,83900
2026-10-05,7185,0,15500
2026-10-05,7186,61700,1031300
2026-10-05,7187,6300,355000
2026-10-05,7189,10800,282900
2026-10-05,7191,11200,92000
2026-10-05,7192,7000,638500
2026-10-05,7196,0,132700
2026-10-05,7198,232000,640800
2026-10-05,7199,32100,518800
2026-10-05,7201,1135200,79396100
2026-10-05,7202,28800,1194900
2026-10-05,7203,1664300,18812500
2026-10-05,7208,0,12200
2026-10-05,7211,2624800,9225800
2026-10-05,7212,2300,784700
2026-10-05,7213,4500,174400
2026-10-05,7214,0,328800
2026-10-05,7215,0,141300
2026-10-05,7217,0,67600
2026-10-05,7218,0,34300
2026-10-05,7219,0,18100
2026-10-05,7220,24500,743800
2026-10-05,7222,43500,383800
2026-10-05,7224,31300,716900
2026-10-05,7226,19300,551000
2026-10-05,7228,0,31400
2026-10-05,7231,26800,57400
2026-10-05,7235,0,233100
2026-10-05,7236,17600,780500
2026-10-05,7238,197400,7334700
2026-10-05,7239,4700,188700
2026-10-05,7241,18200,146200
2026-10-05,7242,34500,226100
2026-10-05,7244,28000,300000
2026-10-05,7245,88900,652100
2026-10-05,7246,3000,345000
2026-10-05,7247,0,333000
2026-10-05,7254,0,792900
2026-10-05,7256,48300,2888200
2026-10-05,7259,136000,970400
2026-10-05,7261,504300,6065800
2026-10-05,7264,0,40400
2026-10-05,7265,0,27400
2026-10-05,7266,18300,377200
2026-10-05,7267,1658500,3813100
2026-10-05,7269,103200,3518500
2026-10-05,7270,146300,1619700
2026-10-05,7271,0,570400
2026-10-05,7272,386400,1171200
2026-10-05,7273,0,3792400
2026-10-05,7276,87900,1822200
2026-10-05,7277,8500,294700
2026-10-05,7278,14800,215700
2026-10-05,7279,94200,137900
2026-10-05,7280,12300,374300
2026-10-05,7282,45100,899600
2026-10-05,7283,1600,94700
2026-10-05,7284,0,668800
2026-10-05,7287,89000,298900
2026-10-05,7291,7700,553800
2026-10-05,7292,0,502100
2026-10-05,7294,23700,81900
2026-10-05,7296,11300,23600
2026-10-05,7297,0,16100
2026-10-05,7299,0,56000
2026-10-05,7305,1900,154200
2026-10-05,7309,69100,65900
2026-10-05,7313,106200,180700
2026-10-05,7314,0,20300
2026-10-05,7318,0,1034400
2026-10-05,7320,100,671600
2026-10-05,7322,14600,577300
2026-10-05,7325,0,161900
2026-10-05,7326,0,214800
2026-10-05,7327,24000,667700
2026-10-05,7337,33000,451200
2026-10-05,7343,0,34800
2026-10-05,7345,0,120300
2026-10-05,7347,28400,278600
2026-10-05,7350,10900,127200
2026-10-05,7351,0,191200
2026-10-05,7352,361200,1175100
2026-10-05,7353,0,216600
2026-10-05,7354,36400,1878700
2026-10-05,7356,19100,512600
2026-10-05,7357,0,22700
2026-10-05,7358,100,64500
2026-10-05,7359,0,586500
2026-10-05,7360,0,38900
2026-10-05,7361,0,133300
2026-10-05,7362,0,94400
2026-10-05,7363,0,32900
2026-10-05,7366,47200,61800
2026-10-05,7367,0,195200
2026-10-05,7368,500,12800
2026-10-05,7369,0,142800
2026-10-05,7370,100,120900
2026-10-05,7371,11500,799800
2026-10-05,7372,0,168400
2026-10-05,7373,73100,423900
2026-10-05,7374,0,190200
2026-10-05,7375,0,301000
2026-10-05,7376,0,776400
2026-10-05,7377,0,157200
2026-10-05,7378,22300,217000
2026-10-05,7380,42200,392500
2026-10-05,7381,53200,444300
2026-10-05,7383,482500,8150100
2026-10-05,7384,67100,148500
2026-10-05,7388,173400,139400
2026-10-05,7389,89300,4508500
2026-10-05,7399,0,30000
2026-10-05,7409,0,419500
2026-10-05,7412,1544300,1092700
2026-10-05,7413,0,30500
2026-10-05,7414,1800,287500
2026-10-05,7416,3500,9800
2026-10-05,7417,3500,24200
2026-10-05,7419,69600,6975800
2026-10-05,7421,594400,48300
2026-10-05,7422,0,42400
2026-10-05,7425,0,201600
2026-10-05,7427,0,192100
2026-10-05,7433,56700,301000
2026-10-05,7434,0,24300
2026-10-05,7435,0,90400
2026-10-05,7438,5500,26000
2026-10-05,7442,2300,56100
2026-10-05,7443,600,36700
2026-10-05,7444,0,116300
2026-10-05,7446,0,3000
2026-10-05,7447,63700,184200
2026-10-05,7453,531700,827200
2026-10-05,7456,3100,164000
2026-10-05,7458,72100,78800
2026-10-05,7459,10600,12500
2026-10-05,7460,3200,1012900
2026-10-05,7461,0,32000
2026-10-05,7462,0,4900
2026-10-05,7463,11300,561300
2026-10-05,7464,0,35400
2026-10-05,7466,7600,30800
2026-10-05,7472,0,2700
2026-10-05,7475,4300,14300
2026-10-05,7476,39100,9300
2026-10-05,7477,0,68100
2026-10-05,7480,11300,156400
2026-10-05,7481,0,11800
2026-10-05,7482,2800,50500
2026-10-05,7483,13500,36800
2026-10-05,7486,0,16200
2026-10-05,7487,40600,18900
2026-10-05,7490,0,300
2026-10-05,7494,12900,623700
2026-10-05,7500,0,4000
2026-10-05,7501,0,40800
2026-10-05,7502,0,4900
2026-10-05,7504,62900,28200
2026-10-05,7505,0,117300
2026-10-05,7506,3900,1400
2026-10-05,7508,1400,202300
2026-10-05,7509,0,42000
2026-10-05,7510,5300,23900
2026-10-05,7512,154800,94400
2026-10-05,7513,213700,73000
2026-10-05,7514,0,22200
2026-10-05,7515,0,1100
2026-10-05,7516,16600,97000
2026-10-05,7520,300,22300
2026-10-05,7521,0,114000
2026-10-05,7522,23900,337400
2026-10-05,7523,0,5700
2026-10-05,7524,13900,723900
2026-10-05,7525,100,24000
2026-10-05,7527,0,9755300
2026-10-05,7531,0,8200
2026-10-05,7532,872600,12513300
2026-10-05,7537,41000,81500
2026-10-05,7538,0,51300
2026-10-05,7539,9800,67300
2026-10-05,7544,0,213700
2026-10-05,7545,46200,89200
2026-10-05,7550,220600,142800
2026-10-05,7551,1300,420200
2026-10-05,7552,124900,193800
2026-10-05,7554,85600,54000
2026-10-05,7555,0,27100
2026-10-05,7561,1900,239100
2026-10-05,7562,0,2600
2026-10-05,7564,69000,1035800
2026-10-05,7565,0,2500
2026-10-05,7567,0,176500
2026-10-05,7570,1400,42900
2026-10-05,7571,12400,769500
2026-10-05,7575,47900,213300
2026-10-05,7578,0,1513800
2026-10-05,7581,38300,768400
2026-10-05,7585,0,26800
2026-10-05,7590,30000,336300
2026-10-05,7593,18300,628600
2026-10-05,7595,9000,207200
2026-10-05,7596,7200,14700
2026-10-05,7599,238000,1504400
2026-10-05,7600,164400,2495000
2026-10-05,7601,0,223800
2026-10-05,7602,290100,524100
2026-10-05,7603,0,5128900
2026-10-05,7604,0,25500
2026-10-05,7606,13900,217600
2026-10-05,7607,6400,41000
2026-10-05,7608,15800,472300
2026-10-05,7609,17300,374700
2026-10-05,7610,55000,4393100
2026-10-05,7611,31600,108400
2026-10-05,7613,77400,239400
2026-10-05,7614,0,122200
2026-10-05,7615,0,1590500
2026-10-05,7616,1309000,74000
2026-10-05,7619,1500,251200
2026-10-05,7621,0,8400
2026-10-05,7624,1600,2082400
2026-10-05,7625,1300,376200
2026-10-05,7628,6800,33200
2026-10-05,7630,80100,958600
2026-10-05,7634,0,19100
2026-10-05,7636,0,51100
2026-10-05,7637,3300,55500
2026-10-05,7638,200,252700
2026-10-05,7640,57700,419000
2026-10-05,7643,0,6200
2026-10-05,7646,0,78700
2026-10-05,7649,60700,724900
2026-10-05,7670,0,79600
2026-10-05,7673,0,38300
2026-10-05,7674,0,38800
2026-10-05,7677,0,2800
2026-10-05,7678,78600,27700
2026-10-05,7679,15100,200600
2026-10-05,7681,0,100100
2026-10-05,7682,0,227800
2026-10-05,7683,100,238200
2026-10-05,7685,0,1230400
2026-10-05,7686,1200,301900
2026-10-05,7687,0,132800
2026-10-05,7689,0,122600
2026-10-05,7692,0,4176200
2026-10-05,7694,1800,171800
2026-10-05,7695,0,121600
2026-10-05,7698,0,3600
2026-10-05,7699,0,24100
2026-10-05,7701,13400,209100
2026-10-05,7702,4100,186700
2026-10-05,7707,229800,1818800
2026-10-05,7711,0,418300
2026-10-05,7713,0,208100
2026-10-05,7715,10600,240900
2026-10-05,7716,23600,482400
2026-10-05,7717,30700,680400
2026-10-05,7719,0,508100
2026-10-05,7721,30300,315500
2026-10-05,7722,0,240600
2026-10-05,7723,1700,66800
2026-10-05,7725,31400,278700
2026-10-05,7726,18100,147600
2026-10-05,7727,93200,471900
2026-10-05,7729,32700,81900
2026-10-05,7730,32500,325300
2026-10-05,7731,201500,286700
2026-10-05,7733,171000,596000
2026-10-05,7734,9600,18500
2026-10-05,7735,198000,944600
2026-10-05,7740,81300,667000
2026-10-05,7741,21400,227900
2026-10-05,7743,6700,19800
2026-10-05,7744,10400,833300
2026-10-05,7745,4100,72700
2026-10-05,7746,526000,2122800
2026-10-05,7747,18500,400700
2026-10-05,7749,0,13600
2026-10-05,7751,180200,1184400
2026-10-05,7752,163800,188500
2026-10-05,7760,0,367000
2026-10-05,7762,45900,295700
2026-10-05,7769,6800,55100
2026-10-05,7771,0,741900
2026-10-05,7774,190900,480500
2026-10-05,7775,0,128700
2026-10-05,7776,0,2471300
2026-10-05,7777,0,12367200
2026-10-05,7779,782500,8062100
2026-10-05,7780,23800,139500
2026-10-05,7781,0,499800
2026-10-05,7782,500,46800
2026-10-05,7791,0,36600
2026-10-05,7792,0,119900
2026-10-05,7793,0,130000
2026-10-05,7794,100,1072100
2026-10-05,7795,3400,364700
2026-10-05,7800,0,305600
2026-10-05,7803,570100,1851300
2026-10-05,7804,0,64900
2026-10-05,7805,12300,28000
2026-10-05,7806,58300,209700
2026-10-05,7807,0,113200
2026-10-05,7808,0,347000
2026-10-05,7809,0,48500
2026-10-05,7810,115400,900500
2026-10-05,7811,18500,136400
2026-10-05,7812,300,104800
2026-10-05,7813,0,69100
2026-10-05,7814,22200,33300
2026-10-05,7815,0,124200
2026-10-05,7818,91300,96000
2026-10-05,7819,20000,145100
2026-10-05,7820,38200,188800
2026-10-05,7821,4300,36500
2026-10-05,7822,500,261200
2026-10-05,7823,44700,26600
2026-10-05,7826,46700,638100
2026-10-05,7827,0,97200
2026-10-05,7831,0,1261700
2026-10-05,7832,78500,286100
2026-10-05,7833,600,70700
2026-10-05,7836,0,1572900
2026-10-05,7837,0,214500
2026-10-05,7839,11000,40800
2026-10-05,7840,28600,29400
2026-10-05,7841,0,654700
2026-10-05,7844,55200,598900
2026-10-05,7846,30300,35800
2026-10-05,7847,100,54600
2026-10-05,7849,0,109300
2026-10-05,7850,0,15600
2026-10-05,7856,102800,117100
2026-10-05,7857,0,5400
2026-10-05,7859,100,4005900
2026-10-05,7860,14500,111400
2026-10-05,7863,0,99400
2026-10-05,7864,33200,346000
2026-10-05,7865,0,64800
2026-10-05,7867,84100,222100
2026-10-05,7868,557300,12205600
2026-10-05,7871,0,94000
2026-10-05,7872,0,16300
2026-10-05,7874,18100,79800
2026-10-05,7875,0,136600
2026-10-05,7877,0,11200
2026-10-05,7878,0,49100
2026-10-05,7879,0,152600
2026-10-05,7883,0,148000
2026-10-05,7885,19600,51100
2026-10-05,7886,0,147800
2026-10-05,7887,0,114000
2026-10-05,7888,16300,445600
2026-10-05,7893,6800,34900
2026-10-05,7896,0,6300
2026-10-05,7897,41600,747700
2026-10-05,7898,100,231800
2026-10-05,7901,0,50600
2026-10-05,7902,0,66300
2026-10-05,7906,22400,749500
2026-10-05,7908,3100,654200
2026-10-05,7911,94400,761500
2026-10-05,7912,31600,223600
2026-10-05,7914,15000,115700
2026-10-05,7915,80400,414000
2026-10-05,7916,0,108800
2026-10-05,7917,1500,118800
2026-10-05,7918,0,952300
2026-10-05,7919,0,183800
2026-10-05,7921,10300,33500
2026-10-05,7927,3000,76700
2026-10-05,7928,0,49400
2026-10-05,7931,41000,15500
2026-10-05,7932,0,134700
2026-10-05,7936,369900,3480200
2026-10-05,7937,4400,35700
2026-10-05,7938,0,19800
2026-10-05,7939,0,15000
2026-10-05,7942,10200,59500
2026-10-05,7943,8700,18500
2026-10-05,7944,15000,55800
2026-10-05,7947,32500,126100
2026-10-05,7949,45700,96200
2026-10-05,7951,166300,317500
2026-10-05,7952,17400,33300
2026-10-05,7953,0,89500
2026-10-05,7955,3800,195100
2026-10-05,7956,76000,262700
2026-10-05,7957,400,151800
2026-10-05,7962,207900,36300
2026-10-05,7963,0,67800
2026-10-05,7965,1162700,105200
2026-10-05,7966,388800,1938600
2026-10-05,7970,26800,115500
2026-10-05,7971,7300,543600
2026-10-05,7972,18100,241600
2026-10-05,7974,679200,9924400
2026-10-05,7975,0,33600
2026-10-05,7976,51200,23300
2026-10-05,7979,9700,31600
2026-10-05,7980,0,258000
2026-10-05,7981,35400,86300
2026-10-05,7983,0,50700
2026-10-05,7984,28100,67200
2026-10-05,7986,0,44500
2026-10-05,7987,7300,125200
2026-10-05,7988,42600,169000
2026-10-05,7989,16500,27200
2026-10-05,7990,2100,57000
2026-10-05,7991,12500,350700
2026-10-05,7992,0,377500
2026-10-05,7994,37700,166100
2026-10-05,7995,22800,60900
2026-10-05,7997,0,46700
2026-10-05,8001,1275900,13101500
2026-10-05,8002,161000,3341900
2026-10-05,8005,9600,285000
2026-10-05,8006,0,9400
2026-10-05,8007,21900,441000
2026-10-05,8008,21200,84100
2026-10-05,8011,313300,248800
2026-10-05,8012,57300,259200
2026-10-05,8013,0,461400
2026-10-05,8014,600,25700
2026-10-05,8015,47300,539200
2026-10-05,8016,78500,925300
2026-10-05,8018,7900,218100
2026-10-05,8020,13700,286500
2026-10-05,8022,20200,32600
2026-10-05,8023,7900,233600
2026-10-05,8025,0,7600
2026-10-05,8029,9800,20400
2026-10-05,8030,100,56800
2026-10-05,8031,107500,5058200
2026-10-05,8032,9500,21700
2026-10-05,8035,817600,10368400
2026-10-05,8037,21700,20300
2026-10-05,8039,0,9300
2026-10-05,8040,0,23200
2026-10-05,8041,4800,33400
2026-10-05,8043,12000,112000
2026-10-05,8045,0,6400
2026-10-05,8046,400,259000
2026-10-05,8050,48900,96300
2026-10-05,8051,100400,63500
2026-10-05,8052,34400,12800
2026-10-05,8053,479900,5590100
2026-10-05,8056,25400,36700
2026-10-05,8057,39700,51600
2026-10-05,8058,830300,6576900
2026-10-05,8059,38800,17600
2026-10-05,8060,14700,39400
2026-10-05,8061,2700,136200
2026-10-05,8065,1200,244000
2026-10-05,8066,17300,7300
2026-10-05,8070,10400,197500
2026-10-05,8074,6800,14600
2026-10-05,8075,6100,59800
2026-10-05,8076,1000,81500
2026-10-05,8077,1500,370300
2026-10-05,8078,21200,247800
2026-10-05,8079,151400,40200
2026-10-05,8081,900,21400
2026-10-05,8084,43900,162700
2026-10-05,8085,0,21100
2026-10-05,8086,20900,349800
2026-10-05,8088,27700,1733000
2026-10-05,8089,0,49700
2026-10-05,8091,900,187700
2026-10-05,8093,10400,111300
2026-10-05,8095,25100,367800
2026-10-05,8097,66300,74100
2026-10-05,8098,7400,36500
2026-10-05,8101,2500,34300
2026-10-05,8103,34100,479800
2026-10-05,8104,0,74800
2026-10-05,8105,0,7688100
2026-10-05,8107,0,1232400
2026-10-05,8111,66800,307400
2026-10-05,8113,129400,2458600
2026-10-05,8115,0,60000
2026-10-05,8117,40200,525100
2026-10-05,8118,5400,17600
2026-10-05,8119,0,25500
2026-10-05,8123,0,6900
2026-10-05,8125,99600,85200
2026-10-05,8127,29400,51600
2026-10-05,8129,38000,62900
2026-10-05,8130,35400,120900
2026-10-05,8131,24500,11700
2026-10-05,8132,5300,3900
2026-10-05,8133,48600,62500
2026-10-05,8135,0,284200
2026-10-05,8136,1452400,18051700
2026-10-05,8137,24800,55100
2026-10-05,8138,0,4200
2026-10-05,8139,0,1266900
2026-10-05,8141,0,10700
2026-10-05,8142,6800,70700
2026-10-05,8143,0,181500
2026-10-05,8144,0,163200
2026-10-05,8147,0,25000
2026-10-05,8150,6900,115700
2026-10-05,8151,25200,317400
2026-10-05,8152,0,59000
2026-10-05,8153,73000,30600
2026-10-05,8154,13000,77000
2026-10-05,8157,14500,87100
2026-10-05,8158,7500,55100
2026-10-05,8159,3400,23100
2026-10-05,8160,109200,54600
2026-10-05,8163,356000,64600
2026-10-05,8165,265400,1448600
2026-10-05,8166,0,699200
2026-10-05,8167,55300,20800
2026-10-05,8173,67800,30500
2026-10-05,8174,26400,77100
2026-10-05,8179,117500,137700
2026-10-05,8181,0,87100
2026-10-05,8185,134500,394200
2026-10-05,8194,81500,68500
2026-10-05,8198,100,31100
2026-10-05,8200,208800,34200
2026-10-05,8202,34400,2099300
2026-10-05,8203,2200,272400
2026-10-05,8207,1000,50600
2026-10-05,8214,23200,154800
2026-10-05,8217,83500,67600
2026-10-05,8218,16700,12200
2026-10-05,8219,51500,578900
2026-10-05,8225,0,5800
2026-10-05,8226,0,1108600
2026-10-05,8227,36300,268600
2026-10-05,8230,7600,98200
2026-10-05,8233,365700,929200
2026-10-05,8237,384600,140300
2026-10-05,8242,18100,54200
2026-10-05,8244,71700,36200
2026-10-05,8247,0,375000
2026-10-05,8252,57200,444300
2026-10-05,8253,12800,255800
2026-10-05,8254,0,137100
2026-10-05,8255,45000,14500
2026-10-05,8260,3900,425500
2026-10-05,8267,1453900,10322500
2026-10-05,8273,112600,197900
2026-10-05,8275,16100,32600
2026-10-05,8276,38200,24000
2026-10-05,8278,128300,21400
2026-10-05,8281,33600,169900
2026-10-05,8282,28100,106300
2026-10-05,8285,109600,1334000
2026-10-05,8291,6900,381700
2026-10-05,8303,154900,10324900
2026-10-05,8304,583700,2414700
2026-10-05,8306,1841100,38151900
2026-10-05,8308,436100,2620500
2026-10-05,8309,111600,5419000
2026-10-05,8316,1200500,27282500
2026-10-05,8331,820300,498600
2026-10-05,8334,104800,303200
2026-10-05,8336,4500,306400
2026-10-05,8337,25600,396200
2026-10-05,8338,360500,2664600
2026-10-05,8341,38500,552800
2026-10-05,8343,99000,703400
2026-10-05,8344,36800,94500
2026-10-05,8345,34000,506700
2026-10-05,8346,227300,578300
2026-10-05,8349,1700,110000
2026-10-05,8354,40800,395100
2026-10-05,8358,130800,823800
2026-10-05,8359,138800,363600
2026-10-05,8360,93000,3615800
2026-10-05,8361,197600,983200
2026-10-05,8362,30800,69300
2026-10-05,8364,15500,423900
2026-10-05,8365,24000,110900
2026-10-05,8366,83900,318100
2026-10-05,8367,23800,654700
2026-10-05,8368,239200,377500
2026-10-05,8370,10800,278200
2026-10-05,8377,335400,1722600
2026-10-05,8381,76500,196900
2026-10-05,8383,4100,152300
2026-10-05,8386,35100,314700
2026-10-05,8387,65600,497300
2026-10-05,8388,173900,1434000
2026-10-05,8392,30100,716900
2026-10-05,8393,42300,901300
2026-10-05,8395,3300,464800
2026-10-05,8399,20900,255900
2026-10-05,8410,5590500,3571600
2026-10-05,8411,810000,6850300
2026-10-05,8416,12100,334600
2026-10-05,8418,29100,287100
2026-10-05,8421,39,288
2026-10-05,8424,5500,146100
2026-10-05,8425,43800,584500
2026-10-05,8439,16100,337800
2026-10-05,8473,56500,6225600
2026-10-05,8508,170400,6912400
2026-10-05,8511,55500,366200
2026-10-05,8518,0,1554900
2026-10-05,8522,7200,98000
2026-10-05,8524,114400,1215900
2026-10-05,8537,6100,176300
2026-10-05,8541,27400,213900
2026-10-05,8542,6000,180600
2026-10-05,8544,42100,410200
2026-10-05,8550,113700,1481000
2026-10-05,8551,58800,998000
2026-10-05,8558,45200,235600
2026-10-05,8562,432700,845600
2026-10-05,8563,8600,770000
2026-10-05,8566,16000,19000
2026-10-05,8570,11300,1278300
2026-10-05,8572,33200,3436800
2026-10-05,8584,13400,303600
2026-10-05,8585,47300,2179600
2026-10-05,8591,83100,1951500
2026-10-05,8593,74100,3618800
2026-10-05,8595,94500,520400
2026-10-05,8596,1200,228300
2026-10-05,8600,4600,1667100
2026-10-05,8601,142400,2819300
2026-10-05,8604,429000,10642900
2026-10-05,8609,50200,618300
2026-10-05,8613,144500,351200
2026-10-05,8614,385400,1460600
2026-10-05,8616,44600,542000
2026-10-05,8617,4900,468200
2026-10-05,8622,37200,466000
2026-10-05,8624,13100,144500
2026-10-05,8628,273400,708300
2026-10-05,8630,34800,568100
2026-10-05,8697,449200,381600
2026-10-05,8698,1694400,4936700
2026-10-05,8699,3000,9148000
2026-10-05,8700,0,70600
2026-10-05,8704,15300,465600
2026-10-05,8705,131100,980000
2026-10-05,8706,37400,331800
2026-10-05,8707,32000,200600
2026-10-05,8708,69300,344000
2026-10-05,8713,12400,201000
2026-10-05,8714,146200,5012800
2026-10-05,8715,65900,536300
2026-10-05,8725,68300,1961400
2026-10-05,8729,7084400,86208100
2026-10-05,8737,0,651900
2026-10-05,8739,158000,98900
2026-10-05,8742,36000,265900
2026-10-05,8746,3000,1532600
2026-10-05,8747,0,188000
2026-10-05,8750,205200,2640700
2026-10-05,8766,1613900,49229500
2026-10-05,8769,5400,478800
2026-10-05,8771,35500,601000
2026-10-05,8772,0,70000
2026-10-05,8783,0,2642500
2026-10-05,8789,348500,4188100
2026-10-05,8793,4100,34400
2026-10-05,8795,115900,279200
2026-10-05,8798,0,971500
2026-10-05,8801,1230600,3493300
2026-10-05,8802,449000,1076900
2026-10-05,8803,33200,147300
2026-10-05,8804,75400,155600
2026-10-05,8818,415900,292400
2026-10-05,8830,369800,1622800
2026-10-05,8835,33000,220300
2026-10-05,8836,0,725700
2026-10-05,8841,205200,210000
2026-10-05,8844,2700,694300
2026-10-05,8848,109900,1948400
2026-10-05,8850,6300,24800
2026-10-05,8860,12400,283500
2026-10-05,8864,6500,238700
2026-10-05,8869,61000,407400
2026-10-05,8871,18300,160200
2026-10-05,8876,23800,49500
2026-10-05,8877,4400,96000
2026-10-05,8881,14900,905400
2026-10-05,8887,45000,1517500
2026-10-05,8891,0,105900
2026-10-05,8892,37900,308600
2026-10-05,8894,0,5321900
2026-10-05,8897,147700,1101200
2026-10-05,8898,0,63000
2026-10-05,8904,0,166600
2026-10-05,8908,600,120000
2026-10-05,8912,150000,352900
2026-10-05,8914,32500,1001400
2026-10-05,8917,80600,634900
2026-10-05,8918,0,80558200
2026-10-05,8919,34100,45600
2026-10-05,8920,8300,478600
2026-10-05,8923,47600,207300
2026-10-05,8927,158900,551200
2026-10-05,8928,19700,55600
2026-10-05,8929,0,138200
2026-10-05,8931,5900,291100
2026-10-05,8934,17000,710900
2026-10-05,8935,36000,92000
2026-10-05,8938,0,1456500
2026-10-05,8944,0,1099200
2026-10-05,8945,0,27900
2026-10-05,8946,0,1883500
2026-10-05,8951,649,3153
2026-10-05,8952,293,5129
2026-10-05,8953,100,15684
2026-10-05,8954,36,1671
2026-10-05,8955,42,2022
2026-10-05,8956,16,1576
2026-10-05,8957,190,622
2026-10-05,8958,450,5124
2026-10-05,8960,47,3641
2026-10-05,8961,496,2372
2026-10-05,8963,129,52457
2026-10-05,8964,31,6677
2026-10-05,8966,83,18493
2026-10-05,8967,65,1524
2026-10-05,8968,23,518
2026-10-05,8972,76,5806
2026-10-05,8975,279,3811
2026-10-05,8976,3,480
2026-10-05,8977,153,1121
2026-10-05,8979,44,851
2026-10-05,8984,92,5930
2026-10-05,8985,689,44520
2026-10-05,8986,262,4032
2026-10-05,8987,136,800
2026-10-05,8995,400,136900
2026-10-05,8996,3500,52000
2026-10-05,8999,11800,363800
2026-10-05,9001,12700,375700
2026-10-05,9003,31700,155900
2026-10-05,9005,69400,1808400
2026-10-05,9006,98000,179400
2026-10-05,9007,137500,380400
2026-10-05,9008,27700,2015400
2026-10-05,9009,98100,384500
2026-10-05,9010,111000,48100
2026-10-05,9012,0,1600
2026-10-05,9017,0,6800
2026-10-05,9020,58700,1078100
2026-10-05,9021,61700,1880800
2026-10-05,9022,370400,776000
2026-10-05,9023,159600,1273300
2026-10-05,9024,365700,217700
2026-10-05,9025,200,26200
2026-10-05,9028,800,40700
2026-10-05,9029,0,80100
2026-10-05,9031,10900,97400
2026-10-05,9033,0,52900
2026-10-05,9034,0,43200
2026-10-05,9036,0,161300
2026-10-05,9037,5800,148600
2026-10-05,9039,35700,8200
2026-10-05,9041,59200,847500
2026-10-05,9042,49200,270000
2026-10-05,9044,68500,50000
2026-10-05,9045,38800,341400
2026-10-05,9046,38600,21400
2026-10-05,9048,24700,353600
2026-10-05,9049,0,1100
2026-10-05,9051,0,1400
2026-10-05,9052,38300,50300
2026-10-05,9057,0,35000
2026-10-05,9059,200,70500
2026-10-05,9060,0,3300
2026-10-05,9063,0,72700
2026-10-05,9064,57700,177000
2026-10-05,9065,11100,276300
2026-10-05,9068,9900,46400
2026-10-05,9069,29400,56600
2026-10-05,9072,30000,212300
2026-10-05,9073,0,4400
2026-10-05,9074,300,42600
2026-10-05,9075,9200,24500
2026-10-05,9076,16700,74600
2026-10-05,9081,9100,6400
2026-10-05,9082,0,24100
2026-10-05,9083,0,3900
2026-10-05,9087,0,4800
2026-10-05,9090,237300,322800
2026-10-05,9101,613800,1320700
2026-10-05,9104,329200,1217400
2026-10-05,9107,788000,1795700
2026-10-05,9110,4100,21100
2026-10-05,9115,0,1987000
2026-10-05,9119,91100,124600
2026-10-05,9127,0,31300
2026-10-05,9130,125900,317700
2026-10-05,9142,53300,695300
2026-10-05,9143,115900,778300
2026-10-05,9145,900,2533400
2026-10-05,9147,26700,63200
2026-10-05,9158,87400,642500
2026-10-05,9159,0,301500
2026-10-05,9160,11200,560900
2026-10-05,9162,0,1141500
2026-10-05,9163,0,380400
2026-10-05,9165,0,84700
2026-10-05,9166,388800,5857200
2026-10-05,9168,0,1160300
2026-10-05,9171,0,559100
2026-10-05,9173,0,5200
2026-10-05,9193,0,94400
2026-10-05,9201,156600,1094300
2026-10-05,9202,152400,744000
2026-10-05,9204,0,3034800
2026-10-05,9206,0,35200
2026-10-05,9211,0,703600
2026-10-05,9212,0,971200
2026-10-05,9213,0,199600
2026-10-05,9214,0,13900
2026-10-05,9215,0,28800
2026-10-05,9216,27400,168500
2026-10-05,9218,31000,153200
2026-10-05,9219,3800,77400
2026-10-05,9220,0,66400
2026-10-05,9221,0,51700
2026-10-05,9225,0,7900
2026-10-05,9227,601900,1105300
2026-10-05,9229,0,2172200
2026-10-05,9233,14500,66600
2026-10-05,9235,0,584900
2026-10-05,9236,0,56900
2026-10-05,9237,0,208900
2026-10-05,9238,0,90400
2026-10-05,9240,0,159900
2026-10-05,9241,0,16600
2026-10-05,9242,0,32700
2026-10-05,9244,0,41800
2026-10-05,9245,0,87200
2026-10-05,9246,0,16400
2026-10-05,9247,13900,211100
2026-10-05,9248,2100,148200
2026-10-05,9249,0,14300
2026-10-05,9250,0,90900
2026-10-05,9251,600,98600
2026-10-05,9252,0,178500
2026-10-05,9253,0,46800
2026-10-05,9254,0,48200
2026-10-05,9256,0,256800
2026-10-05,9257,0,3932800
2026-10-05,9258,0,326800
2026-10-05,9259,0,287600
2026-10-05,9262,3000,200000
2026-10-05,9264,5500,113200
2026-10-05,9265,0,387700
2026-10-05,9267,12500,82600
2026-10-05,9268,11900,4257300
2026-10-05,9270,7100,416300
2026-10-05,9271,0,283600
2026-10-05,9272,0,573900
2026-10-05,9273,10200,175000
2026-10-05,9274,63600,96000
2026-10-05,9278,163700,70400
2026-10-05,9279,46300,416800
2026-10-05,9282,0,6801
2026-10-05,9284,6,12581
2026-10-05,9285,0,6457
2026-10-05,9286,103,33323
2026-10-05,9301,115400,191500
2026-10-05,9302,33400,49000
2026-10-05,9303,13500,21000
2026-10-05,9304,194100,154000
2026-10-05,9305,119100,59100
2026-10-05,9306,300,305300
2026-10-05,9307,10100,122300
2026-10-05,9308,41000,72600
2026-10-05,9310,17400,22400
2026-10-05,9311,0,6000
2026-10-05,9312,800,76500
2026-10-05,9313,0,62400
2026-10-05,9319,52800,887300
2026-10-05,9322,0,21000
2026-10-05,9324,10100,42200
2026-10-05,9325,0,176400
2026-10-05,9326,0,145700
2026-10-05,9327,0,1239600
2026-10-05,9330,0,19900
2026-10-05,9331,0,50500
2026-10-05,9332,64900,252700
2026-10-05,9336,21000,51900
2026-10-05,9337,0,434600
2026-10-05,9339,0,24600
2026-10-05,9340,0,366100
2026-10-05,9341,0,572600
2026-10-05,9342,0,79700
2026-10-05,9343,0,1651800
2026-10-05,9344,0,198200
2026-10-05,9345,0,103500
2026-10-05,9346,0,80500
2026-10-05,9347,12500,14300
2026-10-05,9348,8000,5279300
2026-10-05,9351,100,26100
2026-10-05,9353,0,17700
2026-10-05,9355,0,5500
2026-10-05,9360,0,47400
2026-10-05,9361,0,8900
2026-10-05,9362,0,1600
2026-10-05,9363,0,170800
2026-10-05,9364,3800,64900
2026-10-05,9365,0,12600
2026-10-05,9366,3900,91900
2026-10-05,9367,0,2400
2026-10-05,9368,4100,30100
2026-10-05,9369,3100,74700
2026-10-05,9376,200,24500
2026-10-05,9380,4300,44300
2026-10-05,9381,400,36800
2026-10-05,9385,2300,88200
2026-10-05,9401,13500,67300
2026-10-05,9404,38300,139200
2026-10-05,9405,21400,83600
2026-10-05,9408,0,6600
2026-10-05,9409,13900,468000
2026-10-05,9412,564400,4317800
2026-10-05,9413,3500,81900
2026-10-05,9414,13800,686600
2026-10-05,9416,144500,2802800
2026-10-05,9417,99800,176800
2026-10-05,9418,102000,4730400
2026-10-05,9419,0,208200
2026-10-05,9421,0,17800
2026-10-05,9423,15900,312100
2026-10-05,9424,1196300,9287800
2026-10-05,9425,0,3365800
2026-10-05,9428,100,18200
2026-10-05,9432,15696500,90785500
2026-10-05,9433,821700,1099300
2026-10-05,9434,3456000,24479700
2026-10-05,9435,2800,424000
2026-10-05,9436,22200,193900
2026-10-05,9438,53800,79500
2026-10-05,9439,0,166500
2026-10-05,9441,200,23500
2026-10-05,9444,0,99500
2026-10-05,9445,100,41600
2026-10-05,9446,0,252400
2026-10-05,9449,28000,89700
2026-10-05,9450,9600,389300
2026-10-05,9466,1400,172000
2026-10-05,9467,400,326100
2026-10-05,9468,214400,58500
2026-10-05,9470,17100,102500
2026-10-05,9474,53800,306500
2026-10-05,9475,0,5400
2026-10-05,9476,0,45400
2026-10-05,9478,0,1742200
2026-10-05,9501,1418900,80683000
2026-10-05,9502,213000,799400
2026-10-05,9503,172900,1098400
2026-10-05,9504,106400,2401500
2026-10-05,9505,64500,1190000
2026-10-05,9506,113200,4366500
2026-10-05,9507,104900,255400
2026-10-05,9509,2664000,4279200
2026-10-05,9511,44100,371300
2026-10-05,9513,34800,847900
2026-10-05,9514,400,729700
2026-10-05,9517,69700,812700
2026-10-05,9519,434800,2449500
2026-10-05,9531,14800,142800
2026-10-05,9532,50800,215900
2026-10-05,9533,54400,52500
2026-10-05,9534,19800,92200
2026-10-05,9535,52000,76700
2026-10-05,9536,21600,25900
2026-10-05,9537,0,2900
2026-10-05,9539,8600,555800
2026-10-05,9543,48600,56500
2026-10-05,9551,4600,80100
2026-10-05,9552,51500,751200
2026-10-05,9553,168400,1027600
2026-10-05,9554,0,167800
2026-10-05,9556,0,152000
2026-10-05,9557,0,448400
2026-10-05,9558,1900,77800
2026-10-05,9560,58300,533800
2026-10-05,9561,0,321300
2026-10-05,9562,0,46900
2026-10-05,9563,0,316300
2026-10-05,9564,0,409200
2026-10-05,9565,0,84400
2026-10-05,9601,47400,34000
2026-10-05,9602,124700,866500
2026-10-05,9603,159500,1405700
2026-10-05,9605,19300,5800
2026-10-05,9610,0,992000
2026-10-05,9612,100,201300
2026-10-05,9616,87700,508000
2026-10-05,9619,8600,56400
2026-10-05,9621,28500,51900
2026-10-05,9622,15000,94500
2026-10-05,9625,0,257800
2026-10-05,9627,14100,78800
2026-10-05,9628,25500,281200
2026-10-05,9629,13000,33100
2026-10-05,9632,27200,222300
2026-10-05,9633,6200,124600
2026-10-05,9635,0,4400
2026-10-05,9636,0,5600
2026-10-05,9639,0,243600
2026-10-05,9640,0,62900
2026-10-05,9644,38600,124100
2026-10-05,9647,0,17700
2026-10-05,9651,0,79500
2026-10-05,9656,0,21500
2026-10-05,9658,1100,206500
2026-10-05,9661,0,30700
2026-10-05,9663,73100,63200
2026-10-05,9672,10000,98900
2026-10-05,9678,19600,59000
2026-10-05,9679,0,4600
2026-10-05,9682,58300,85500
2026-10-05,9684,142500,302300
2026-10-05,9685,0,82700
2026-10-05,9686,0,35000
2026-10-05,9687,12100,33300
2026-10-05,9691,0,1100
2026-10-05,9692,16100,109600
2026-10-05,9697,458500,539700
2026-10-05,9698,0,140100
2026-10-05,9699,20300,39000
2026-10-05,9701,0,2300
2026-10-05,9702,20000,269400
2026-10-05,9704,0,7358800
2026-10-05,9706,193400,98200
2026-10-05,9708,8100,191600
2026-10-05,9709,0,86700
2026-10-05,9713,0,54800
2026-10-05,9715,20700,17000
2026-10-05,9716,36100,299100
2026-10-05,9720,0,1800
2026-10-05,9722,217200,97000
2026-10-05,9723,0,19000
2026-10-05,9726,200,39900
2026-10-05,9729,3500,14200
2026-10-05,9731,0,24400
2026-10-05,9733,0,91800
2026-10-05,9735,12900,54400
2026-10-05,9739,0,110800
2026-10-05,9740,400,28200
2026-10-05,9742,26800,15400
2026-10-05,9743,42300,500200
2026-10-05,9744,44500,237700
2026-10-05,9746,3600,16000
2026-10-05,9753,0,316800
2026-10-05,9755,13400,127000
2026-10-05,9757,141000,251600
2026-10-05,9759,44500,84700
2026-10-05,9760,53100,500200
2026-10-05,9761,0,48500
2026-10-05,9763,2100,110600
2026-10-05,9765,3600,67300
2026-10-05,9766,102700,45600
2026-10-05,9767,0,24400
2026-10-05,9768,0,115300
2026-10-05,9769,200,69500
2026-10-05,9778,0,2700
2026-10-05,9780,0,39500
2026-10-05,9782,0,146600
2026-10-05,9788,10700,152600
2026-10-05,9790,3800,26300
2026-10-05,9791,0,276300
2026-10-05,9793,7100,74100
2026-10-05,9795,2000,30900
2026-10-05,9799,0,98200
2026-10-05,9812,0,159700
2026-10-05,9816,0,554800
2026-10-05,9818,0,4300
2026-10-05,9820,0,14600
2026-10-05,9823,0,590300
2026-10-05,9824,47400,30900
2026-10-05,9827,0,133200
2026-10-05,9828,18100,123500
2026-10-05,9830,5900,93400
2026-10-05,9831,299800,906000
2026-10-05,9832,39200,111400
2026-10-05,9835,600,11100
2026-10-05,9837,2600,82600
2026-10-05,9842,22700,180100
2026-10-05,9843,372000,1010500
2026-10-05,9845,0,60900
2026-10-05,9846,0,61200
2026-10-05,9849,0,400
2026-10-05,9850,127100,66700
2026-10-05,9853,0,30700
2026-10-05,9854,0,501100
2026-10-05,9856,2300,204400
2026-10-05,9857,0,24400
2026-10-05,9861,209600,86100
2026-10-05,9867,0,7500
2026-10-05,9869,8200,1800
2026-10-05,9872,4200,54400
2026-10-05,9876,0,483500
2026-10-05,9878,0,115600
2026-10-05,9880,700,397000
2026-10-05,9882,30400,86900
2026-10-05,9885,0,237900
2026-10-05,9887,46900,57200
2026-10-05,9888,0,511700
2026-10-05,9889,31200,129000
2026-10-05,9890,0,166600
2026-10-05,9895,0,13300
2026-10-05,9896,4200,214500
2026-10-05,9900,503300,32100
2026-10-05,9902,11200,48400
2026-10-05,9903,200,27800
2026-10-05,9904,0,97800
2026-10-05,9906,0,26100
2026-10-05,9908,0,48700
2026-10-05,9913,22500,396100
2026-10-05,9928,6000,20000
2026-10-05,9929,0,6500
2026-10-05,9930,1100,691400
2026-10-05,9932,5500,76200
2026-10-05,9934,8900,70400
2026-10-05,9936,120000,62700
2026-10-05,9941,0,275500
2026-10-05,9946,151400,44100
2026-10-05,9948,20900,15400
2026-10-05,9950,0,3600
2026-10-05,9955,0,5900
2026-10-05,9956,10900,227500
2026-10-05,9959,2300,168500
2026-10-05,9960,11900,40700
2026-10-05,9962,27500,50600
2026-10-05,9969,2600,84100
2026-10-05,9972,1200,2762400
2026-10-05,9973,0,6902000
2026-10-05,9974,3400,19000
2026-10-05,9976,0,11400
2026-10-05,9978,0,2320800
2026-10-05,9979,104800,100500
2026-10-05,9980,0,1807800
2026-10-05,9982,0,40900
2026-10-05,9983,173800,396400
2026-10-05,9984,4803200,29768100
2026-10-05,9986,0,7100
2026-10-05,9987,37500,29500
2026-10-05,9989,3600,236700
2026-10-05,9990,47500,194800
2026-10-05,9991,2300,97100
2026-10-05,9993,0,10200
2026-10-05,9994,3400,241400
2026-10-05,9996,500,2400
2026-10-05,9997,21800,312000
